date,sku_id,category,units,promo_flag
2023-01-01,SKU-B-01,Beverages,80,0
2023-01-02,SKU-B-01,Beverages,49,0
2023-01-03,SKU-B-01,Beverages,82,0
2023-01-04,SKU-B-01,Beverages,97,0
2023-01-05,SKU-B-01,Beverages,135,0
2023-01-06,SKU-B-01,Beverages,54,0
2023-01-07,SKU-B-01,Beverages,175,0
2023-01-08,SKU-B-01,Beverages,59,0
2023-01-09,SKU-B-01,Beverages,69,0
2023-01-10,SKU-B-01,Beverages,78,0
2023-01-11,SKU-B-01,Beverages,68,0
2023-01-12,SKU-B-01,Beverages,125,0
2023-01-13,SKU-B-01,Beverages,92,0
2023-01-14,SKU-B-01,Beverages,110,0
2023-01-15,SKU-B-01,Beverages,122,0
2023-01-16,SKU-B-01,Beverages,68,0
2023-01-17,SKU-B-01,Beverages,80,0
2023-01-18,SKU-B-01,Beverages,104,0
2023-01-19,SKU-B-01,Beverages,121,0
2023-01-20,SKU-B-01,Beverages,176,0
2023-01-21,SKU-B-01,Beverages,106,0
2023-01-22,SKU-B-01,Beverages,206,0
2023-01-23,SKU-B-01,Beverages,81,0
2023-01-24,SKU-B-01,Beverages,74,0
2023-01-25,SKU-B-01,Beverages,144,0
2023-01-26,SKU-B-01,Beverages,98,0
2023-01-27,SKU-B-01,Beverages,127,0
2023-01-28,SKU-B-01,Beverages,229,0
2023-01-29,SKU-B-01,Beverages,135,0
2023-01-30,SKU-B-01,Beverages,141,0
2023-01-31,SKU-B-01,Beverages,71,0
2023-02-01,SKU-B-01,Beverages,49,0
2023-02-02,SKU-B-01,Beverages,86,0
2023-02-03,SKU-B-01,Beverages,83,0
2023-02-04,SKU-B-01,Beverages,98,0
2023-02-05,SKU-B-01,Beverages,143,0
2023-02-06,SKU-B-01,Beverages,53,0
2023-02-07,SKU-B-01,Beverages,59,0
2023-02-08,SKU-B-01,Beverages,99,0
2023-02-09,SKU-B-01,Beverages,117,0
2023-02-10,SKU-B-01,Beverages,131,0
2023-02-11,SKU-B-01,Beverages,160,0
2023-02-12,SKU-B-01,Beverages,495,1
2023-02-13,SKU-B-01,Beverages,88,0
2023-02-14,SKU-B-01,Beverages,42,0
2023-02-15,SKU-B-01,Beverages,105,0
2023-02-16,SKU-B-01,Beverages,84,0
2023-02-17,SKU-B-01,Beverages,104,0
2023-02-18,SKU-B-01,Beverages,154,0
2023-02-19,SKU-B-01,Beverages,198,0
2023-02-20,SKU-B-01,Beverages,62,0
2023-02-21,SKU-B-01,Beverages,89,0
2023-02-22,SKU-B-01,Beverages,121,0
2023-02-23,SKU-B-01,Beverages,74,0
2023-02-24,SKU-B-01,Beverages,99,0
2023-02-25,SKU-B-01,Beverages,137,0
2023-02-26,SKU-B-01,Beverages,209,0
2023-02-27,SKU-B-01,Beverages,123,0
2023-02-28,SKU-B-01,Beverages,66,0
2023-03-01,SKU-B-01,Beverages,170,1
2023-03-02,SKU-B-01,Beverages,135,0
2023-03-03,SKU-B-01,Beverages,94,0
2023-03-04,SKU-B-01,Beverages,158,0
2023-03-05,SKU-B-01,Beverages,155,0
2023-03-06,SKU-B-01,Beverages,40,0
2023-03-07,SKU-B-01,Beverages,98,0
2023-03-08,SKU-B-01,Beverages,139,0
2023-03-09,SKU-B-01,Beverages,104,0
2023-03-10,SKU-B-01,Beverages,159,0
2023-03-11,SKU-B-01,Beverages,251,0
2023-03-12,SKU-B-01,Beverages,237,0
2023-03-13,SKU-B-01,Beverages,142,0
2023-03-14,SKU-B-01,Beverages,64,0
2023-03-15,SKU-B-01,Beverages,116,0
2023-03-16,SKU-B-01,Beverages,97,0
2023-03-17,SKU-B-01,Beverages,256,1
2023-03-18,SKU-B-01,Beverages,163,0
2023-03-19,SKU-B-01,Beverages,148,0
2023-03-20,SKU-B-01,Beverages,191,0
2023-03-21,SKU-B-01,Beverages,138,0
2023-03-22,SKU-B-01,Beverages,97,0
2023-03-23,SKU-B-01,Beverages,100,0
2023-03-24,SKU-B-01,Beverages,145,0
2023-03-25,SKU-B-01,Beverages,108,0
2023-03-26,SKU-B-01,Beverages,121,0
2023-03-27,SKU-B-01,Beverages,125,0
2023-03-28,SKU-B-01,Beverages,178,0
2023-03-29,SKU-B-01,Beverages,86,0
2023-03-30,SKU-B-01,Beverages,68,0
2023-03-31,SKU-B-01,Beverages,166,0
2023-04-01,SKU-B-01,Beverages,225,0
2023-04-02,SKU-B-01,Beverages,161,0
2023-04-03,SKU-B-01,Beverages,104,0
2023-04-04,SKU-B-01,Beverages,97,0
2023-04-05,SKU-B-01,Beverages,105,0
2023-04-06,SKU-B-01,Beverages,114,0
2023-04-07,SKU-B-01,Beverages,135,0
2023-04-08,SKU-B-01,Beverages,137,0
2023-04-09,SKU-B-01,Beverages,171,0
2023-04-10,SKU-B-01,Beverages,64,0
2023-04-11,SKU-B-01,Beverages,73,0
2023-04-12,SKU-B-01,Beverages,112,0
2023-04-13,SKU-B-01,Beverages,177,0
2023-04-14,SKU-B-01,Beverages,144,0
2023-04-15,SKU-B-01,Beverages,214,0
2023-04-16,SKU-B-01,Beverages,265,0
2023-04-17,SKU-B-01,Beverages,39,0
2023-04-18,SKU-B-01,Beverages,101,0
2023-04-19,SKU-B-01,Beverages,100,0
2023-04-20,SKU-B-01,Beverages,134,0
2023-04-21,SKU-B-01,Beverages,80,0
2023-04-22,SKU-B-01,Beverages,45,0
2023-04-23,SKU-B-01,Beverages,79,0
2023-04-24,SKU-B-01,Beverages,130,0
2023-04-25,SKU-B-01,Beverages,198,0
2023-04-26,SKU-B-01,Beverages,347,1
2023-04-27,SKU-B-01,Beverages,187,0
2023-04-28,SKU-B-01,Beverages,148,0
2023-04-29,SKU-B-01,Beverages,181,0
2023-04-30,SKU-B-01,Beverages,169,0
2023-05-01,SKU-B-01,Beverages,144,0
2023-05-02,SKU-B-01,Beverages,130,0
2023-05-03,SKU-B-01,Beverages,105,0
2023-05-04,SKU-B-01,Beverages,119,0
2023-05-05,SKU-B-01,Beverages,254,0
2023-05-06,SKU-B-01,Beverages,94,0
2023-05-07,SKU-B-01,Beverages,476,1
2023-05-08,SKU-B-01,Beverages,166,0
2023-05-09,SKU-B-01,Beverages,121,0
2023-05-10,SKU-B-01,Beverages,163,0
2023-05-11,SKU-B-01,Beverages,96,0
2023-05-12,SKU-B-01,Beverages,256,0
2023-05-13,SKU-B-01,Beverages,258,0
2023-05-14,SKU-B-01,Beverages,340,0
2023-05-15,SKU-B-01,Beverages,106,0
2023-05-16,SKU-B-01,Beverages,157,0
2023-05-17,SKU-B-01,Beverages,111,0
2023-05-18,SKU-B-01,Beverages,127,0
2023-05-19,SKU-B-01,Beverages,188,0
2023-05-20,SKU-B-01,Beverages,211,0
2023-05-21,SKU-B-01,Beverages,557,1
2023-05-22,SKU-B-01,Beverages,140,0
2023-05-23,SKU-B-01,Beverages,122,0
2023-05-24,SKU-B-01,Beverages,236,0
2023-05-25,SKU-B-01,Beverages,223,0
2023-05-26,SKU-B-01,Beverages,69,0
2023-05-27,SKU-B-01,Beverages,184,0
2023-05-28,SKU-B-01,Beverages,165,0
2023-05-29,SKU-B-01,Beverages,186,0
2023-05-30,SKU-B-01,Beverages,95,0
2023-05-31,SKU-B-01,Beverages,138,0
2023-06-01,SKU-B-01,Beverages,199,0
2023-06-02,SKU-B-01,Beverages,168,0
2023-06-03,SKU-B-01,Beverages,238,0
2023-06-04,SKU-B-01,Beverages,535,1
2023-06-05,SKU-B-01,Beverages,78,0
2023-06-06,SKU-B-01,Beverages,84,0
2023-06-07,SKU-B-01,Beverages,234,0
2023-06-08,SKU-B-01,Beverages,158,0
2023-06-09,SKU-B-01,Beverages,198,0
2023-06-10,SKU-B-01,Beverages,232,0
2023-06-11,SKU-B-01,Beverages,233,0
2023-06-12,SKU-B-01,Beverages,186,0
2023-06-13,SKU-B-01,Beverages,137,0
2023-06-14,SKU-B-01,Beverages,119,0
2023-06-15,SKU-B-01,Beverages,77,0
2023-06-16,SKU-B-01,Beverages,223,0
2023-06-17,SKU-B-01,Beverages,290,0
2023-06-18,SKU-B-01,Beverages,422,0
2023-06-19,SKU-B-01,Beverages,250,0
2023-06-20,SKU-B-01,Beverages,302,0
2023-06-21,SKU-B-01,Beverages,73,0
2023-06-22,SKU-B-01,Beverages,141,0
2023-06-23,SKU-B-01,Beverages,268,0
2023-06-24,SKU-B-01,Beverages,349,0
2023-06-25,SKU-B-01,Beverages,308,0
2023-06-26,SKU-B-01,Beverages,165,0
2023-06-27,SKU-B-01,Beverages,309,0
2023-06-28,SKU-B-01,Beverages,161,0
2023-06-29,SKU-B-01,Beverages,147,0
2023-06-30,SKU-B-01,Beverages,323,0
2023-07-01,SKU-B-01,Beverages,201,0
2023-07-02,SKU-B-01,Beverages,276,0
2023-07-03,SKU-B-01,Beverages,176,0
2023-07-04,SKU-B-01,Beverages,128,0
2023-07-05,SKU-B-01,Beverages,239,0
2023-07-06,SKU-B-01,Beverages,268,0
2023-07-07,SKU-B-01,Beverages,282,0
2023-07-08,SKU-B-01,Beverages,208,0
2023-07-09,SKU-B-01,Beverages,395,0
2023-07-10,SKU-B-01,Beverages,180,0
2023-07-11,SKU-B-01,Beverages,160,0
2023-07-12,SKU-B-01,Beverages,224,0
2023-07-13,SKU-B-01,Beverages,147,0
2023-07-14,SKU-B-01,Beverages,387,0
2023-07-15,SKU-B-01,Beverages,817,1
2023-07-16,SKU-B-01,Beverages,414,0
2023-07-17,SKU-B-01,Beverages,133,0
2023-07-18,SKU-B-01,Beverages,246,0
2023-07-19,SKU-B-01,Beverages,139,0
2023-07-20,SKU-B-01,Beverages,152,0
2023-07-21,SKU-B-01,Beverages,174,0
2023-07-22,SKU-B-01,Beverages,439,0
2023-07-23,SKU-B-01,Beverages,173,0
2023-07-24,SKU-B-01,Beverages,143,0
2023-07-25,SKU-B-01,Beverages,171,0
2023-07-26,SKU-B-01,Beverages,137,0
2023-07-27,SKU-B-01,Beverages,284,0
2023-07-28,SKU-B-01,Beverages,319,0
2023-07-29,SKU-B-01,Beverages,166,0
2023-07-30,SKU-B-01,Beverages,429,0
2023-07-31,SKU-B-01,Beverages,183,0
2023-08-01,SKU-B-01,Beverages,206,0
2023-08-02,SKU-B-01,Beverages,204,0
2023-08-03,SKU-B-01,Beverages,186,0
2023-08-04,SKU-B-01,Beverages,225,0
2023-08-05,SKU-B-01,Beverages,261,0
2023-08-06,SKU-B-01,Beverages,946,1
2023-08-07,SKU-B-01,Beverages,91,0
2023-08-08,SKU-B-01,Beverages,132,0
2023-08-09,SKU-B-01,Beverages,124,0
2023-08-10,SKU-B-01,Beverages,191,0
2023-08-11,SKU-B-01,Beverages,406,0
2023-08-12,SKU-B-01,Beverages,201,0
2023-08-13,SKU-B-01,Beverages,376,0
2023-08-14,SKU-B-01,Beverages,135,0
2023-08-15,SKU-B-01,Beverages,98,0
2023-08-16,SKU-B-01,Beverages,222,0
2023-08-17,SKU-B-01,Beverages,131,0
2023-08-18,SKU-B-01,Beverages,771,1
2023-08-19,SKU-B-01,Beverages,253,0
2023-08-20,SKU-B-01,Beverages,213,0
2023-08-21,SKU-B-01,Beverages,116,0
2023-08-22,SKU-B-01,Beverages,159,0
2023-08-23,SKU-B-01,Beverages,145,0
2023-08-24,SKU-B-01,Beverages,220,0
2023-08-25,SKU-B-01,Beverages,144,0
2023-08-26,SKU-B-01,Beverages,184,0
2023-08-27,SKU-B-01,Beverages,139,0
2023-08-28,SKU-B-01,Beverages,115,0
2023-08-29,SKU-B-01,Beverages,200,0
2023-08-30,SKU-B-01,Beverages,155,0
2023-08-31,SKU-B-01,Beverages,167,0
2023-09-01,SKU-B-01,Beverages,422,0
2023-09-02,SKU-B-01,Beverages,242,0
2023-09-03,SKU-B-01,Beverages,371,0
2023-09-04,SKU-B-01,Beverages,103,0
2023-09-05,SKU-B-01,Beverages,192,0
2023-09-06,SKU-B-01,Beverages,151,0
2023-09-07,SKU-B-01,Beverages,125,0
2023-09-08,SKU-B-01,Beverages,469,0
2023-09-09,SKU-B-01,Beverages,411,0
2023-09-10,SKU-B-01,Beverages,169,0
2023-09-11,SKU-B-01,Beverages,67,0
2023-09-12,SKU-B-01,Beverages,156,0
2023-09-13,SKU-B-01,Beverages,195,0
2023-09-14,SKU-B-01,Beverages,166,0
2023-09-15,SKU-B-01,Beverages,188,0
2023-09-16,SKU-B-01,Beverages,237,0
2023-09-17,SKU-B-01,Beverages,130,0
2023-09-18,SKU-B-01,Beverages,229,1
2023-09-19,SKU-B-01,Beverages,174,0
2023-09-20,SKU-B-01,Beverages,47,0
2023-09-21,SKU-B-01,Beverages,237,0
2023-09-22,SKU-B-01,Beverages,203,0
2023-09-23,SKU-B-01,Beverages,313,0
2023-09-24,SKU-B-01,Beverages,207,0
2023-09-25,SKU-B-01,Beverages,45,0
2023-09-26,SKU-B-01,Beverages,191,0
2023-09-27,SKU-B-01,Beverages,140,0
2023-09-28,SKU-B-01,Beverages,208,0
2023-09-29,SKU-B-01,Beverages,449,1
2023-09-30,SKU-B-01,Beverages,256,0
2023-10-01,SKU-B-01,Beverages,140,0
2023-10-02,SKU-B-01,Beverages,135,0
2023-10-03,SKU-B-01,Beverages,176,0
2023-10-04,SKU-B-01,Beverages,138,0
2023-10-05,SKU-B-01,Beverages,131,0
2023-10-06,SKU-B-01,Beverages,159,0
2023-10-07,SKU-B-01,Beverages,326,0
2023-10-08,SKU-B-01,Beverages,300,0
2023-10-09,SKU-B-01,Beverages,257,0
2023-10-10,SKU-B-01,Beverages,273,0
2023-10-11,SKU-B-01,Beverages,69,0
2023-10-12,SKU-B-01,Beverages,186,0
2023-10-13,SKU-B-01,Beverages,153,0
2023-10-14,SKU-B-01,Beverages,176,0
2023-10-15,SKU-B-01,Beverages,88,0
2023-10-16,SKU-B-01,Beverages,87,0
2023-10-17,SKU-B-01,Beverages,163,0
2023-10-18,SKU-B-01,Beverages,76,0
2023-10-19,SKU-B-01,Beverages,101,0
2023-10-20,SKU-B-01,Beverages,108,0
2023-10-21,SKU-B-01,Beverages,238,0
2023-10-22,SKU-B-01,Beverages,271,0
2023-10-23,SKU-B-01,Beverages,102,0
2023-10-24,SKU-B-01,Beverages,103,0
2023-10-25,SKU-B-01,Beverages,280,0
2023-10-26,SKU-B-01,Beverages,161,0
2023-10-27,SKU-B-01,Beverages,98,0
2023-10-28,SKU-B-01,Beverages,200,0
2023-10-29,SKU-B-01,Beverages,139,0
2023-10-30,SKU-B-01,Beverages,90,0
2023-10-31,SKU-B-01,Beverages,159,0
2023-11-01,SKU-B-01,Beverages,228,0
2023-11-02,SKU-B-01,Beverages,200,0
2023-11-03,SKU-B-01,Beverages,76,0
2023-11-04,SKU-B-01,Beverages,318,0
2023-11-05,SKU-B-01,Beverages,152,0
2023-11-06,SKU-B-01,Beverages,136,0
2023-11-07,SKU-B-01,Beverages,149,0
2023-11-08,SKU-B-01,Beverages,136,0
2023-11-09,SKU-B-01,Beverages,213,0
2023-11-10,SKU-B-01,Beverages,140,0
2023-11-11,SKU-B-01,Beverages,212,0
2023-11-12,SKU-B-01,Beverages,165,0
2023-11-13,SKU-B-01,Beverages,90,0
2023-11-14,SKU-B-01,Beverages,91,0
2023-11-15,SKU-B-01,Beverages,119,0
2023-11-16,SKU-B-01,Beverages,186,0
2023-11-17,SKU-B-01,Beverages,108,0
2023-11-18,SKU-B-01,Beverages,277,0
2023-11-19,SKU-B-01,Beverages,90,0
2023-11-20,SKU-B-01,Beverages,118,0
2023-11-21,SKU-B-01,Beverages,123,0
2023-11-22,SKU-B-01,Beverages,90,0
2023-11-23,SKU-B-01,Beverages,122,0
2023-11-24,SKU-B-01,Beverages,223,0
2023-11-25,SKU-B-01,Beverages,175,0
2023-11-26,SKU-B-01,Beverages,278,0
2023-11-27,SKU-B-01,Beverages,121,0
2023-11-28,SKU-B-01,Beverages,99,0
2023-11-29,SKU-B-01,Beverages,147,0
2023-11-30,SKU-B-01,Beverages,195,0
2023-12-01,SKU-B-01,Beverages,94,0
2023-12-02,SKU-B-01,Beverages,208,0
2023-12-03,SKU-B-01,Beverages,113,0
2023-12-04,SKU-B-01,Beverages,160,0
2023-12-05,SKU-B-01,Beverages,161,0
2023-12-06,SKU-B-01,Beverages,97,0
2023-12-07,SKU-B-01,Beverages,78,0
2023-12-08,SKU-B-01,Beverages,178,0
2023-12-09,SKU-B-01,Beverages,222,0
2023-12-10,SKU-B-01,Beverages,160,0
2023-12-11,SKU-B-01,Beverages,182,0
2023-12-12,SKU-B-01,Beverages,128,0
2023-12-13,SKU-B-01,Beverages,80,0
2023-12-14,SKU-B-01,Beverages,88,0
2023-12-15,SKU-B-01,Beverages,141,0
2023-12-16,SKU-B-01,Beverages,313,0
2023-12-17,SKU-B-01,Beverages,278,0
2023-12-18,SKU-B-01,Beverages,148,0
2023-12-19,SKU-B-01,Beverages,147,0
2023-12-20,SKU-B-01,Beverages,129,0
2023-12-21,SKU-B-01,Beverages,207,0
2023-12-22,SKU-B-01,Beverages,197,0
2023-12-23,SKU-B-01,Beverages,233,0
2023-12-24,SKU-B-01,Beverages,224,0
2023-12-25,SKU-B-01,Beverages,88,0
2023-12-26,SKU-B-01,Beverages,148,0
2023-12-27,SKU-B-01,Beverages,114,0
2023-12-28,SKU-B-01,Beverages,117,0
2023-12-29,SKU-B-01,Beverages,188,0
2023-12-30,SKU-B-01,Beverages,284,0
2023-12-31,SKU-B-01,Beverages,161,0
2024-01-01,SKU-B-01,Beverages,103,0
2024-01-02,SKU-B-01,Beverages,73,0
2024-01-03,SKU-B-01,Beverages,79,0
2024-01-04,SKU-B-01,Beverages,176,0
2024-01-05,SKU-B-01,Beverages,166,0
2024-01-06,SKU-B-01,Beverages,117,0
2024-01-07,SKU-B-01,Beverages,198,0
2024-01-08,SKU-B-01,Beverages,63,0
2024-01-09,SKU-B-01,Beverages,92,0
2024-01-10,SKU-B-01,Beverages,108,0
2024-01-11,SKU-B-01,Beverages,116,0
2024-01-12,SKU-B-01,Beverages,205,0
2024-01-13,SKU-B-01,Beverages,248,0
2024-01-14,SKU-B-01,Beverages,69,0
2024-01-15,SKU-B-01,Beverages,78,0
2024-01-16,SKU-B-01,Beverages,135,0
2024-01-17,SKU-B-01,Beverages,299,0
2024-01-18,SKU-B-01,Beverages,270,0
2024-01-19,SKU-B-01,Beverages,99,0
2024-01-20,SKU-B-01,Beverages,168,0
2024-01-21,SKU-B-01,Beverages,462,1
2024-01-22,SKU-B-01,Beverages,82,0
2024-01-23,SKU-B-01,Beverages,72,0
2024-01-24,SKU-B-01,Beverages,184,0
2024-01-25,SKU-B-01,Beverages,142,0
2024-01-26,SKU-B-01,Beverages,83,0
2024-01-27,SKU-B-01,Beverages,319,0
2024-01-28,SKU-B-01,Beverages,276,0
2024-01-29,SKU-B-01,Beverages,58,0
2024-01-30,SKU-B-01,Beverages,115,0
2024-01-31,SKU-B-01,Beverages,171,0
2024-02-01,SKU-B-01,Beverages,83,0
2024-02-02,SKU-B-01,Beverages,262,0
2024-02-03,SKU-B-01,Beverages,189,0
2024-02-04,SKU-B-01,Beverages,235,0
2024-02-05,SKU-B-01,Beverages,126,0
2024-02-06,SKU-B-01,Beverages,161,0
2024-02-07,SKU-B-01,Beverages,136,0
2024-02-08,SKU-B-01,Beverages,161,0
2024-02-09,SKU-B-01,Beverages,131,0
2024-02-10,SKU-B-01,Beverages,569,1
2024-02-11,SKU-B-01,Beverages,313,0
2024-02-12,SKU-B-01,Beverages,148,0
2024-02-13,SKU-B-01,Beverages,170,0
2024-02-14,SKU-B-01,Beverages,126,0
2024-02-15,SKU-B-01,Beverages,233,0
2024-02-16,SKU-B-01,Beverages,134,0
2024-02-17,SKU-B-01,Beverages,821,1
2024-02-18,SKU-B-01,Beverages,652,1
2024-02-19,SKU-B-01,Beverages,184,0
2024-02-20,SKU-B-01,Beverages,139,0
2024-02-21,SKU-B-01,Beverages,161,0
2024-02-22,SKU-B-01,Beverages,78,0
2024-02-23,SKU-B-01,Beverages,89,0
2024-02-24,SKU-B-01,Beverages,202,0
2024-02-25,SKU-B-01,Beverages,225,0
2024-02-26,SKU-B-01,Beverages,182,0
2024-02-27,SKU-B-01,Beverages,260,0
2024-02-28,SKU-B-01,Beverages,195,0
2024-02-29,SKU-B-01,Beverages,198,0
2024-03-01,SKU-B-01,Beverages,317,1
2024-03-02,SKU-B-01,Beverages,200,0
2024-03-03,SKU-B-01,Beverages,231,0
2024-03-04,SKU-B-01,Beverages,112,0
2024-03-05,SKU-B-01,Beverages,192,0
2024-03-06,SKU-B-01,Beverages,184,0
2024-03-07,SKU-B-01,Beverages,148,0
2024-03-08,SKU-B-01,Beverages,291,0
2024-03-09,SKU-B-01,Beverages,399,0
2024-03-10,SKU-B-01,Beverages,107,0
2024-03-11,SKU-B-01,Beverages,127,0
2024-03-12,SKU-B-01,Beverages,123,0
2024-03-13,SKU-B-01,Beverages,124,0
2024-03-14,SKU-B-01,Beverages,155,0
2024-03-15,SKU-B-01,Beverages,102,0
2024-03-16,SKU-B-01,Beverages,232,0
2024-03-17,SKU-B-01,Beverages,386,1
2024-03-18,SKU-B-01,Beverages,160,0
2024-03-19,SKU-B-01,Beverages,154,0
2024-03-20,SKU-B-01,Beverages,109,0
2024-03-21,SKU-B-01,Beverages,108,0
2024-03-22,SKU-B-01,Beverages,101,0
2024-03-23,SKU-B-01,Beverages,168,0
2024-03-24,SKU-B-01,Beverages,182,0
2024-03-25,SKU-B-01,Beverages,126,0
2024-03-26,SKU-B-01,Beverages,155,0
2024-03-27,SKU-B-01,Beverages,171,0
2024-03-28,SKU-B-01,Beverages,222,0
2024-03-29,SKU-B-01,Beverages,190,0
2024-03-30,SKU-B-01,Beverages,196,0
2024-03-31,SKU-B-01,Beverages,323,0
2024-04-01,SKU-B-01,Beverages,99,0
2024-04-02,SKU-B-01,Beverages,108,0
2024-04-03,SKU-B-01,Beverages,219,0
2024-04-04,SKU-B-01,Beverages,194,0
2024-04-05,SKU-B-01,Beverages,170,0
2024-04-06,SKU-B-01,Beverages,183,0
2024-04-07,SKU-B-01,Beverages,193,0
2024-04-08,SKU-B-01,Beverages,156,0
2024-04-09,SKU-B-01,Beverages,147,0
2024-04-10,SKU-B-01,Beverages,92,0
2024-04-11,SKU-B-01,Beverages,157,0
2024-04-12,SKU-B-01,Beverages,184,0
2024-04-13,SKU-B-01,Beverages,217,0
2024-04-14,SKU-B-01,Beverages,115,0
2024-04-15,SKU-B-01,Beverages,104,0
2024-04-16,SKU-B-01,Beverages,45,0
2024-04-17,SKU-B-01,Beverages,174,0
2024-04-18,SKU-B-01,Beverages,146,0
2024-04-19,SKU-B-01,Beverages,188,0
2024-04-20,SKU-B-01,Beverages,912,1
2024-04-21,SKU-B-01,Beverages,198,0
2024-04-22,SKU-B-01,Beverages,166,0
2024-04-23,SKU-B-01,Beverages,133,0
2024-04-24,SKU-B-01,Beverages,197,0
2024-04-25,SKU-B-01,Beverages,87,0
2024-04-26,SKU-B-01,Beverages,156,0
2024-04-27,SKU-B-01,Beverages,299,0
2024-04-28,SKU-B-01,Beverages,209,0
2024-04-29,SKU-B-01,Beverages,131,0
2024-04-30,SKU-B-01,Beverages,161,0
2024-05-01,SKU-B-01,Beverages,142,0
2024-05-02,SKU-B-01,Beverages,89,0
2024-05-03,SKU-B-01,Beverages,192,0
2024-05-04,SKU-B-01,Beverages,372,0
2024-05-05,SKU-B-01,Beverages,245,0
2024-05-06,SKU-B-01,Beverages,105,0
2024-05-07,SKU-B-01,Beverages,99,0
2024-05-08,SKU-B-01,Beverages,191,0
2024-05-09,SKU-B-01,Beverages,110,0
2024-05-10,SKU-B-01,Beverages,386,0
2024-05-11,SKU-B-01,Beverages,243,0
2024-05-12,SKU-B-01,Beverages,280,0
2024-05-13,SKU-B-01,Beverages,215,0
2024-05-14,SKU-B-01,Beverages,135,0
2024-05-15,SKU-B-01,Beverages,237,0
2024-05-16,SKU-B-01,Beverages,198,0
2024-05-17,SKU-B-01,Beverages,179,0
2024-05-18,SKU-B-01,Beverages,422,0
2024-05-19,SKU-B-01,Beverages,276,0
2024-05-20,SKU-B-01,Beverages,148,0
2024-05-21,SKU-B-01,Beverages,78,0
2024-05-22,SKU-B-01,Beverages,138,0
2024-05-23,SKU-B-01,Beverages,163,0
2024-05-24,SKU-B-01,Beverages,370,1
2024-05-25,SKU-B-01,Beverages,457,0
2024-05-26,SKU-B-01,Beverages,225,0
2024-05-27,SKU-B-01,Beverages,156,0
2024-05-28,SKU-B-01,Beverages,127,0
2024-05-29,SKU-B-01,Beverages,146,0
2024-05-30,SKU-B-01,Beverages,136,0
2024-05-31,SKU-B-01,Beverages,189,0
2024-06-01,SKU-B-01,Beverages,401,0
2024-06-02,SKU-B-01,Beverages,255,0
2024-06-03,SKU-B-01,Beverages,229,0
2024-06-04,SKU-B-01,Beverages,302,0
2024-06-05,SKU-B-01,Beverages,251,0
2024-06-06,SKU-B-01,Beverages,244,0
2024-06-07,SKU-B-01,Beverages,148,0
2024-06-08,SKU-B-01,Beverages,405,0
2024-06-09,SKU-B-01,Beverages,661,1
2024-06-10,SKU-B-01,Beverages,189,0
2024-06-11,SKU-B-01,Beverages,175,0
2024-06-12,SKU-B-01,Beverages,184,0
2024-06-13,SKU-B-01,Beverages,168,0
2024-06-14,SKU-B-01,Beverages,210,0
2024-06-15,SKU-B-01,Beverages,277,0
2024-06-16,SKU-B-01,Beverages,229,0
2024-06-17,SKU-B-01,Beverages,174,0
2024-06-18,SKU-B-01,Beverages,179,0
2024-06-19,SKU-B-01,Beverages,140,0
2024-06-20,SKU-B-01,Beverages,200,0
2024-06-21,SKU-B-01,Beverages,248,0
2024-06-22,SKU-B-01,Beverages,398,0
2024-06-23,SKU-B-01,Beverages,210,0
2024-06-24,SKU-B-01,Beverages,257,0
2024-06-25,SKU-B-01,Beverages,187,0
2024-06-26,SKU-B-01,Beverages,269,0
2024-06-27,SKU-B-01,Beverages,194,0
2024-06-28,SKU-B-01,Beverages,302,0
2024-06-29,SKU-B-01,Beverages,446,0
2024-06-30,SKU-B-01,Beverages,417,0
2024-07-01,SKU-B-01,Beverages,179,0
2024-07-02,SKU-B-01,Beverages,129,0
2024-07-03,SKU-B-01,Beverages,217,0
2024-07-04,SKU-B-01,Beverages,272,0
2024-07-05,SKU-B-01,Beverages,309,0
2024-07-06,SKU-B-01,Beverages,346,0
2024-07-07,SKU-B-01,Beverages,299,0
2024-07-08,SKU-B-01,Beverages,162,0
2024-07-09,SKU-B-01,Beverages,288,0
2024-07-10,SKU-B-01,Beverages,278,0
2024-07-11,SKU-B-01,Beverages,153,0
2024-07-12,SKU-B-01,Beverages,376,0
2024-07-13,SKU-B-01,Beverages,200,0
2024-07-14,SKU-B-01,Beverages,152,0
2024-07-15,SKU-B-01,Beverages,108,0
2024-07-16,SKU-B-01,Beverages,242,0
2024-07-17,SKU-B-01,Beverages,265,0
2024-07-18,SKU-B-01,Beverages,260,0
2024-07-19,SKU-B-01,Beverages,195,0
2024-07-20,SKU-B-01,Beverages,348,0
2024-07-21,SKU-B-01,Beverages,352,0
2024-07-22,SKU-B-01,Beverages,227,0
2024-07-23,SKU-B-01,Beverages,376,0
2024-07-24,SKU-B-01,Beverages,536,0
2024-07-25,SKU-B-01,Beverages,235,0
2024-07-26,SKU-B-01,Beverages,399,0
2024-07-27,SKU-B-01,Beverages,362,0
2024-07-28,SKU-B-01,Beverages,237,0
2024-07-29,SKU-B-01,Beverages,207,0
2024-07-30,SKU-B-01,Beverages,209,0
2024-07-31,SKU-B-01,Beverages,161,0
2024-08-01,SKU-B-01,Beverages,386,0
2024-08-02,SKU-B-01,Beverages,331,0
2024-08-03,SKU-B-01,Beverages,809,1
2024-08-04,SKU-B-01,Beverages,229,0
2024-08-05,SKU-B-01,Beverages,179,0
2024-08-06,SKU-B-01,Beverages,137,0
2024-08-07,SKU-B-01,Beverages,339,0
2024-08-08,SKU-B-01,Beverages,560,1
2024-08-09,SKU-B-01,Beverages,371,0
2024-08-10,SKU-B-01,Beverages,270,0
2024-08-11,SKU-B-01,Beverages,280,0
2024-08-12,SKU-B-01,Beverages,394,0
2024-08-13,SKU-B-01,Beverages,203,0
2024-08-14,SKU-B-01,Beverages,195,0
2024-08-15,SKU-B-01,Beverages,160,0
2024-08-16,SKU-B-01,Beverages,136,0
2024-08-17,SKU-B-01,Beverages,493,0
2024-08-18,SKU-B-01,Beverages,575,0
2024-08-19,SKU-B-01,Beverages,197,0
2024-08-20,SKU-B-01,Beverages,176,0
2024-08-21,SKU-B-01,Beverages,196,0
2024-08-22,SKU-B-01,Beverages,161,0
2024-08-23,SKU-B-01,Beverages,213,0
2024-08-24,SKU-B-01,Beverages,220,0
2024-08-25,SKU-B-01,Beverages,240,0
2024-08-26,SKU-B-01,Beverages,186,0
2024-08-27,SKU-B-01,Beverages,179,0
2024-08-28,SKU-B-01,Beverages,126,0
2024-08-29,SKU-B-01,Beverages,193,0
2024-08-30,SKU-B-01,Beverages,269,0
2024-08-31,SKU-B-01,Beverages,272,0
2024-09-01,SKU-B-01,Beverages,213,0
2024-09-02,SKU-B-01,Beverages,440,1
2024-09-03,SKU-B-01,Beverages,175,0
2024-09-04,SKU-B-01,Beverages,185,0
2024-09-05,SKU-B-01,Beverages,177,0
2024-09-06,SKU-B-01,Beverages,309,0
2024-09-07,SKU-B-01,Beverages,467,0
2024-09-08,SKU-B-01,Beverages,420,0
2024-09-09,SKU-B-01,Beverages,131,0
2024-09-10,SKU-B-01,Beverages,164,0
2024-09-11,SKU-B-01,Beverages,196,0
2024-09-12,SKU-B-01,Beverages,248,0
2024-09-13,SKU-B-01,Beverages,102,0
2024-09-14,SKU-B-01,Beverages,186,0
2024-09-15,SKU-B-01,Beverages,502,1
2024-09-16,SKU-B-01,Beverages,192,0
2024-09-17,SKU-B-01,Beverages,128,0
2024-09-18,SKU-B-01,Beverages,170,0
2024-09-19,SKU-B-01,Beverages,142,0
2024-09-20,SKU-B-01,Beverages,263,0
2024-09-21,SKU-B-01,Beverages,285,0
2024-09-22,SKU-B-01,Beverages,218,0
2024-09-23,SKU-B-01,Beverages,144,0
2024-09-24,SKU-B-01,Beverages,118,0
2024-09-25,SKU-B-01,Beverages,77,0
2024-09-26,SKU-B-01,Beverages,276,0
2024-09-27,SKU-B-01,Beverages,138,0
2024-09-28,SKU-B-01,Beverages,255,0
2024-09-29,SKU-B-01,Beverages,978,1
2024-09-30,SKU-B-01,Beverages,92,0
2024-10-01,SKU-B-01,Beverages,167,0
2024-10-02,SKU-B-01,Beverages,306,1
2024-10-03,SKU-B-01,Beverages,258,0
2024-10-04,SKU-B-01,Beverages,114,0
2024-10-05,SKU-B-01,Beverages,323,0
2024-10-06,SKU-B-01,Beverages,289,0
2024-10-07,SKU-B-01,Beverages,152,0
2024-10-08,SKU-B-01,Beverages,164,0
2024-10-09,SKU-B-01,Beverages,123,0
2024-10-10,SKU-B-01,Beverages,207,0
2024-10-11,SKU-B-01,Beverages,200,0
2024-10-12,SKU-B-01,Beverages,281,0
2024-10-13,SKU-B-01,Beverages,334,0
2024-10-14,SKU-B-01,Beverages,138,0
2024-10-15,SKU-B-01,Beverages,210,0
2024-10-16,SKU-B-01,Beverages,128,0
2024-10-17,SKU-B-01,Beverages,177,0
2024-10-18,SKU-B-01,Beverages,222,0
2024-10-19,SKU-B-01,Beverages,213,0
2024-10-20,SKU-B-01,Beverages,227,0
2024-10-21,SKU-B-01,Beverages,200,0
2024-10-22,SKU-B-01,Beverages,266,0
2024-10-23,SKU-B-01,Beverages,174,0
2024-10-24,SKU-B-01,Beverages,265,0
2024-10-25,SKU-B-01,Beverages,342,0
2024-10-26,SKU-B-01,Beverages,454,0
2024-10-27,SKU-B-01,Beverages,261,0
2024-10-28,SKU-B-01,Beverages,205,0
2024-10-29,SKU-B-01,Beverages,187,0
2024-10-30,SKU-B-01,Beverages,75,0
2024-10-31,SKU-B-01,Beverages,123,0
2024-11-01,SKU-B-01,Beverages,152,0
2024-11-02,SKU-B-01,Beverages,181,0
2024-11-03,SKU-B-01,Beverages,199,0
2024-11-04,SKU-B-01,Beverages,309,1
2024-11-05,SKU-B-01,Beverages,147,0
2024-11-06,SKU-B-01,Beverages,187,0
2024-11-07,SKU-B-01,Beverages,156,0
2024-11-08,SKU-B-01,Beverages,197,0
2024-11-09,SKU-B-01,Beverages,191,0
2024-11-10,SKU-B-01,Beverages,152,0
2024-11-11,SKU-B-01,Beverages,87,0
2024-11-12,SKU-B-01,Beverages,206,0
2024-11-13,SKU-B-01,Beverages,140,0
2024-11-14,SKU-B-01,Beverages,230,0
2024-11-15,SKU-B-01,Beverages,98,0
2024-11-16,SKU-B-01,Beverages,265,0
2024-11-17,SKU-B-01,Beverages,268,0
2024-11-18,SKU-B-01,Beverages,111,0
2024-11-19,SKU-B-01,Beverages,141,0
2024-11-20,SKU-B-01,Beverages,138,0
2024-11-21,SKU-B-01,Beverages,128,0
2024-11-22,SKU-B-01,Beverages,163,0
2024-11-23,SKU-B-01,Beverages,190,0
2024-11-24,SKU-B-01,Beverages,298,0
2024-11-25,SKU-B-01,Beverages,140,0
2024-11-26,SKU-B-01,Beverages,96,0
2024-11-27,SKU-B-01,Beverages,183,0
2024-11-28,SKU-B-01,Beverages,158,0
2024-11-29,SKU-B-01,Beverages,180,0
2024-11-30,SKU-B-01,Beverages,384,0
2024-12-01,SKU-B-01,Beverages,120,0
2024-12-02,SKU-B-01,Beverages,186,0
2024-12-03,SKU-B-01,Beverages,102,0
2024-12-04,SKU-B-01,Beverages,205,0
2024-12-05,SKU-B-01,Beverages,102,0
2024-12-06,SKU-B-01,Beverages,205,0
2024-12-07,SKU-B-01,Beverages,229,0
2024-12-08,SKU-B-01,Beverages,296,0
2024-12-09,SKU-B-01,Beverages,182,0
2024-12-10,SKU-B-01,Beverages,122,0
2024-12-11,SKU-B-01,Beverages,126,0
2024-12-12,SKU-B-01,Beverages,145,0
2024-12-13,SKU-B-01,Beverages,315,0
2024-12-14,SKU-B-01,Beverages,460,1
2024-12-15,SKU-B-01,Beverages,203,0
2024-12-16,SKU-B-01,Beverages,81,0
2024-12-17,SKU-B-01,Beverages,130,1
2024-12-18,SKU-B-01,Beverages,149,0
2024-12-19,SKU-B-01,Beverages,152,0
2024-12-20,SKU-B-01,Beverages,121,0
2024-12-21,SKU-B-01,Beverages,455,0
2024-12-22,SKU-B-01,Beverages,151,0
2024-12-23,SKU-B-01,Beverages,69,0
2024-12-24,SKU-B-01,Beverages,90,0
2024-12-25,SKU-B-01,Beverages,92,0
2024-12-26,SKU-B-01,Beverages,110,0
2024-12-27,SKU-B-01,Beverages,230,0
2024-12-28,SKU-B-01,Beverages,195,0
2024-12-29,SKU-B-01,Beverages,243,0
2024-12-30,SKU-B-01,Beverages,183,0
2024-12-31,SKU-B-01,Beverages,106,0
2025-01-01,SKU-B-01,Beverages,302,1
2025-01-02,SKU-B-01,Beverages,167,0
2025-01-03,SKU-B-01,Beverages,188,0
2025-01-04,SKU-B-01,Beverages,345,1
2025-01-05,SKU-B-01,Beverages,320,0
2025-01-06,SKU-B-01,Beverages,144,0
2025-01-07,SKU-B-01,Beverages,168,0
2025-01-08,SKU-B-01,Beverages,238,0
2025-01-09,SKU-B-01,Beverages,267,0
2025-01-10,SKU-B-01,Beverages,175,0
2025-01-11,SKU-B-01,Beverages,281,0
2025-01-12,SKU-B-01,Beverages,359,0
2025-01-13,SKU-B-01,Beverages,197,0
2025-01-14,SKU-B-01,Beverages,158,0
2025-01-15,SKU-B-01,Beverages,116,0
2025-01-16,SKU-B-01,Beverages,134,0
2025-01-17,SKU-B-01,Beverages,179,0
2025-01-18,SKU-B-01,Beverages,282,0
2025-01-19,SKU-B-01,Beverages,287,0
2025-01-20,SKU-B-01,Beverages,79,0
2025-01-21,SKU-B-01,Beverages,126,0
2025-01-22,SKU-B-01,Beverages,144,0
2025-01-23,SKU-B-01,Beverages,145,0
2025-01-24,SKU-B-01,Beverages,175,0
2025-01-25,SKU-B-01,Beverages,253,0
2025-01-26,SKU-B-01,Beverages,387,1
2025-01-27,SKU-B-01,Beverages,139,0
2025-01-28,SKU-B-01,Beverages,553,1
2025-01-29,SKU-B-01,Beverages,103,0
2025-01-30,SKU-B-01,Beverages,134,0
2025-01-31,SKU-B-01,Beverages,252,0
2025-02-01,SKU-B-01,Beverages,218,0
2025-02-02,SKU-B-01,Beverages,183,0
2025-02-03,SKU-B-01,Beverages,220,0
2025-02-04,SKU-B-01,Beverages,289,1
2025-02-05,SKU-B-01,Beverages,218,0
2025-02-06,SKU-B-01,Beverages,175,0
2025-02-07,SKU-B-01,Beverages,135,0
2025-02-08,SKU-B-01,Beverages,115,0
2025-02-09,SKU-B-01,Beverages,191,0
2025-02-10,SKU-B-01,Beverages,155,0
2025-02-11,SKU-B-01,Beverages,122,0
2025-02-12,SKU-B-01,Beverages,124,0
2025-02-13,SKU-B-01,Beverages,74,0
2025-02-14,SKU-B-01,Beverages,274,0
2025-02-15,SKU-B-01,Beverages,182,0
2025-02-16,SKU-B-01,Beverages,225,0
2025-02-17,SKU-B-01,Beverages,132,0
2025-02-18,SKU-B-01,Beverages,131,0
2025-02-19,SKU-B-01,Beverages,191,0
2025-02-20,SKU-B-01,Beverages,182,0
2025-02-21,SKU-B-01,Beverages,174,0
2025-02-22,SKU-B-01,Beverages,293,0
2025-02-23,SKU-B-01,Beverages,234,0
2025-02-24,SKU-B-01,Beverages,367,1
2025-02-25,SKU-B-01,Beverages,113,0
2025-02-26,SKU-B-01,Beverages,156,1
2025-02-27,SKU-B-01,Beverages,183,0
2025-02-28,SKU-B-01,Beverages,205,0
2025-03-01,SKU-B-01,Beverages,197,0
2025-03-02,SKU-B-01,Beverages,397,0
2025-03-03,SKU-B-01,Beverages,71,0
2025-03-04,SKU-B-01,Beverages,179,0
2025-03-05,SKU-B-01,Beverages,302,0
2025-03-06,SKU-B-01,Beverages,125,0
2025-03-07,SKU-B-01,Beverages,199,0
2025-03-08,SKU-B-01,Beverages,261,0
2025-03-09,SKU-B-01,Beverages,258,0
2025-03-10,SKU-B-01,Beverages,123,0
2025-03-11,SKU-B-01,Beverages,186,0
2025-03-12,SKU-B-01,Beverages,206,1
2025-03-13,SKU-B-01,Beverages,345,1
2025-03-14,SKU-B-01,Beverages,152,0
2025-03-15,SKU-B-01,Beverages,198,0
2025-03-16,SKU-B-01,Beverages,339,0
2025-03-17,SKU-B-01,Beverages,222,0
2025-03-18,SKU-B-01,Beverages,196,0
2025-03-19,SKU-B-01,Beverages,142,0
2025-03-20,SKU-B-01,Beverages,149,0
2025-03-21,SKU-B-01,Beverages,247,0
2025-03-22,SKU-B-01,Beverages,680,0
2025-03-23,SKU-B-01,Beverages,221,0
2025-03-24,SKU-B-01,Beverages,210,0
2025-03-25,SKU-B-01,Beverages,72,0
2025-03-26,SKU-B-01,Beverages,190,0
2025-03-27,SKU-B-01,Beverages,221,1
2025-03-28,SKU-B-01,Beverages,274,0
2025-03-29,SKU-B-01,Beverages,203,0
2025-03-30,SKU-B-01,Beverages,204,0
2025-03-31,SKU-B-01,Beverages,100,0
2025-04-01,SKU-B-01,Beverages,117,0
2025-04-02,SKU-B-01,Beverages,172,0
2025-04-03,SKU-B-01,Beverages,192,0
2025-04-04,SKU-B-01,Beverages,277,0
2025-04-05,SKU-B-01,Beverages,440,0
2025-04-06,SKU-B-01,Beverages,404,0
2025-04-07,SKU-B-01,Beverages,167,0
2025-04-08,SKU-B-01,Beverages,239,0
2025-04-09,SKU-B-01,Beverages,207,0
2025-04-10,SKU-B-01,Beverages,189,0
2025-04-11,SKU-B-01,Beverages,639,1
2025-04-12,SKU-B-01,Beverages,311,0
2025-04-13,SKU-B-01,Beverages,291,0
2025-04-14,SKU-B-01,Beverages,171,0
2025-04-15,SKU-B-01,Beverages,183,0
2025-04-16,SKU-B-01,Beverages,184,0
2025-04-17,SKU-B-01,Beverages,195,0
2025-04-18,SKU-B-01,Beverages,302,0
2025-04-19,SKU-B-01,Beverages,261,0
2025-04-20,SKU-B-01,Beverages,219,0
2025-04-21,SKU-B-01,Beverages,336,0
2025-04-22,SKU-B-01,Beverages,168,0
2025-04-23,SKU-B-01,Beverages,249,0
2025-04-24,SKU-B-01,Beverages,178,0
2025-04-25,SKU-B-01,Beverages,169,0
2025-04-26,SKU-B-01,Beverages,391,0
2025-04-27,SKU-B-01,Beverages,241,0
2025-04-28,SKU-B-01,Beverages,127,0
2025-04-29,SKU-B-01,Beverages,190,0
2025-04-30,SKU-B-01,Beverages,172,0
2025-05-01,SKU-B-01,Beverages,201,0
2025-05-02,SKU-B-01,Beverages,153,0
2025-05-03,SKU-B-01,Beverages,252,0
2025-05-04,SKU-B-01,Beverages,245,0
2025-05-05,SKU-B-01,Beverages,156,0
2025-05-06,SKU-B-01,Beverages,159,0
2025-05-07,SKU-B-01,Beverages,123,0
2025-05-08,SKU-B-01,Beverages,129,0
2025-05-09,SKU-B-01,Beverages,257,0
2025-05-10,SKU-B-01,Beverages,411,0
2025-05-11,SKU-B-01,Beverages,421,0
2025-05-12,SKU-B-01,Beverages,590,1
2025-05-13,SKU-B-01,Beverages,87,0
2025-05-14,SKU-B-01,Beverages,231,0
2025-05-15,SKU-B-01,Beverages,147,0
2025-05-16,SKU-B-01,Beverages,296,0
2025-05-17,SKU-B-01,Beverages,332,0
2025-05-18,SKU-B-01,Beverages,207,0
2025-05-19,SKU-B-01,Beverages,187,0
2025-05-20,SKU-B-01,Beverages,339,0
2025-05-21,SKU-B-01,Beverages,190,0
2025-05-22,SKU-B-01,Beverages,170,0
2025-05-23,SKU-B-01,Beverages,189,0
2025-05-24,SKU-B-01,Beverages,297,0
2025-05-25,SKU-B-01,Beverages,345,0
2025-05-26,SKU-B-01,Beverages,108,0
2025-05-27,SKU-B-01,Beverages,206,0
2025-05-28,SKU-B-01,Beverages,284,0
2025-05-29,SKU-B-01,Beverages,208,0
2025-05-30,SKU-B-01,Beverages,226,0
2025-05-31,SKU-B-01,Beverages,349,0
2025-06-01,SKU-B-01,Beverages,228,0
2025-06-02,SKU-B-01,Beverages,198,0
2025-06-03,SKU-B-01,Beverages,220,0
2025-06-04,SKU-B-01,Beverages,237,0
2025-06-05,SKU-B-01,Beverages,295,0
2025-06-06,SKU-B-01,Beverages,297,0
2025-06-07,SKU-B-01,Beverages,638,0
2025-06-08,SKU-B-01,Beverages,231,0
2025-06-09,SKU-B-01,Beverages,201,0
2025-06-10,SKU-B-01,Beverages,123,0
2025-06-11,SKU-B-01,Beverages,265,0
2025-06-12,SKU-B-01,Beverages,251,0
2025-06-13,SKU-B-01,Beverages,254,0
2025-06-14,SKU-B-01,Beverages,373,0
2025-06-15,SKU-B-01,Beverages,438,0
2025-06-16,SKU-B-01,Beverages,281,0
2025-06-17,SKU-B-01,Beverages,270,0
2025-06-18,SKU-B-01,Beverages,238,0
2025-06-19,SKU-B-01,Beverages,395,0
2025-06-20,SKU-B-01,Beverages,296,0
2025-06-21,SKU-B-01,Beverages,833,0
2025-06-22,SKU-B-01,Beverages,335,0
2025-06-23,SKU-B-01,Beverages,311,0
2025-06-24,SKU-B-01,Beverages,114,0
2025-06-25,SKU-B-01,Beverages,241,0
2025-06-26,SKU-B-01,Beverages,297,0
2025-06-27,SKU-B-01,Beverages,405,0
2025-06-28,SKU-B-01,Beverages,235,0
2025-06-29,SKU-B-01,Beverages,496,0
2025-06-30,SKU-B-01,Beverages,115,0
2025-07-01,SKU-B-01,Beverages,265,0
2023-01-01,SKU-B-02,Beverages,48,0
2023-01-02,SKU-B-02,Beverages,68,0
2023-01-03,SKU-B-02,Beverages,48,0
2023-01-04,SKU-B-02,Beverages,134,0
2023-01-05,SKU-B-02,Beverages,98,0
2023-01-06,SKU-B-02,Beverages,126,0
2023-01-07,SKU-B-02,Beverages,114,0
2023-01-08,SKU-B-02,Beverages,149,0
2023-01-09,SKU-B-02,Beverages,95,0
2023-01-10,SKU-B-02,Beverages,114,0
2023-01-11,SKU-B-02,Beverages,92,0
2023-01-12,SKU-B-02,Beverages,34,0
2023-01-13,SKU-B-02,Beverages,45,0
2023-01-14,SKU-B-02,Beverages,181,0
2023-01-15,SKU-B-02,Beverages,181,0
2023-01-16,SKU-B-02,Beverages,93,0
2023-01-17,SKU-B-02,Beverages,94,0
2023-01-18,SKU-B-02,Beverages,72,0
2023-01-19,SKU-B-02,Beverages,73,0
2023-01-20,SKU-B-02,Beverages,138,0
2023-01-21,SKU-B-02,Beverages,86,0
2023-01-22,SKU-B-02,Beverages,107,0
2023-01-23,SKU-B-02,Beverages,99,0
2023-01-24,SKU-B-02,Beverages,92,0
2023-01-25,SKU-B-02,Beverages,122,0
2023-01-26,SKU-B-02,Beverages,71,0
2023-01-27,SKU-B-02,Beverages,92,0
2023-01-28,SKU-B-02,Beverages,95,0
2023-01-29,SKU-B-02,Beverages,38,0
2023-01-30,SKU-B-02,Beverages,86,0
2023-01-31,SKU-B-02,Beverages,107,0
2023-02-01,SKU-B-02,Beverages,133,0
2023-02-02,SKU-B-02,Beverages,50,0
2023-02-03,SKU-B-02,Beverages,113,0
2023-02-04,SKU-B-02,Beverages,148,0
2023-02-05,SKU-B-02,Beverages,153,0
2023-02-06,SKU-B-02,Beverages,71,0
2023-02-07,SKU-B-02,Beverages,151,0
2023-02-08,SKU-B-02,Beverages,125,0
2023-02-09,SKU-B-02,Beverages,158,0
2023-02-10,SKU-B-02,Beverages,126,0
2023-02-11,SKU-B-02,Beverages,104,0
2023-02-12,SKU-B-02,Beverages,313,1
2023-02-13,SKU-B-02,Beverages,127,0
2023-02-14,SKU-B-02,Beverages,142,1
2023-02-15,SKU-B-02,Beverages,29,0
2023-02-16,SKU-B-02,Beverages,30,0
2023-02-17,SKU-B-02,Beverages,119,0
2023-02-18,SKU-B-02,Beverages,134,0
2023-02-19,SKU-B-02,Beverages,107,0
2023-02-20,SKU-B-02,Beverages,71,0
2023-02-21,SKU-B-02,Beverages,212,1
2023-02-22,SKU-B-02,Beverages,95,0
2023-02-23,SKU-B-02,Beverages,90,0
2023-02-24,SKU-B-02,Beverages,91,0
2023-02-25,SKU-B-02,Beverages,112,0
2023-02-26,SKU-B-02,Beverages,139,0
2023-02-27,SKU-B-02,Beverages,39,0
2023-02-28,SKU-B-02,Beverages,72,0
2023-03-01,SKU-B-02,Beverages,59,0
2023-03-02,SKU-B-02,Beverages,100,0
2023-03-03,SKU-B-02,Beverages,84,0
2023-03-04,SKU-B-02,Beverages,278,0
2023-03-05,SKU-B-02,Beverages,212,0
2023-03-06,SKU-B-02,Beverages,48,0
2023-03-07,SKU-B-02,Beverages,88,0
2023-03-08,SKU-B-02,Beverages,116,0
2023-03-09,SKU-B-02,Beverages,75,0
2023-03-10,SKU-B-02,Beverages,153,0
2023-03-11,SKU-B-02,Beverages,63,0
2023-03-12,SKU-B-02,Beverages,172,0
2023-03-13,SKU-B-02,Beverages,70,0
2023-03-14,SKU-B-02,Beverages,47,0
2023-03-15,SKU-B-02,Beverages,112,0
2023-03-16,SKU-B-02,Beverages,112,0
2023-03-17,SKU-B-02,Beverages,393,1
2023-03-18,SKU-B-02,Beverages,168,0
2023-03-19,SKU-B-02,Beverages,125,0
2023-03-20,SKU-B-02,Beverages,203,0
2023-03-21,SKU-B-02,Beverages,111,0
2023-03-22,SKU-B-02,Beverages,86,0
2023-03-23,SKU-B-02,Beverages,152,0
2023-03-24,SKU-B-02,Beverages,122,0
2023-03-25,SKU-B-02,Beverages,165,0
2023-03-26,SKU-B-02,Beverages,235,1
2023-03-27,SKU-B-02,Beverages,99,0
2023-03-28,SKU-B-02,Beverages,68,0
2023-03-29,SKU-B-02,Beverages,120,0
2023-03-30,SKU-B-02,Beverages,107,0
2023-03-31,SKU-B-02,Beverages,137,1
2023-04-01,SKU-B-02,Beverages,213,0
2023-04-02,SKU-B-02,Beverages,355,1
2023-04-03,SKU-B-02,Beverages,96,0
2023-04-04,SKU-B-02,Beverages,111,0
2023-04-05,SKU-B-02,Beverages,63,0
2023-04-06,SKU-B-02,Beverages,203,0
2023-04-07,SKU-B-02,Beverages,141,0
2023-04-08,SKU-B-02,Beverages,100,0
2023-04-09,SKU-B-02,Beverages,91,0
2023-04-10,SKU-B-02,Beverages,145,0
2023-04-11,SKU-B-02,Beverages,87,0
2023-04-12,SKU-B-02,Beverages,60,0
2023-04-13,SKU-B-02,Beverages,47,0
2023-04-14,SKU-B-02,Beverages,100,0
2023-04-15,SKU-B-02,Beverages,74,0
2023-04-16,SKU-B-02,Beverages,99,0
2023-04-17,SKU-B-02,Beverages,63,0
2023-04-18,SKU-B-02,Beverages,89,0
2023-04-19,SKU-B-02,Beverages,92,0
2023-04-20,SKU-B-02,Beverages,105,0
2023-04-21,SKU-B-02,Beverages,101,0
2023-04-22,SKU-B-02,Beverages,171,1
2023-04-23,SKU-B-02,Beverages,209,0
2023-04-24,SKU-B-02,Beverages,70,0
2023-04-25,SKU-B-02,Beverages,132,0
2023-04-26,SKU-B-02,Beverages,114,0
2023-04-27,SKU-B-02,Beverages,53,0
2023-04-28,SKU-B-02,Beverages,107,0
2023-04-29,SKU-B-02,Beverages,227,0
2023-04-30,SKU-B-02,Beverages,637,1
2023-05-01,SKU-B-02,Beverages,67,0
2023-05-02,SKU-B-02,Beverages,79,0
2023-05-03,SKU-B-02,Beverages,185,0
2023-05-04,SKU-B-02,Beverages,74,0
2023-05-05,SKU-B-02,Beverages,136,0
2023-05-06,SKU-B-02,Beverages,159,0
2023-05-07,SKU-B-02,Beverages,390,0
2023-05-08,SKU-B-02,Beverages,222,0
2023-05-09,SKU-B-02,Beverages,104,0
2023-05-10,SKU-B-02,Beverages,90,0
2023-05-11,SKU-B-02,Beverages,52,0
2023-05-12,SKU-B-02,Beverages,83,0
2023-05-13,SKU-B-02,Beverages,131,0
2023-05-14,SKU-B-02,Beverages,146,0
2023-05-15,SKU-B-02,Beverages,264,1
2023-05-16,SKU-B-02,Beverages,121,0
2023-05-17,SKU-B-02,Beverages,95,1
2023-05-18,SKU-B-02,Beverages,206,0
2023-05-19,SKU-B-02,Beverages,53,0
2023-05-20,SKU-B-02,Beverages,229,0
2023-05-21,SKU-B-02,Beverages,190,0
2023-05-22,SKU-B-02,Beverages,154,0
2023-05-23,SKU-B-02,Beverages,60,0
2023-05-24,SKU-B-02,Beverages,187,1
2023-05-25,SKU-B-02,Beverages,166,0
2023-05-26,SKU-B-02,Beverages,223,0
2023-05-27,SKU-B-02,Beverages,117,0
2023-05-28,SKU-B-02,Beverages,245,0
2023-05-29,SKU-B-02,Beverages,374,0
2023-05-30,SKU-B-02,Beverages,87,0
2023-05-31,SKU-B-02,Beverages,222,1
2023-06-01,SKU-B-02,Beverages,66,0
2023-06-02,SKU-B-02,Beverages,102,0
2023-06-03,SKU-B-02,Beverages,143,0
2023-06-04,SKU-B-02,Beverages,116,0
2023-06-05,SKU-B-02,Beverages,187,0
2023-06-06,SKU-B-02,Beverages,64,0
2023-06-07,SKU-B-02,Beverages,97,0
2023-06-08,SKU-B-02,Beverages,96,0
2023-06-09,SKU-B-02,Beverages,207,0
2023-06-10,SKU-B-02,Beverages,289,0
2023-06-11,SKU-B-02,Beverages,503,1
2023-06-12,SKU-B-02,Beverages,169,0
2023-06-13,SKU-B-02,Beverages,191,0
2023-06-14,SKU-B-02,Beverages,52,0
2023-06-15,SKU-B-02,Beverages,106,0
2023-06-16,SKU-B-02,Beverages,344,0
2023-06-17,SKU-B-02,Beverages,123,0
2023-06-18,SKU-B-02,Beverages,178,0
2023-06-19,SKU-B-02,Beverages,94,0
2023-06-20,SKU-B-02,Beverages,131,0
2023-06-21,SKU-B-02,Beverages,128,0
2023-06-22,SKU-B-02,Beverages,178,0
2023-06-23,SKU-B-02,Beverages,204,0
2023-06-24,SKU-B-02,Beverages,247,0
2023-06-25,SKU-B-02,Beverages,251,0
2023-06-26,SKU-B-02,Beverages,249,1
2023-06-27,SKU-B-02,Beverages,123,0
2023-06-28,SKU-B-02,Beverages,91,0
2023-06-29,SKU-B-02,Beverages,213,0
2023-06-30,SKU-B-02,Beverages,121,0
2023-07-01,SKU-B-02,Beverages,281,0
2023-07-02,SKU-B-02,Beverages,254,0
2023-07-03,SKU-B-02,Beverages,113,0
2023-07-04,SKU-B-02,Beverages,80,0
2023-07-05,SKU-B-02,Beverages,153,0
2023-07-06,SKU-B-02,Beverages,87,0
2023-07-07,SKU-B-02,Beverages,151,0
2023-07-08,SKU-B-02,Beverages,290,0
2023-07-09,SKU-B-02,Beverages,113,0
2023-07-10,SKU-B-02,Beverages,132,0
2023-07-11,SKU-B-02,Beverages,110,0
2023-07-12,SKU-B-02,Beverages,223,0
2023-07-13,SKU-B-02,Beverages,198,0
2023-07-14,SKU-B-02,Beverages,341,1
2023-07-15,SKU-B-02,Beverages,179,0
2023-07-16,SKU-B-02,Beverages,203,0
2023-07-17,SKU-B-02,Beverages,181,0
2023-07-18,SKU-B-02,Beverages,192,0
2023-07-19,SKU-B-02,Beverages,91,0
2023-07-20,SKU-B-02,Beverages,155,0
2023-07-21,SKU-B-02,Beverages,228,0
2023-07-22,SKU-B-02,Beverages,478,1
2023-07-23,SKU-B-02,Beverages,297,0
2023-07-24,SKU-B-02,Beverages,102,0
2023-07-25,SKU-B-02,Beverages,325,1
2023-07-26,SKU-B-02,Beverages,334,0
2023-07-27,SKU-B-02,Beverages,148,0
2023-07-28,SKU-B-02,Beverages,146,0
2023-07-29,SKU-B-02,Beverages,268,0
2023-07-30,SKU-B-02,Beverages,200,0
2023-07-31,SKU-B-02,Beverages,56,0
2023-08-01,SKU-B-02,Beverages,158,0
2023-08-02,SKU-B-02,Beverages,119,0
2023-08-03,SKU-B-02,Beverages,149,0
2023-08-04,SKU-B-02,Beverages,150,0
2023-08-05,SKU-B-02,Beverages,320,0
2023-08-06,SKU-B-02,Beverages,381,0
2023-08-07,SKU-B-02,Beverages,99,0
2023-08-08,SKU-B-02,Beverages,201,0
2023-08-09,SKU-B-02,Beverages,101,0
2023-08-10,SKU-B-02,Beverages,134,0
2023-08-11,SKU-B-02,Beverages,245,0
2023-08-12,SKU-B-02,Beverages,634,1
2023-08-13,SKU-B-02,Beverages,302,0
2023-08-14,SKU-B-02,Beverages,116,0
2023-08-15,SKU-B-02,Beverages,176,0
2023-08-16,SKU-B-02,Beverages,147,0
2023-08-17,SKU-B-02,Beverages,125,0
2023-08-18,SKU-B-02,Beverages,174,0
2023-08-19,SKU-B-02,Beverages,214,0
2023-08-20,SKU-B-02,Beverages,757,1
2023-08-21,SKU-B-02,Beverages,204,0
2023-08-22,SKU-B-02,Beverages,200,0
2023-08-23,SKU-B-02,Beverages,194,0
2023-08-24,SKU-B-02,Beverages,107,0
2023-08-25,SKU-B-02,Beverages,136,0
2023-08-26,SKU-B-02,Beverages,254,0
2023-08-27,SKU-B-02,Beverages,243,0
2023-08-28,SKU-B-02,Beverages,144,0
2023-08-29,SKU-B-02,Beverages,81,0
2023-08-30,SKU-B-02,Beverages,137,0
2023-08-31,SKU-B-02,Beverages,142,0
2023-09-01,SKU-B-02,Beverages,160,0
2023-09-02,SKU-B-02,Beverages,295,1
2023-09-03,SKU-B-02,Beverages,730,1
2023-09-04,SKU-B-02,Beverages,96,0
2023-09-05,SKU-B-02,Beverages,97,0
2023-09-06,SKU-B-02,Beverages,119,0
2023-09-07,SKU-B-02,Beverages,57,0
2023-09-08,SKU-B-02,Beverages,109,0
2023-09-09,SKU-B-02,Beverages,334,0
2023-09-10,SKU-B-02,Beverages,174,0
2023-09-11,SKU-B-02,Beverages,117,0
2023-09-12,SKU-B-02,Beverages,184,0
2023-09-13,SKU-B-02,Beverages,115,0
2023-09-14,SKU-B-02,Beverages,93,0
2023-09-15,SKU-B-02,Beverages,156,0
2023-09-16,SKU-B-02,Beverages,297,0
2023-09-17,SKU-B-02,Beverages,174,0
2023-09-18,SKU-B-02,Beverages,74,0
2023-09-19,SKU-B-02,Beverages,149,1
2023-09-20,SKU-B-02,Beverages,125,1
2023-09-21,SKU-B-02,Beverages,63,0
2023-09-22,SKU-B-02,Beverages,63,0
2023-09-23,SKU-B-02,Beverages,173,0
2023-09-24,SKU-B-02,Beverages,223,0
2023-09-25,SKU-B-02,Beverages,101,0
2023-09-26,SKU-B-02,Beverages,220,1
2023-09-27,SKU-B-02,Beverages,148,0
2023-09-28,SKU-B-02,Beverages,184,0
2023-09-29,SKU-B-02,Beverages,352,1
2023-09-30,SKU-B-02,Beverages,147,0
2023-10-01,SKU-B-02,Beverages,137,0
2023-10-02,SKU-B-02,Beverages,82,0
2023-10-03,SKU-B-02,Beverages,102,0
2023-10-04,SKU-B-02,Beverages,74,0
2023-10-05,SKU-B-02,Beverages,140,0
2023-10-06,SKU-B-02,Beverages,105,0
2023-10-07,SKU-B-02,Beverages,172,0
2023-10-08,SKU-B-02,Beverages,351,1
2023-10-09,SKU-B-02,Beverages,74,0
2023-10-10,SKU-B-02,Beverages,112,0
2023-10-11,SKU-B-02,Beverages,116,0
2023-10-12,SKU-B-02,Beverages,126,0
2023-10-13,SKU-B-02,Beverages,160,0
2023-10-14,SKU-B-02,Beverages,349,1
2023-10-15,SKU-B-02,Beverages,99,0
2023-10-16,SKU-B-02,Beverages,195,0
2023-10-17,SKU-B-02,Beverages,78,0
2023-10-18,SKU-B-02,Beverages,94,0
2023-10-19,SKU-B-02,Beverages,183,0
2023-10-20,SKU-B-02,Beverages,74,0
2023-10-21,SKU-B-02,Beverages,128,0
2023-10-22,SKU-B-02,Beverages,142,0
2023-10-23,SKU-B-02,Beverages,146,0
2023-10-24,SKU-B-02,Beverages,104,0
2023-10-25,SKU-B-02,Beverages,51,0
2023-10-26,SKU-B-02,Beverages,188,0
2023-10-27,SKU-B-02,Beverages,168,0
2023-10-28,SKU-B-02,Beverages,251,0
2023-10-29,SKU-B-02,Beverages,119,0
2023-10-30,SKU-B-02,Beverages,121,0
2023-10-31,SKU-B-02,Beverages,55,0
2023-11-01,SKU-B-02,Beverages,121,0
2023-11-02,SKU-B-02,Beverages,112,0
2023-11-03,SKU-B-02,Beverages,101,0
2023-11-04,SKU-B-02,Beverages,125,0
2023-11-05,SKU-B-02,Beverages,101,0
2023-11-06,SKU-B-02,Beverages,193,1
2023-11-07,SKU-B-02,Beverages,249,1
2023-11-08,SKU-B-02,Beverages,75,0
2023-11-09,SKU-B-02,Beverages,104,0
2023-11-10,SKU-B-02,Beverages,40,0
2023-11-11,SKU-B-02,Beverages,649,1
2023-11-12,SKU-B-02,Beverages,253,0
2023-11-13,SKU-B-02,Beverages,91,0
2023-11-14,SKU-B-02,Beverages,231,1
2023-11-15,SKU-B-02,Beverages,102,0
2023-11-16,SKU-B-02,Beverages,205,0
2023-11-17,SKU-B-02,Beverages,118,0
2023-11-18,SKU-B-02,Beverages,107,0
2023-11-19,SKU-B-02,Beverages,142,0
2023-11-20,SKU-B-02,Beverages,99,0
2023-11-21,SKU-B-02,Beverages,97,0
2023-11-22,SKU-B-02,Beverages,49,0
2023-11-23,SKU-B-02,Beverages,80,0
2023-11-24,SKU-B-02,Beverages,201,0
2023-11-25,SKU-B-02,Beverages,210,0
2023-11-26,SKU-B-02,Beverages,90,0
2023-11-27,SKU-B-02,Beverages,57,0
2023-11-28,SKU-B-02,Beverages,51,0
2023-11-29,SKU-B-02,Beverages,133,0
2023-11-30,SKU-B-02,Beverages,168,0
2023-12-01,SKU-B-02,Beverages,93,0
2023-12-02,SKU-B-02,Beverages,123,0
2023-12-03,SKU-B-02,Beverages,107,0
2023-12-04,SKU-B-02,Beverages,93,0
2023-12-05,SKU-B-02,Beverages,65,0
2023-12-06,SKU-B-02,Beverages,135,0
2023-12-07,SKU-B-02,Beverages,219,0
2023-12-08,SKU-B-02,Beverages,223,0
2023-12-09,SKU-B-02,Beverages,133,0
2023-12-10,SKU-B-02,Beverages,231,0
2023-12-11,SKU-B-02,Beverages,97,0
2023-12-12,SKU-B-02,Beverages,141,0
2023-12-13,SKU-B-02,Beverages,89,0
2023-12-14,SKU-B-02,Beverages,385,1
2023-12-15,SKU-B-02,Beverages,399,1
2023-12-16,SKU-B-02,Beverages,260,0
2023-12-17,SKU-B-02,Beverages,256,0
2023-12-18,SKU-B-02,Beverages,35,0
2023-12-19,SKU-B-02,Beverages,157,0
2023-12-20,SKU-B-02,Beverages,108,0
2023-12-21,SKU-B-02,Beverages,165,0
2023-12-22,SKU-B-02,Beverages,145,0
2023-12-23,SKU-B-02,Beverages,131,0
2023-12-24,SKU-B-02,Beverages,94,0
2023-12-25,SKU-B-02,Beverages,100,0
2023-12-26,SKU-B-02,Beverages,93,0
2023-12-27,SKU-B-02,Beverages,159,0
2023-12-28,SKU-B-02,Beverages,67,0
2023-12-29,SKU-B-02,Beverages,205,0
2023-12-30,SKU-B-02,Beverages,83,0
2023-12-31,SKU-B-02,Beverages,95,0
2024-01-01,SKU-B-02,Beverages,73,0
2024-01-02,SKU-B-02,Beverages,111,0
2024-01-03,SKU-B-02,Beverages,103,0
2024-01-04,SKU-B-02,Beverages,94,0
2024-01-05,SKU-B-02,Beverages,154,0
2024-01-06,SKU-B-02,Beverages,722,1
2024-01-07,SKU-B-02,Beverages,83,0
2024-01-08,SKU-B-02,Beverages,111,0
2024-01-09,SKU-B-02,Beverages,101,0
2024-01-10,SKU-B-02,Beverages,133,0
2024-01-11,SKU-B-02,Beverages,88,0
2024-01-12,SKU-B-02,Beverages,127,0
2024-01-13,SKU-B-02,Beverages,165,0
2024-01-14,SKU-B-02,Beverages,202,0
2024-01-15,SKU-B-02,Beverages,121,0
2024-01-16,SKU-B-02,Beverages,75,0
2024-01-17,SKU-B-02,Beverages,74,0
2024-01-18,SKU-B-02,Beverages,80,0
2024-01-19,SKU-B-02,Beverages,65,0
2024-01-20,SKU-B-02,Beverages,627,1
2024-01-21,SKU-B-02,Beverages,145,0
2024-01-22,SKU-B-02,Beverages,158,0
2024-01-23,SKU-B-02,Beverages,113,0
2024-01-24,SKU-B-02,Beverages,127,0
2024-01-25,SKU-B-02,Beverages,159,0
2024-01-26,SKU-B-02,Beverages,154,0
2024-01-27,SKU-B-02,Beverages,75,0
2024-01-28,SKU-B-02,Beverages,171,0
2024-01-29,SKU-B-02,Beverages,82,0
2024-01-30,SKU-B-02,Beverages,94,0
2024-01-31,SKU-B-02,Beverages,50,0
2024-02-01,SKU-B-02,Beverages,137,0
2024-02-02,SKU-B-02,Beverages,134,0
2024-02-03,SKU-B-02,Beverages,316,1
2024-02-04,SKU-B-02,Beverages,264,0
2024-02-05,SKU-B-02,Beverages,330,1
2024-02-06,SKU-B-02,Beverages,140,0
2024-02-07,SKU-B-02,Beverages,96,0
2024-02-08,SKU-B-02,Beverages,167,0
2024-02-09,SKU-B-02,Beverages,230,0
2024-02-10,SKU-B-02,Beverages,134,0
2024-02-11,SKU-B-02,Beverages,58,0
2024-02-12,SKU-B-02,Beverages,86,0
2024-02-13,SKU-B-02,Beverages,72,0
2024-02-14,SKU-B-02,Beverages,179,0
2024-02-15,SKU-B-02,Beverages,94,0
2024-02-16,SKU-B-02,Beverages,186,0
2024-02-17,SKU-B-02,Beverages,272,0
2024-02-18,SKU-B-02,Beverages,145,0
2024-02-19,SKU-B-02,Beverages,70,0
2024-02-20,SKU-B-02,Beverages,87,0
2024-02-21,SKU-B-02,Beverages,35,0
2024-02-22,SKU-B-02,Beverages,131,0
2024-02-23,SKU-B-02,Beverages,153,0
2024-02-24,SKU-B-02,Beverages,129,0
2024-02-25,SKU-B-02,Beverages,80,0
2024-02-26,SKU-B-02,Beverages,84,0
2024-02-27,SKU-B-02,Beverages,60,0
2024-02-28,SKU-B-02,Beverages,104,0
2024-02-29,SKU-B-02,Beverages,136,0
2024-03-01,SKU-B-02,Beverages,108,0
2024-03-02,SKU-B-02,Beverages,86,0
2024-03-03,SKU-B-02,Beverages,111,0
2024-03-04,SKU-B-02,Beverages,91,0
2024-03-05,SKU-B-02,Beverages,127,0
2024-03-06,SKU-B-02,Beverages,126,0
2024-03-07,SKU-B-02,Beverages,116,0
2024-03-08,SKU-B-02,Beverages,332,1
2024-03-09,SKU-B-02,Beverages,120,0
2024-03-10,SKU-B-02,Beverages,175,0
2024-03-11,SKU-B-02,Beverages,31,0
2024-03-12,SKU-B-02,Beverages,106,0
2024-03-13,SKU-B-02,Beverages,114,0
2024-03-14,SKU-B-02,Beverages,73,0
2024-03-15,SKU-B-02,Beverages,47,0
2024-03-16,SKU-B-02,Beverages,203,0
2024-03-17,SKU-B-02,Beverages,113,0
2024-03-18,SKU-B-02,Beverages,106,0
2024-03-19,SKU-B-02,Beverages,125,0
2024-03-20,SKU-B-02,Beverages,97,0
2024-03-21,SKU-B-02,Beverages,101,0
2024-03-22,SKU-B-02,Beverages,84,0
2024-03-23,SKU-B-02,Beverages,303,0
2024-03-24,SKU-B-02,Beverages,139,0
2024-03-25,SKU-B-02,Beverages,125,0
2024-03-26,SKU-B-02,Beverages,122,0
2024-03-27,SKU-B-02,Beverages,119,0
2024-03-28,SKU-B-02,Beverages,136,1
2024-03-29,SKU-B-02,Beverages,361,0
2024-03-30,SKU-B-02,Beverages,159,0
2024-03-31,SKU-B-02,Beverages,176,0
2024-04-01,SKU-B-02,Beverages,143,0
2024-04-02,SKU-B-02,Beverages,52,0
2024-04-03,SKU-B-02,Beverages,326,1
2024-04-04,SKU-B-02,Beverages,217,1
2024-04-05,SKU-B-02,Beverages,148,0
2024-04-06,SKU-B-02,Beverages,238,0
2024-04-07,SKU-B-02,Beverages,168,0
2024-04-08,SKU-B-02,Beverages,144,1
2024-04-09,SKU-B-02,Beverages,142,1
2024-04-10,SKU-B-02,Beverages,133,0
2024-04-11,SKU-B-02,Beverages,83,0
2024-04-12,SKU-B-02,Beverages,103,0
2024-04-13,SKU-B-02,Beverages,382,0
2024-04-14,SKU-B-02,Beverages,332,1
2024-04-15,SKU-B-02,Beverages,128,0
2024-04-16,SKU-B-02,Beverages,92,0
2024-04-17,SKU-B-02,Beverages,140,0
2024-04-18,SKU-B-02,Beverages,87,0
2024-04-19,SKU-B-02,Beverages,115,0
2024-04-20,SKU-B-02,Beverages,166,0
2024-04-21,SKU-B-02,Beverages,217,0
2024-04-22,SKU-B-02,Beverages,40,0
2024-04-23,SKU-B-02,Beverages,99,0
2024-04-24,SKU-B-02,Beverages,65,0
2024-04-25,SKU-B-02,Beverages,102,0
2024-04-26,SKU-B-02,Beverages,239,0
2024-04-27,SKU-B-02,Beverages,239,0
2024-04-28,SKU-B-02,Beverages,157,0
2024-04-29,SKU-B-02,Beverages,120,0
2024-04-30,SKU-B-02,Beverages,124,0
2024-05-01,SKU-B-02,Beverages,102,0
2024-05-02,SKU-B-02,Beverages,156,0
2024-05-03,SKU-B-02,Beverages,124,0
2024-05-04,SKU-B-02,Beverages,297,0
2024-05-05,SKU-B-02,Beverages,139,0
2024-05-06,SKU-B-02,Beverages,110,0
2024-05-07,SKU-B-02,Beverages,104,0
2024-05-08,SKU-B-02,Beverages,112,0
2024-05-09,SKU-B-02,Beverages,107,0
2024-05-10,SKU-B-02,Beverages,147,0
2024-05-11,SKU-B-02,Beverages,169,0
2024-05-12,SKU-B-02,Beverages,342,0
2024-05-13,SKU-B-02,Beverages,61,0
2024-05-14,SKU-B-02,Beverages,124,0
2024-05-15,SKU-B-02,Beverages,141,0
2024-05-16,SKU-B-02,Beverages,155,0
2024-05-17,SKU-B-02,Beverages,136,0
2024-05-18,SKU-B-02,Beverages,273,0
2024-05-19,SKU-B-02,Beverages,198,0
2024-05-20,SKU-B-02,Beverages,180,0
2024-05-21,SKU-B-02,Beverages,206,0
2024-05-22,SKU-B-02,Beverages,147,0
2024-05-23,SKU-B-02,Beverages,123,0
2024-05-24,SKU-B-02,Beverages,218,0
2024-05-25,SKU-B-02,Beverages,426,0
2024-05-26,SKU-B-02,Beverages,210,0
2024-05-27,SKU-B-02,Beverages,107,0
2024-05-28,SKU-B-02,Beverages,136,0
2024-05-29,SKU-B-02,Beverages,157,0
2024-05-30,SKU-B-02,Beverages,101,0
2024-05-31,SKU-B-02,Beverages,281,0
2024-06-01,SKU-B-02,Beverages,326,0
2024-06-02,SKU-B-02,Beverages,205,0
2024-06-03,SKU-B-02,Beverages,154,0
2024-06-04,SKU-B-02,Beverages,123,0
2024-06-05,SKU-B-02,Beverages,170,0
2024-06-06,SKU-B-02,Beverages,165,0
2024-06-07,SKU-B-02,Beverages,232,0
2024-06-08,SKU-B-02,Beverages,216,0
2024-06-09,SKU-B-02,Beverages,166,0
2024-06-10,SKU-B-02,Beverages,129,0
2024-06-11,SKU-B-02,Beverages,181,0
2024-06-12,SKU-B-02,Beverages,112,0
2024-06-13,SKU-B-02,Beverages,189,0
2024-06-14,SKU-B-02,Beverages,134,0
2024-06-15,SKU-B-02,Beverages,143,0
2024-06-16,SKU-B-02,Beverages,278,0
2024-06-17,SKU-B-02,Beverages,107,0
2024-06-18,SKU-B-02,Beverages,88,0
2024-06-19,SKU-B-02,Beverages,99,0
2024-06-20,SKU-B-02,Beverages,134,0
2024-06-21,SKU-B-02,Beverages,99,0
2024-06-22,SKU-B-02,Beverages,264,0
2024-06-23,SKU-B-02,Beverages,160,0
2024-06-24,SKU-B-02,Beverages,293,0
2024-06-25,SKU-B-02,Beverages,141,0
2024-06-26,SKU-B-02,Beverages,143,0
2024-06-27,SKU-B-02,Beverages,214,0
2024-06-28,SKU-B-02,Beverages,179,0
2024-06-29,SKU-B-02,Beverages,231,0
2024-06-30,SKU-B-02,Beverages,283,0
2024-07-01,SKU-B-02,Beverages,170,0
2024-07-02,SKU-B-02,Beverages,206,0
2024-07-03,SKU-B-02,Beverages,217,0
2024-07-04,SKU-B-02,Beverages,98,0
2024-07-05,SKU-B-02,Beverages,99,0
2024-07-06,SKU-B-02,Beverages,294,0
2024-07-07,SKU-B-02,Beverages,165,0
2024-07-08,SKU-B-02,Beverages,141,0
2024-07-09,SKU-B-02,Beverages,139,0
2024-07-10,SKU-B-02,Beverages,137,0
2024-07-11,SKU-B-02,Beverages,166,0
2024-07-12,SKU-B-02,Beverages,274,0
2024-07-13,SKU-B-02,Beverages,282,0
2024-07-14,SKU-B-02,Beverages,295,0
2024-07-15,SKU-B-02,Beverages,527,1
2024-07-16,SKU-B-02,Beverages,62,0
2024-07-17,SKU-B-02,Beverages,293,0
2024-07-18,SKU-B-02,Beverages,191,0
2024-07-19,SKU-B-02,Beverages,95,0
2024-07-20,SKU-B-02,Beverages,509,0
2024-07-21,SKU-B-02,Beverages,114,0
2024-07-22,SKU-B-02,Beverages,109,0
2024-07-23,SKU-B-02,Beverages,150,0
2024-07-24,SKU-B-02,Beverages,165,0
2024-07-25,SKU-B-02,Beverages,209,0
2024-07-26,SKU-B-02,Beverages,498,0
2024-07-27,SKU-B-02,Beverages,235,0
2024-07-28,SKU-B-02,Beverages,102,0
2024-07-29,SKU-B-02,Beverages,303,0
2024-07-30,SKU-B-02,Beverages,202,0
2024-07-31,SKU-B-02,Beverages,187,0
2024-08-01,SKU-B-02,Beverages,196,0
2024-08-02,SKU-B-02,Beverages,181,0
2024-08-03,SKU-B-02,Beverages,150,0
2024-08-04,SKU-B-02,Beverages,92,0
2024-08-05,SKU-B-02,Beverages,153,0
2024-08-06,SKU-B-02,Beverages,59,0
2024-08-07,SKU-B-02,Beverages,104,0
2024-08-08,SKU-B-02,Beverages,177,0
2024-08-09,SKU-B-02,Beverages,188,0
2024-08-10,SKU-B-02,Beverages,240,0
2024-08-11,SKU-B-02,Beverages,247,0
2024-08-12,SKU-B-02,Beverages,85,0
2024-08-13,SKU-B-02,Beverages,214,0
2024-08-14,SKU-B-02,Beverages,198,0
2024-08-15,SKU-B-02,Beverages,240,1
2024-08-16,SKU-B-02,Beverages,311,0
2024-08-17,SKU-B-02,Beverages,169,0
2024-08-18,SKU-B-02,Beverages,311,0
2024-08-19,SKU-B-02,Beverages,55,0
2024-08-20,SKU-B-02,Beverages,197,0
2024-08-21,SKU-B-02,Beverages,112,0
2024-08-22,SKU-B-02,Beverages,143,0
2024-08-23,SKU-B-02,Beverages,424,1
2024-08-24,SKU-B-02,Beverages,321,0
2024-08-25,SKU-B-02,Beverages,142,0
2024-08-26,SKU-B-02,Beverages,236,0
2024-08-27,SKU-B-02,Beverages,199,0
2024-08-28,SKU-B-02,Beverages,146,0
2024-08-29,SKU-B-02,Beverages,250,0
2024-08-30,SKU-B-02,Beverages,145,0
2024-08-31,SKU-B-02,Beverages,169,0
2024-09-01,SKU-B-02,Beverages,177,0
2024-09-02,SKU-B-02,Beverages,159,0
2024-09-03,SKU-B-02,Beverages,171,0
2024-09-04,SKU-B-02,Beverages,182,0
2024-09-05,SKU-B-02,Beverages,117,0
2024-09-06,SKU-B-02,Beverages,83,0
2024-09-07,SKU-B-02,Beverages,440,1
2024-09-08,SKU-B-02,Beverages,326,0
2024-09-09,SKU-B-02,Beverages,94,0
2024-09-10,SKU-B-02,Beverages,115,0
2024-09-11,SKU-B-02,Beverages,136,0
2024-09-12,SKU-B-02,Beverages,204,0
2024-09-13,SKU-B-02,Beverages,129,0
2024-09-14,SKU-B-02,Beverages,145,0
2024-09-15,SKU-B-02,Beverages,159,0
2024-09-16,SKU-B-02,Beverages,187,0
2024-09-17,SKU-B-02,Beverages,90,0
2024-09-18,SKU-B-02,Beverages,202,0
2024-09-19,SKU-B-02,Beverages,123,0
2024-09-20,SKU-B-02,Beverages,132,0
2024-09-21,SKU-B-02,Beverages,208,0
2024-09-22,SKU-B-02,Beverages,224,0
2024-09-23,SKU-B-02,Beverages,117,0
2024-09-24,SKU-B-02,Beverages,111,0
2024-09-25,SKU-B-02,Beverages,120,0
2024-09-26,SKU-B-02,Beverages,120,0
2024-09-27,SKU-B-02,Beverages,139,0
2024-09-28,SKU-B-02,Beverages,183,0
2024-09-29,SKU-B-02,Beverages,122,0
2024-09-30,SKU-B-02,Beverages,115,0
2024-10-01,SKU-B-02,Beverages,99,0
2024-10-02,SKU-B-02,Beverages,149,0
2024-10-03,SKU-B-02,Beverages,99,0
2024-10-04,SKU-B-02,Beverages,38,0
2024-10-05,SKU-B-02,Beverages,386,0
2024-10-06,SKU-B-02,Beverages,100,0
2024-10-07,SKU-B-02,Beverages,94,0
2024-10-08,SKU-B-02,Beverages,119,0
2024-10-09,SKU-B-02,Beverages,83,0
2024-10-10,SKU-B-02,Beverages,140,0
2024-10-11,SKU-B-02,Beverages,151,0
2024-10-12,SKU-B-02,Beverages,258,0
2024-10-13,SKU-B-02,Beverages,178,0
2024-10-14,SKU-B-02,Beverages,172,0
2024-10-15,SKU-B-02,Beverages,178,0
2024-10-16,SKU-B-02,Beverages,225,0
2024-10-17,SKU-B-02,Beverages,167,0
2024-10-18,SKU-B-02,Beverages,141,0
2024-10-19,SKU-B-02,Beverages,283,0
2024-10-20,SKU-B-02,Beverages,285,0
2024-10-21,SKU-B-02,Beverages,103,0
2024-10-22,SKU-B-02,Beverages,80,0
2024-10-23,SKU-B-02,Beverages,185,0
2024-10-24,SKU-B-02,Beverages,169,0
2024-10-25,SKU-B-02,Beverages,186,0
2024-10-26,SKU-B-02,Beverages,137,0
2024-10-27,SKU-B-02,Beverages,168,1
2024-10-28,SKU-B-02,Beverages,114,0
2024-10-29,SKU-B-02,Beverages,107,0
2024-10-30,SKU-B-02,Beverages,77,0
2024-10-31,SKU-B-02,Beverages,171,0
2024-11-01,SKU-B-02,Beverages,195,0
2024-11-02,SKU-B-02,Beverages,308,0
2024-11-03,SKU-B-02,Beverages,262,0
2024-11-04,SKU-B-02,Beverages,132,0
2024-11-05,SKU-B-02,Beverages,110,0
2024-11-06,SKU-B-02,Beverages,189,0
2024-11-07,SKU-B-02,Beverages,91,0
2024-11-08,SKU-B-02,Beverages,101,0
2024-11-09,SKU-B-02,Beverages,303,1
2024-11-10,SKU-B-02,Beverages,258,0
2024-11-11,SKU-B-02,Beverages,74,0
2024-11-12,SKU-B-02,Beverages,120,0
2024-11-13,SKU-B-02,Beverages,138,0
2024-11-14,SKU-B-02,Beverages,143,0
2024-11-15,SKU-B-02,Beverages,89,0
2024-11-16,SKU-B-02,Beverages,402,1
2024-11-17,SKU-B-02,Beverages,255,0
2024-11-18,SKU-B-02,Beverages,145,0
2024-11-19,SKU-B-02,Beverages,54,0
2024-11-20,SKU-B-02,Beverages,113,0
2024-11-21,SKU-B-02,Beverages,193,0
2024-11-22,SKU-B-02,Beverages,175,0
2024-11-23,SKU-B-02,Beverages,87,0
2024-11-24,SKU-B-02,Beverages,211,0
2024-11-25,SKU-B-02,Beverages,68,0
2024-11-26,SKU-B-02,Beverages,315,1
2024-11-27,SKU-B-02,Beverages,170,0
2024-11-28,SKU-B-02,Beverages,163,1
2024-11-29,SKU-B-02,Beverages,204,0
2024-11-30,SKU-B-02,Beverages,154,0
2024-12-01,SKU-B-02,Beverages,257,0
2024-12-02,SKU-B-02,Beverages,113,0
2024-12-03,SKU-B-02,Beverages,165,0
2024-12-04,SKU-B-02,Beverages,172,0
2024-12-05,SKU-B-02,Beverages,165,0
2024-12-06,SKU-B-02,Beverages,152,0
2024-12-07,SKU-B-02,Beverages,173,0
2024-12-08,SKU-B-02,Beverages,203,0
2024-12-09,SKU-B-02,Beverages,72,0
2024-12-10,SKU-B-02,Beverages,195,0
2024-12-11,SKU-B-02,Beverages,82,0
2024-12-12,SKU-B-02,Beverages,256,0
2024-12-13,SKU-B-02,Beverages,259,1
2024-12-14,SKU-B-02,Beverages,227,0
2024-12-15,SKU-B-02,Beverages,136,0
2024-12-16,SKU-B-02,Beverages,63,0
2024-12-17,SKU-B-02,Beverages,80,0
2024-12-18,SKU-B-02,Beverages,382,1
2024-12-19,SKU-B-02,Beverages,119,0
2024-12-20,SKU-B-02,Beverages,220,0
2024-12-21,SKU-B-02,Beverages,218,0
2024-12-22,SKU-B-02,Beverages,182,0
2024-12-23,SKU-B-02,Beverages,98,0
2024-12-24,SKU-B-02,Beverages,450,1
2024-12-25,SKU-B-02,Beverages,85,0
2024-12-26,SKU-B-02,Beverages,136,0
2024-12-27,SKU-B-02,Beverages,203,0
2024-12-28,SKU-B-02,Beverages,140,0
2024-12-29,SKU-B-02,Beverages,60,0
2024-12-30,SKU-B-02,Beverages,64,0
2024-12-31,SKU-B-02,Beverages,106,0
2025-01-01,SKU-B-02,Beverages,198,0
2025-01-02,SKU-B-02,Beverages,154,0
2025-01-03,SKU-B-02,Beverages,216,0
2025-01-04,SKU-B-02,Beverages,165,0
2025-01-05,SKU-B-02,Beverages,299,0
2025-01-06,SKU-B-02,Beverages,319,1
2025-01-07,SKU-B-02,Beverages,190,0
2025-01-08,SKU-B-02,Beverages,122,0
2025-01-09,SKU-B-02,Beverages,144,0
2025-01-10,SKU-B-02,Beverages,194,0
2025-01-11,SKU-B-02,Beverages,119,0
2025-01-12,SKU-B-02,Beverages,138,0
2025-01-13,SKU-B-02,Beverages,145,0
2025-01-14,SKU-B-02,Beverages,142,0
2025-01-15,SKU-B-02,Beverages,107,0
2025-01-16,SKU-B-02,Beverages,99,0
2025-01-17,SKU-B-02,Beverages,158,0
2025-01-18,SKU-B-02,Beverages,205,0
2025-01-19,SKU-B-02,Beverages,179,0
2025-01-20,SKU-B-02,Beverages,108,0
2025-01-21,SKU-B-02,Beverages,138,0
2025-01-22,SKU-B-02,Beverages,97,0
2025-01-23,SKU-B-02,Beverages,233,0
2025-01-24,SKU-B-02,Beverages,104,0
2025-01-25,SKU-B-02,Beverages,217,0
2025-01-26,SKU-B-02,Beverages,173,0
2025-01-27,SKU-B-02,Beverages,117,0
2025-01-28,SKU-B-02,Beverages,71,0
2025-01-29,SKU-B-02,Beverages,116,0
2025-01-30,SKU-B-02,Beverages,200,0
2025-01-31,SKU-B-02,Beverages,92,0
2025-02-01,SKU-B-02,Beverages,80,0
2025-02-02,SKU-B-02,Beverages,204,0
2025-02-03,SKU-B-02,Beverages,165,0
2025-02-04,SKU-B-02,Beverages,80,0
2025-02-05,SKU-B-02,Beverages,136,0
2025-02-06,SKU-B-02,Beverages,149,0
2025-02-07,SKU-B-02,Beverages,147,0
2025-02-08,SKU-B-02,Beverages,150,0
2025-02-09,SKU-B-02,Beverages,117,0
2025-02-10,SKU-B-02,Beverages,159,0
2025-02-11,SKU-B-02,Beverages,143,0
2025-02-12,SKU-B-02,Beverages,78,0
2025-02-13,SKU-B-02,Beverages,194,0
2025-02-14,SKU-B-02,Beverages,157,0
2025-02-15,SKU-B-02,Beverages,244,1
2025-02-16,SKU-B-02,Beverages,213,0
2025-02-17,SKU-B-02,Beverages,117,0
2025-02-18,SKU-B-02,Beverages,175,0
2025-02-19,SKU-B-02,Beverages,41,0
2025-02-20,SKU-B-02,Beverages,133,0
2025-02-21,SKU-B-02,Beverages,174,0
2025-02-22,SKU-B-02,Beverages,130,0
2025-02-23,SKU-B-02,Beverages,149,0
2025-02-24,SKU-B-02,Beverages,64,0
2025-02-25,SKU-B-02,Beverages,123,0
2025-02-26,SKU-B-02,Beverages,272,0
2025-02-27,SKU-B-02,Beverages,71,0
2025-02-28,SKU-B-02,Beverages,308,0
2025-03-01,SKU-B-02,Beverages,427,1
2025-03-02,SKU-B-02,Beverages,124,0
2025-03-03,SKU-B-02,Beverages,97,0
2025-03-04,SKU-B-02,Beverages,206,0
2025-03-05,SKU-B-02,Beverages,75,0
2025-03-06,SKU-B-02,Beverages,188,0
2025-03-07,SKU-B-02,Beverages,96,0
2025-03-08,SKU-B-02,Beverages,221,0
2025-03-09,SKU-B-02,Beverages,208,0
2025-03-10,SKU-B-02,Beverages,163,1
2025-03-11,SKU-B-02,Beverages,48,0
2025-03-12,SKU-B-02,Beverages,167,0
2025-03-13,SKU-B-02,Beverages,239,0
2025-03-14,SKU-B-02,Beverages,127,0
2025-03-15,SKU-B-02,Beverages,309,0
2025-03-16,SKU-B-02,Beverages,379,0
2025-03-17,SKU-B-02,Beverages,99,0
2025-03-18,SKU-B-02,Beverages,156,0
2025-03-19,SKU-B-02,Beverages,97,0
2025-03-20,SKU-B-02,Beverages,158,0
2025-03-21,SKU-B-02,Beverages,267,0
2025-03-22,SKU-B-02,Beverages,235,0
2025-03-23,SKU-B-02,Beverages,768,1
2025-03-24,SKU-B-02,Beverages,114,0
2025-03-25,SKU-B-02,Beverages,187,1
2025-03-26,SKU-B-02,Beverages,88,0
2025-03-27,SKU-B-02,Beverages,271,0
2025-03-28,SKU-B-02,Beverages,232,0
2025-03-29,SKU-B-02,Beverages,228,0
2025-03-30,SKU-B-02,Beverages,263,0
2025-03-31,SKU-B-02,Beverages,135,0
2025-04-01,SKU-B-02,Beverages,267,1
2025-04-02,SKU-B-02,Beverages,182,0
2025-04-03,SKU-B-02,Beverages,282,0
2025-04-04,SKU-B-02,Beverages,243,0
2025-04-05,SKU-B-02,Beverages,189,0
2025-04-06,SKU-B-02,Beverages,183,0
2025-04-07,SKU-B-02,Beverages,235,0
2025-04-08,SKU-B-02,Beverages,146,0
2025-04-09,SKU-B-02,Beverages,152,0
2025-04-10,SKU-B-02,Beverages,257,1
2025-04-11,SKU-B-02,Beverages,163,0
2025-04-12,SKU-B-02,Beverages,167,0
2025-04-13,SKU-B-02,Beverages,220,0
2025-04-14,SKU-B-02,Beverages,196,0
2025-04-15,SKU-B-02,Beverages,193,0
2025-04-16,SKU-B-02,Beverages,112,0
2025-04-17,SKU-B-02,Beverages,657,1
2025-04-18,SKU-B-02,Beverages,237,0
2025-04-19,SKU-B-02,Beverages,228,0
2025-04-20,SKU-B-02,Beverages,148,0
2025-04-21,SKU-B-02,Beverages,119,0
2025-04-22,SKU-B-02,Beverages,195,0
2025-04-23,SKU-B-02,Beverages,133,0
2025-04-24,SKU-B-02,Beverages,144,0
2025-04-25,SKU-B-02,Beverages,124,0
2025-04-26,SKU-B-02,Beverages,191,0
2025-04-27,SKU-B-02,Beverages,149,0
2025-04-28,SKU-B-02,Beverages,278,0
2025-04-29,SKU-B-02,Beverages,146,0
2025-04-30,SKU-B-02,Beverages,128,0
2025-05-01,SKU-B-02,Beverages,226,0
2025-05-02,SKU-B-02,Beverages,156,0
2025-05-03,SKU-B-02,Beverages,228,0
2025-05-04,SKU-B-02,Beverages,289,0
2025-05-05,SKU-B-02,Beverages,182,0
2025-05-06,SKU-B-02,Beverages,180,0
2025-05-07,SKU-B-02,Beverages,84,0
2025-05-08,SKU-B-02,Beverages,179,0
2025-05-09,SKU-B-02,Beverages,128,0
2025-05-10,SKU-B-02,Beverages,254,0
2025-05-11,SKU-B-02,Beverages,263,0
2025-05-12,SKU-B-02,Beverages,127,0
2025-05-13,SKU-B-02,Beverages,83,0
2025-05-14,SKU-B-02,Beverages,170,0
2025-05-15,SKU-B-02,Beverages,82,0
2025-05-16,SKU-B-02,Beverages,133,0
2025-05-17,SKU-B-02,Beverages,135,0
2025-05-18,SKU-B-02,Beverages,589,1
2025-05-19,SKU-B-02,Beverages,67,0
2025-05-20,SKU-B-02,Beverages,217,0
2025-05-21,SKU-B-02,Beverages,79,0
2025-05-22,SKU-B-02,Beverages,140,0
2025-05-23,SKU-B-02,Beverages,183,0
2025-05-24,SKU-B-02,Beverages,185,0
2025-05-25,SKU-B-02,Beverages,149,0
2025-05-26,SKU-B-02,Beverages,138,0
2025-05-27,SKU-B-02,Beverages,111,0
2025-05-28,SKU-B-02,Beverages,73,0
2025-05-29,SKU-B-02,Beverages,211,0
2025-05-30,SKU-B-02,Beverages,137,0
2025-05-31,SKU-B-02,Beverages,531,1
2025-06-01,SKU-B-02,Beverages,158,0
2025-06-02,SKU-B-02,Beverages,173,0
2025-06-03,SKU-B-02,Beverages,111,0
2025-06-04,SKU-B-02,Beverages,138,0
2025-06-05,SKU-B-02,Beverages,154,0
2025-06-06,SKU-B-02,Beverages,70,0
2025-06-07,SKU-B-02,Beverages,200,0
2025-06-08,SKU-B-02,Beverages,405,0
2025-06-09,SKU-B-02,Beverages,186,0
2025-06-10,SKU-B-02,Beverages,205,0
2025-06-11,SKU-B-02,Beverages,54,0
2025-06-12,SKU-B-02,Beverages,221,0
2025-06-13,SKU-B-02,Beverages,369,0
2025-06-14,SKU-B-02,Beverages,468,0
2025-06-15,SKU-B-02,Beverages,164,0
2025-06-16,SKU-B-02,Beverages,212,0
2025-06-17,SKU-B-02,Beverages,124,0
2025-06-18,SKU-B-02,Beverages,139,0
2025-06-19,SKU-B-02,Beverages,337,0
2025-06-20,SKU-B-02,Beverages,170,0
2025-06-21,SKU-B-02,Beverages,374,0
2025-06-22,SKU-B-02,Beverages,252,0
2025-06-23,SKU-B-02,Beverages,112,0
2025-06-24,SKU-B-02,Beverages,145,0
2025-06-25,SKU-B-02,Beverages,82,0
2025-06-26,SKU-B-02,Beverages,86,0
2025-06-27,SKU-B-02,Beverages,259,0
2025-06-28,SKU-B-02,Beverages,323,0
2025-06-29,SKU-B-02,Beverages,252,0
2025-06-30,SKU-B-02,Beverages,274,0
2025-07-01,SKU-B-02,Beverages,156,0
2023-01-01,SKU-B-03,Beverages,66,0
2023-01-02,SKU-B-03,Beverages,51,0
2023-01-03,SKU-B-03,Beverages,97,0
2023-01-04,SKU-B-03,Beverages,75,0
2023-01-05,SKU-B-03,Beverages,74,0
2023-01-06,SKU-B-03,Beverages,78,0
2023-01-07,SKU-B-03,Beverages,98,0
2023-01-08,SKU-B-03,Beverages,106,0
2023-01-09,SKU-B-03,Beverages,56,0
2023-01-10,SKU-B-03,Beverages,63,0
2023-01-11,SKU-B-03,Beverages,64,0
2023-01-12,SKU-B-03,Beverages,74,0
2023-01-13,SKU-B-03,Beverages,47,0
2023-01-14,SKU-B-03,Beverages,69,0
2023-01-15,SKU-B-03,Beverages,120,0
2023-01-16,SKU-B-03,Beverages,44,0
2023-01-17,SKU-B-03,Beverages,102,0
2023-01-18,SKU-B-03,Beverages,103,0
2023-01-19,SKU-B-03,Beverages,38,0
2023-01-20,SKU-B-03,Beverages,143,0
2023-01-21,SKU-B-03,Beverages,158,0
2023-01-22,SKU-B-03,Beverages,145,0
2023-01-23,SKU-B-03,Beverages,73,0
2023-01-24,SKU-B-03,Beverages,59,0
2023-01-25,SKU-B-03,Beverages,69,0
2023-01-26,SKU-B-03,Beverages,65,0
2023-01-27,SKU-B-03,Beverages,139,0
2023-01-28,SKU-B-03,Beverages,86,0
2023-01-29,SKU-B-03,Beverages,109,0
2023-01-30,SKU-B-03,Beverages,86,0
2023-01-31,SKU-B-03,Beverages,63,0
2023-02-01,SKU-B-03,Beverages,66,0
2023-02-02,SKU-B-03,Beverages,60,0
2023-02-03,SKU-B-03,Beverages,90,0
2023-02-04,SKU-B-03,Beverages,325,1
2023-02-05,SKU-B-03,Beverages,109,0
2023-02-06,SKU-B-03,Beverages,104,0
2023-02-07,SKU-B-03,Beverages,49,0
2023-02-08,SKU-B-03,Beverages,87,0
2023-02-09,SKU-B-03,Beverages,47,0
2023-02-10,SKU-B-03,Beverages,110,0
2023-02-11,SKU-B-03,Beverages,123,0
2023-02-12,SKU-B-03,Beverages,112,0
2023-02-13,SKU-B-03,Beverages,63,0
2023-02-14,SKU-B-03,Beverages,102,0
2023-02-15,SKU-B-03,Beverages,49,0
2023-02-16,SKU-B-03,Beverages,64,0
2023-02-17,SKU-B-03,Beverages,63,0
2023-02-18,SKU-B-03,Beverages,84,0
2023-02-19,SKU-B-03,Beverages,71,0
2023-02-20,SKU-B-03,Beverages,58,0
2023-02-21,SKU-B-03,Beverages,139,0
2023-02-22,SKU-B-03,Beverages,47,0
2023-02-23,SKU-B-03,Beverages,122,0
2023-02-24,SKU-B-03,Beverages,127,0
2023-02-25,SKU-B-03,Beverages,160,0
2023-02-26,SKU-B-03,Beverages,136,0
2023-02-27,SKU-B-03,Beverages,99,0
2023-02-28,SKU-B-03,Beverages,99,0
2023-03-01,SKU-B-03,Beverages,61,0
2023-03-02,SKU-B-03,Beverages,27,0
2023-03-03,SKU-B-03,Beverages,50,0
2023-03-04,SKU-B-03,Beverages,113,0
2023-03-05,SKU-B-03,Beverages,127,0
2023-03-06,SKU-B-03,Beverages,37,0
2023-03-07,SKU-B-03,Beverages,54,0
2023-03-08,SKU-B-03,Beverages,76,0
2023-03-09,SKU-B-03,Beverages,111,0
2023-03-10,SKU-B-03,Beverages,167,0
2023-03-11,SKU-B-03,Beverages,148,0
2023-03-12,SKU-B-03,Beverages,139,0
2023-03-13,SKU-B-03,Beverages,213,1
2023-03-14,SKU-B-03,Beverages,81,0
2023-03-15,SKU-B-03,Beverages,170,0
2023-03-16,SKU-B-03,Beverages,50,0
2023-03-17,SKU-B-03,Beverages,169,0
2023-03-18,SKU-B-03,Beverages,107,0
2023-03-19,SKU-B-03,Beverages,121,0
2023-03-20,SKU-B-03,Beverages,125,0
2023-03-21,SKU-B-03,Beverages,50,0
2023-03-22,SKU-B-03,Beverages,127,0
2023-03-23,SKU-B-03,Beverages,105,0
2023-03-24,SKU-B-03,Beverages,101,0
2023-03-25,SKU-B-03,Beverages,175,0
2023-03-26,SKU-B-03,Beverages,299,1
2023-03-27,SKU-B-03,Beverages,115,1
2023-03-28,SKU-B-03,Beverages,51,0
2023-03-29,SKU-B-03,Beverages,99,0
2023-03-30,SKU-B-03,Beverages,92,0
2023-03-31,SKU-B-03,Beverages,76,0
2023-04-01,SKU-B-03,Beverages,177,0
2023-04-02,SKU-B-03,Beverages,116,0
2023-04-03,SKU-B-03,Beverages,88,0
2023-04-04,SKU-B-03,Beverages,45,0
2023-04-05,SKU-B-03,Beverages,88,0
2023-04-06,SKU-B-03,Beverages,76,0
2023-04-07,SKU-B-03,Beverages,135,0
2023-04-08,SKU-B-03,Beverages,139,0
2023-04-09,SKU-B-03,Beverages,156,0
2023-04-10,SKU-B-03,Beverages,83,0
2023-04-11,SKU-B-03,Beverages,78,0
2023-04-12,SKU-B-03,Beverages,65,0
2023-04-13,SKU-B-03,Beverages,113,0
2023-04-14,SKU-B-03,Beverages,33,0
2023-04-15,SKU-B-03,Beverages,106,0
2023-04-16,SKU-B-03,Beverages,97,0
2023-04-17,SKU-B-03,Beverages,72,0
2023-04-18,SKU-B-03,Beverages,60,0
2023-04-19,SKU-B-03,Beverages,89,0
2023-04-20,SKU-B-03,Beverages,159,0
2023-04-21,SKU-B-03,Beverages,61,0
2023-04-22,SKU-B-03,Beverages,130,0
2023-04-23,SKU-B-03,Beverages,126,0
2023-04-24,SKU-B-03,Beverages,96,0
2023-04-25,SKU-B-03,Beverages,78,0
2023-04-26,SKU-B-03,Beverages,63,0
2023-04-27,SKU-B-03,Beverages,74,0
2023-04-28,SKU-B-03,Beverages,101,0
2023-04-29,SKU-B-03,Beverages,125,0
2023-04-30,SKU-B-03,Beverages,80,0
2023-05-01,SKU-B-03,Beverages,78,0
2023-05-02,SKU-B-03,Beverages,38,0
2023-05-03,SKU-B-03,Beverages,118,0
2023-05-04,SKU-B-03,Beverages,130,0
2023-05-05,SKU-B-03,Beverages,105,0
2023-05-06,SKU-B-03,Beverages,113,0
2023-05-07,SKU-B-03,Beverages,113,0
2023-05-08,SKU-B-03,Beverages,40,0
2023-05-09,SKU-B-03,Beverages,117,1
2023-05-10,SKU-B-03,Beverages,69,0
2023-05-11,SKU-B-03,Beverages,115,0
2023-05-12,SKU-B-03,Beverages,82,0
2023-05-13,SKU-B-03,Beverages,178,0
2023-05-14,SKU-B-03,Beverages,110,0
2023-05-15,SKU-B-03,Beverages,99,0
2023-05-16,SKU-B-03,Beverages,86,1
2023-05-17,SKU-B-03,Beverages,157,1
2023-05-18,SKU-B-03,Beverages,117,0
2023-05-19,SKU-B-03,Beverages,96,0
2023-05-20,SKU-B-03,Beverages,182,0
2023-05-21,SKU-B-03,Beverages,265,1
2023-05-22,SKU-B-03,Beverages,106,0
2023-05-23,SKU-B-03,Beverages,97,0
2023-05-24,SKU-B-03,Beverages,127,0
2023-05-25,SKU-B-03,Beverages,94,0
2023-05-26,SKU-B-03,Beverages,458,1
2023-05-27,SKU-B-03,Beverages,214,0
2023-05-28,SKU-B-03,Beverages,108,0
2023-05-29,SKU-B-03,Beverages,86,0
2023-05-30,SKU-B-03,Beverages,76,0
2023-05-31,SKU-B-03,Beverages,139,0
2023-06-01,SKU-B-03,Beverages,250,0
2023-06-02,SKU-B-03,Beverages,123,0
2023-06-03,SKU-B-03,Beverages,150,0
2023-06-04,SKU-B-03,Beverages,210,0
2023-06-05,SKU-B-03,Beverages,105,0
2023-06-06,SKU-B-03,Beverages,116,0
2023-06-07,SKU-B-03,Beverages,189,0
2023-06-08,SKU-B-03,Beverages,193,0
2023-06-09,SKU-B-03,Beverages,89,0
2023-06-10,SKU-B-03,Beverages,314,0
2023-06-11,SKU-B-03,Beverages,262,0
2023-06-12,SKU-B-03,Beverages,166,0
2023-06-13,SKU-B-03,Beverages,82,0
2023-06-14,SKU-B-03,Beverages,91,0
2023-06-15,SKU-B-03,Beverages,78,0
2023-06-16,SKU-B-03,Beverages,139,0
2023-06-17,SKU-B-03,Beverages,218,0
2023-06-18,SKU-B-03,Beverages,128,0
2023-06-19,SKU-B-03,Beverages,96,0
2023-06-20,SKU-B-03,Beverages,91,0
2023-06-21,SKU-B-03,Beverages,166,0
2023-06-22,SKU-B-03,Beverages,183,0
2023-06-23,SKU-B-03,Beverages,156,0
2023-06-24,SKU-B-03,Beverages,257,0
2023-06-25,SKU-B-03,Beverages,239,0
2023-06-26,SKU-B-03,Beverages,82,0
2023-06-27,SKU-B-03,Beverages,159,0
2023-06-28,SKU-B-03,Beverages,114,1
2023-06-29,SKU-B-03,Beverages,246,0
2023-06-30,SKU-B-03,Beverages,138,0
2023-07-01,SKU-B-03,Beverages,116,0
2023-07-02,SKU-B-03,Beverages,127,0
2023-07-03,SKU-B-03,Beverages,117,0
2023-07-04,SKU-B-03,Beverages,157,0
2023-07-05,SKU-B-03,Beverages,162,0
2023-07-06,SKU-B-03,Beverages,140,0
2023-07-07,SKU-B-03,Beverages,104,0
2023-07-08,SKU-B-03,Beverages,102,0
2023-07-09,SKU-B-03,Beverages,147,0
2023-07-10,SKU-B-03,Beverages,87,0
2023-07-11,SKU-B-03,Beverages,77,0
2023-07-12,SKU-B-03,Beverages,156,0
2023-07-13,SKU-B-03,Beverages,102,0
2023-07-14,SKU-B-03,Beverages,246,0
2023-07-15,SKU-B-03,Beverages,82,0
2023-07-16,SKU-B-03,Beverages,111,0
2023-07-17,SKU-B-03,Beverages,48,0
2023-07-18,SKU-B-03,Beverages,72,0
2023-07-19,SKU-B-03,Beverages,422,1
2023-07-20,SKU-B-03,Beverages,141,0
2023-07-21,SKU-B-03,Beverages,150,0
2023-07-22,SKU-B-03,Beverages,224,0
2023-07-23,SKU-B-03,Beverages,187,0
2023-07-24,SKU-B-03,Beverages,114,0
2023-07-25,SKU-B-03,Beverages,75,0
2023-07-26,SKU-B-03,Beverages,138,0
2023-07-27,SKU-B-03,Beverages,87,0
2023-07-28,SKU-B-03,Beverages,172,0
2023-07-29,SKU-B-03,Beverages,229,1
2023-07-30,SKU-B-03,Beverages,206,0
2023-07-31,SKU-B-03,Beverages,113,0
2023-08-01,SKU-B-03,Beverages,125,0
2023-08-02,SKU-B-03,Beverages,137,0
2023-08-03,SKU-B-03,Beverages,118,0
2023-08-04,SKU-B-03,Beverages,185,0
2023-08-05,SKU-B-03,Beverages,67,0
2023-08-06,SKU-B-03,Beverages,189,0
2023-08-07,SKU-B-03,Beverages,49,0
2023-08-08,SKU-B-03,Beverages,92,0
2023-08-09,SKU-B-03,Beverages,138,0
2023-08-10,SKU-B-03,Beverages,205,0
2023-08-11,SKU-B-03,Beverages,140,0
2023-08-12,SKU-B-03,Beverages,285,0
2023-08-13,SKU-B-03,Beverages,167,0
2023-08-14,SKU-B-03,Beverages,46,0
2023-08-15,SKU-B-03,Beverages,90,0
2023-08-16,SKU-B-03,Beverages,94,0
2023-08-17,SKU-B-03,Beverages,105,0
2023-08-18,SKU-B-03,Beverages,147,0
2023-08-19,SKU-B-03,Beverages,341,1
2023-08-20,SKU-B-03,Beverages,144,0
2023-08-21,SKU-B-03,Beverages,169,0
2023-08-22,SKU-B-03,Beverages,324,1
2023-08-23,SKU-B-03,Beverages,134,0
2023-08-24,SKU-B-03,Beverages,97,0
2023-08-25,SKU-B-03,Beverages,61,0
2023-08-26,SKU-B-03,Beverages,410,1
2023-08-27,SKU-B-03,Beverages,379,1
2023-08-28,SKU-B-03,Beverages,89,0
2023-08-29,SKU-B-03,Beverages,141,0
2023-08-30,SKU-B-03,Beverages,61,0
2023-08-31,SKU-B-03,Beverages,71,0
2023-09-01,SKU-B-03,Beverages,99,0
2023-09-02,SKU-B-03,Beverages,206,0
2023-09-03,SKU-B-03,Beverages,177,0
2023-09-04,SKU-B-03,Beverages,88,0
2023-09-05,SKU-B-03,Beverages,94,0
2023-09-06,SKU-B-03,Beverages,110,0
2023-09-07,SKU-B-03,Beverages,142,1
2023-09-08,SKU-B-03,Beverages,54,0
2023-09-09,SKU-B-03,Beverages,240,0
2023-09-10,SKU-B-03,Beverages,204,0
2023-09-11,SKU-B-03,Beverages,68,0
2023-09-12,SKU-B-03,Beverages,198,1
2023-09-13,SKU-B-03,Beverages,63,0
2023-09-14,SKU-B-03,Beverages,183,0
2023-09-15,SKU-B-03,Beverages,116,0
2023-09-16,SKU-B-03,Beverages,252,0
2023-09-17,SKU-B-03,Beverages,198,0
2023-09-18,SKU-B-03,Beverages,111,0
2023-09-19,SKU-B-03,Beverages,55,0
2023-09-20,SKU-B-03,Beverages,44,0
2023-09-21,SKU-B-03,Beverages,62,0
2023-09-22,SKU-B-03,Beverages,209,0
2023-09-23,SKU-B-03,Beverages,166,0
2023-09-24,SKU-B-03,Beverages,135,0
2023-09-25,SKU-B-03,Beverages,83,0
2023-09-26,SKU-B-03,Beverages,93,0
2023-09-27,SKU-B-03,Beverages,142,0
2023-09-28,SKU-B-03,Beverages,95,0
2023-09-29,SKU-B-03,Beverages,85,0
2023-09-30,SKU-B-03,Beverages,124,0
2023-10-01,SKU-B-03,Beverages,177,0
2023-10-02,SKU-B-03,Beverages,95,0
2023-10-03,SKU-B-03,Beverages,127,0
2023-10-04,SKU-B-03,Beverages,46,0
2023-10-05,SKU-B-03,Beverages,132,0
2023-10-06,SKU-B-03,Beverages,87,0
2023-10-07,SKU-B-03,Beverages,181,0
2023-10-08,SKU-B-03,Beverages,163,0
2023-10-09,SKU-B-03,Beverages,82,0
2023-10-10,SKU-B-03,Beverages,122,0
2023-10-11,SKU-B-03,Beverages,81,0
2023-10-12,SKU-B-03,Beverages,40,0
2023-10-13,SKU-B-03,Beverages,145,0
2023-10-14,SKU-B-03,Beverages,288,0
2023-10-15,SKU-B-03,Beverages,101,0
2023-10-16,SKU-B-03,Beverages,119,0
2023-10-17,SKU-B-03,Beverages,85,0
2023-10-18,SKU-B-03,Beverages,89,0
2023-10-19,SKU-B-03,Beverages,164,0
2023-10-20,SKU-B-03,Beverages,90,0
2023-10-21,SKU-B-03,Beverages,136,0
2023-10-22,SKU-B-03,Beverages,122,0
2023-10-23,SKU-B-03,Beverages,57,0
2023-10-24,SKU-B-03,Beverages,90,0
2023-10-25,SKU-B-03,Beverages,81,0
2023-10-26,SKU-B-03,Beverages,62,0
2023-10-27,SKU-B-03,Beverages,96,0
2023-10-28,SKU-B-03,Beverages,124,0
2023-10-29,SKU-B-03,Beverages,70,0
2023-10-30,SKU-B-03,Beverages,112,0
2023-10-31,SKU-B-03,Beverages,141,0
2023-11-01,SKU-B-03,Beverages,75,0
2023-11-02,SKU-B-03,Beverages,134,0
2023-11-03,SKU-B-03,Beverages,102,0
2023-11-04,SKU-B-03,Beverages,159,0
2023-11-05,SKU-B-03,Beverages,227,0
2023-11-06,SKU-B-03,Beverages,118,0
2023-11-07,SKU-B-03,Beverages,117,0
2023-11-08,SKU-B-03,Beverages,115,0
2023-11-09,SKU-B-03,Beverages,55,0
2023-11-10,SKU-B-03,Beverages,107,0
2023-11-11,SKU-B-03,Beverages,224,0
2023-11-12,SKU-B-03,Beverages,181,0
2023-11-13,SKU-B-03,Beverages,151,0
2023-11-14,SKU-B-03,Beverages,34,0
2023-11-15,SKU-B-03,Beverages,65,0
2023-11-16,SKU-B-03,Beverages,63,0
2023-11-17,SKU-B-03,Beverages,134,0
2023-11-18,SKU-B-03,Beverages,102,0
2023-11-19,SKU-B-03,Beverages,103,0
2023-11-20,SKU-B-03,Beverages,88,0
2023-11-21,SKU-B-03,Beverages,113,0
2023-11-22,SKU-B-03,Beverages,78,0
2023-11-23,SKU-B-03,Beverages,111,0
2023-11-24,SKU-B-03,Beverages,108,0
2023-11-25,SKU-B-03,Beverages,130,0
2023-11-26,SKU-B-03,Beverages,125,0
2023-11-27,SKU-B-03,Beverages,66,0
2023-11-28,SKU-B-03,Beverages,55,0
2023-11-29,SKU-B-03,Beverages,61,0
2023-11-30,SKU-B-03,Beverages,57,0
2023-12-01,SKU-B-03,Beverages,122,0
2023-12-02,SKU-B-03,Beverages,141,0
2023-12-03,SKU-B-03,Beverages,104,0
2023-12-04,SKU-B-03,Beverages,92,0
2023-12-05,SKU-B-03,Beverages,77,0
2023-12-06,SKU-B-03,Beverages,78,0
2023-12-07,SKU-B-03,Beverages,128,0
2023-12-08,SKU-B-03,Beverages,86,0
2023-12-09,SKU-B-03,Beverages,164,0
2023-12-10,SKU-B-03,Beverages,139,0
2023-12-11,SKU-B-03,Beverages,75,0
2023-12-12,SKU-B-03,Beverages,59,0
2023-12-13,SKU-B-03,Beverages,83,0
2023-12-14,SKU-B-03,Beverages,128,0
2023-12-15,SKU-B-03,Beverages,61,0
2023-12-16,SKU-B-03,Beverages,155,0
2023-12-17,SKU-B-03,Beverages,136,0
2023-12-18,SKU-B-03,Beverages,111,0
2023-12-19,SKU-B-03,Beverages,125,0
2023-12-20,SKU-B-03,Beverages,55,0
2023-12-21,SKU-B-03,Beverages,58,0
2023-12-22,SKU-B-03,Beverages,98,0
2023-12-23,SKU-B-03,Beverages,124,1
2023-12-24,SKU-B-03,Beverages,146,0
2023-12-25,SKU-B-03,Beverages,58,0
2023-12-26,SKU-B-03,Beverages,35,0
2023-12-27,SKU-B-03,Beverages,40,0
2023-12-28,SKU-B-03,Beverages,81,0
2023-12-29,SKU-B-03,Beverages,98,0
2023-12-30,SKU-B-03,Beverages,128,0
2023-12-31,SKU-B-03,Beverages,98,0
2024-01-01,SKU-B-03,Beverages,97,0
2024-01-02,SKU-B-03,Beverages,53,0
2024-01-03,SKU-B-03,Beverages,58,0
2024-01-04,SKU-B-03,Beverages,111,0
2024-01-05,SKU-B-03,Beverages,91,0
2024-01-06,SKU-B-03,Beverages,145,0
2024-01-07,SKU-B-03,Beverages,343,1
2024-01-08,SKU-B-03,Beverages,107,0
2024-01-09,SKU-B-03,Beverages,214,1
2024-01-10,SKU-B-03,Beverages,58,0
2024-01-11,SKU-B-03,Beverages,51,1
2024-01-12,SKU-B-03,Beverages,59,0
2024-01-13,SKU-B-03,Beverages,82,0
2024-01-14,SKU-B-03,Beverages,107,0
2024-01-15,SKU-B-03,Beverages,47,0
2024-01-16,SKU-B-03,Beverages,59,0
2024-01-17,SKU-B-03,Beverages,91,0
2024-01-18,SKU-B-03,Beverages,59,0
2024-01-19,SKU-B-03,Beverages,233,1
2024-01-20,SKU-B-03,Beverages,93,0
2024-01-21,SKU-B-03,Beverages,176,0
2024-01-22,SKU-B-03,Beverages,118,0
2024-01-23,SKU-B-03,Beverages,59,0
2024-01-24,SKU-B-03,Beverages,59,0
2024-01-25,SKU-B-03,Beverages,43,0
2024-01-26,SKU-B-03,Beverages,108,0
2024-01-27,SKU-B-03,Beverages,152,0
2024-01-28,SKU-B-03,Beverages,89,0
2024-01-29,SKU-B-03,Beverages,53,0
2024-01-30,SKU-B-03,Beverages,113,0
2024-01-31,SKU-B-03,Beverages,77,0
2024-02-01,SKU-B-03,Beverages,63,0
2024-02-02,SKU-B-03,Beverages,156,0
2024-02-03,SKU-B-03,Beverages,95,0
2024-02-04,SKU-B-03,Beverages,231,0
2024-02-05,SKU-B-03,Beverages,57,0
2024-02-06,SKU-B-03,Beverages,94,0
2024-02-07,SKU-B-03,Beverages,93,0
2024-02-08,SKU-B-03,Beverages,135,1
2024-02-09,SKU-B-03,Beverages,81,0
2024-02-10,SKU-B-03,Beverages,102,0
2024-02-11,SKU-B-03,Beverages,72,0
2024-02-12,SKU-B-03,Beverages,101,0
2024-02-13,SKU-B-03,Beverages,103,0
2024-02-14,SKU-B-03,Beverages,59,0
2024-02-15,SKU-B-03,Beverages,65,0
2024-02-16,SKU-B-03,Beverages,100,0
2024-02-17,SKU-B-03,Beverages,176,0
2024-02-18,SKU-B-03,Beverages,90,0
2024-02-19,SKU-B-03,Beverages,70,0
2024-02-20,SKU-B-03,Beverages,90,0
2024-02-21,SKU-B-03,Beverages,49,0
2024-02-22,SKU-B-03,Beverages,78,0
2024-02-23,SKU-B-03,Beverages,37,0
2024-02-24,SKU-B-03,Beverages,94,0
2024-02-25,SKU-B-03,Beverages,113,0
2024-02-26,SKU-B-03,Beverages,97,0
2024-02-27,SKU-B-03,Beverages,54,0
2024-02-28,SKU-B-03,Beverages,54,0
2024-02-29,SKU-B-03,Beverages,81,0
2024-03-01,SKU-B-03,Beverages,85,0
2024-03-02,SKU-B-03,Beverages,167,0
2024-03-03,SKU-B-03,Beverages,227,0
2024-03-04,SKU-B-03,Beverages,41,0
2024-03-05,SKU-B-03,Beverages,65,0
2024-03-06,SKU-B-03,Beverages,36,0
2024-03-07,SKU-B-03,Beverages,77,0
2024-03-08,SKU-B-03,Beverages,101,0
2024-03-09,SKU-B-03,Beverages,579,1
2024-03-10,SKU-B-03,Beverages,179,0
2024-03-11,SKU-B-03,Beverages,69,0
2024-03-12,SKU-B-03,Beverages,55,0
2024-03-13,SKU-B-03,Beverages,94,0
2024-03-14,SKU-B-03,Beverages,109,0
2024-03-15,SKU-B-03,Beverages,48,0
2024-03-16,SKU-B-03,Beverages,215,0
2024-03-17,SKU-B-03,Beverages,179,0
2024-03-18,SKU-B-03,Beverages,82,0
2024-03-19,SKU-B-03,Beverages,60,0
2024-03-20,SKU-B-03,Beverages,31,0
2024-03-21,SKU-B-03,Beverages,134,0
2024-03-22,SKU-B-03,Beverages,153,0
2024-03-23,SKU-B-03,Beverages,70,0
2024-03-24,SKU-B-03,Beverages,95,0
2024-03-25,SKU-B-03,Beverages,80,0
2024-03-26,SKU-B-03,Beverages,96,0
2024-03-27,SKU-B-03,Beverages,71,0
2024-03-28,SKU-B-03,Beverages,115,0
2024-03-29,SKU-B-03,Beverages,82,0
2024-03-30,SKU-B-03,Beverages,172,0
2024-03-31,SKU-B-03,Beverages,141,0
2024-04-01,SKU-B-03,Beverages,52,0
2024-04-02,SKU-B-03,Beverages,77,0
2024-04-03,SKU-B-03,Beverages,57,0
2024-04-04,SKU-B-03,Beverages,82,0
2024-04-05,SKU-B-03,Beverages,111,0
2024-04-06,SKU-B-03,Beverages,81,0
2024-04-07,SKU-B-03,Beverages,156,0
2024-04-08,SKU-B-03,Beverages,83,0
2024-04-09,SKU-B-03,Beverages,82,0
2024-04-10,SKU-B-03,Beverages,123,0
2024-04-11,SKU-B-03,Beverages,65,0
2024-04-12,SKU-B-03,Beverages,139,0
2024-04-13,SKU-B-03,Beverages,125,0
2024-04-14,SKU-B-03,Beverages,299,1
2024-04-15,SKU-B-03,Beverages,80,0
2024-04-16,SKU-B-03,Beverages,107,0
2024-04-17,SKU-B-03,Beverages,93,0
2024-04-18,SKU-B-03,Beverages,116,0
2024-04-19,SKU-B-03,Beverages,102,0
2024-04-20,SKU-B-03,Beverages,61,0
2024-04-21,SKU-B-03,Beverages,82,0
2024-04-22,SKU-B-03,Beverages,77,0
2024-04-23,SKU-B-03,Beverages,69,0
2024-04-24,SKU-B-03,Beverages,111,0
2024-04-25,SKU-B-03,Beverages,152,0
2024-04-26,SKU-B-03,Beverages,124,0
2024-04-27,SKU-B-03,Beverages,109,0
2024-04-28,SKU-B-03,Beverages,187,0
2024-04-29,SKU-B-03,Beverages,67,0
2024-04-30,SKU-B-03,Beverages,102,0
2024-05-01,SKU-B-03,Beverages,82,0
2024-05-02,SKU-B-03,Beverages,74,0
2024-05-03,SKU-B-03,Beverages,109,0
2024-05-04,SKU-B-03,Beverages,152,0
2024-05-05,SKU-B-03,Beverages,140,0
2024-05-06,SKU-B-03,Beverages,64,0
2024-05-07,SKU-B-03,Beverages,87,0
2024-05-08,SKU-B-03,Beverages,37,0
2024-05-09,SKU-B-03,Beverages,71,0
2024-05-10,SKU-B-03,Beverages,131,0
2024-05-11,SKU-B-03,Beverages,211,0
2024-05-12,SKU-B-03,Beverages,95,0
2024-05-13,SKU-B-03,Beverages,87,0
2024-05-14,SKU-B-03,Beverages,77,0
2024-05-15,SKU-B-03,Beverages,141,0
2024-05-16,SKU-B-03,Beverages,89,0
2024-05-17,SKU-B-03,Beverages,109,0
2024-05-18,SKU-B-03,Beverages,87,0
2024-05-19,SKU-B-03,Beverages,121,0
2024-05-20,SKU-B-03,Beverages,230,1
2024-05-21,SKU-B-03,Beverages,121,0
2024-05-22,SKU-B-03,Beverages,99,0
2024-05-23,SKU-B-03,Beverages,67,0
2024-05-24,SKU-B-03,Beverages,124,0
2024-05-25,SKU-B-03,Beverages,645,1
2024-05-26,SKU-B-03,Beverages,202,0
2024-05-27,SKU-B-03,Beverages,48,0
2024-05-28,SKU-B-03,Beverages,84,0
2024-05-29,SKU-B-03,Beverages,75,0
2024-05-30,SKU-B-03,Beverages,114,0
2024-05-31,SKU-B-03,Beverages,107,0
2024-06-01,SKU-B-03,Beverages,128,0
2024-06-02,SKU-B-03,Beverages,139,0
2024-06-03,SKU-B-03,Beverages,124,0
2024-06-04,SKU-B-03,Beverages,161,1
2024-06-05,SKU-B-03,Beverages,120,0
2024-06-06,SKU-B-03,Beverages,127,0
2024-06-07,SKU-B-03,Beverages,128,0
2024-06-08,SKU-B-03,Beverages,269,0
2024-06-09,SKU-B-03,Beverages,221,0
2024-06-10,SKU-B-03,Beverages,90,0
2024-06-11,SKU-B-03,Beverages,65,0
2024-06-12,SKU-B-03,Beverages,82,0
2024-06-13,SKU-B-03,Beverages,124,0
2024-06-14,SKU-B-03,Beverages,122,0
2024-06-15,SKU-B-03,Beverages,104,0
2024-06-16,SKU-B-03,Beverages,152,0
2024-06-17,SKU-B-03,Beverages,181,0
2024-06-18,SKU-B-03,Beverages,90,0
2024-06-19,SKU-B-03,Beverages,65,0
2024-06-20,SKU-B-03,Beverages,90,0
2024-06-21,SKU-B-03,Beverages,129,0
2024-06-22,SKU-B-03,Beverages,272,0
2024-06-23,SKU-B-03,Beverages,217,0
2024-06-24,SKU-B-03,Beverages,154,0
2024-06-25,SKU-B-03,Beverages,70,0
2024-06-26,SKU-B-03,Beverages,52,0
2024-06-27,SKU-B-03,Beverages,139,0
2024-06-28,SKU-B-03,Beverages,251,0
2024-06-29,SKU-B-03,Beverages,256,0
2024-06-30,SKU-B-03,Beverages,290,1
2024-07-01,SKU-B-03,Beverages,107,0
2024-07-02,SKU-B-03,Beverages,175,0
2024-07-03,SKU-B-03,Beverages,143,0
2024-07-04,SKU-B-03,Beverages,91,0
2024-07-05,SKU-B-03,Beverages,83,0
2024-07-06,SKU-B-03,Beverages,187,0
2024-07-07,SKU-B-03,Beverages,130,0
2024-07-08,SKU-B-03,Beverages,166,0
2024-07-09,SKU-B-03,Beverages,138,0
2024-07-10,SKU-B-03,Beverages,85,0
2024-07-11,SKU-B-03,Beverages,100,0
2024-07-12,SKU-B-03,Beverages,138,0
2024-07-13,SKU-B-03,Beverages,90,0
2024-07-14,SKU-B-03,Beverages,150,0
2024-07-15,SKU-B-03,Beverages,122,0
2024-07-16,SKU-B-03,Beverages,65,0
2024-07-17,SKU-B-03,Beverages,81,0
2024-07-18,SKU-B-03,Beverages,157,0
2024-07-19,SKU-B-03,Beverages,128,0
2024-07-20,SKU-B-03,Beverages,91,0
2024-07-21,SKU-B-03,Beverages,124,0
2024-07-22,SKU-B-03,Beverages,99,0
2024-07-23,SKU-B-03,Beverages,79,0
2024-07-24,SKU-B-03,Beverages,76,0
2024-07-25,SKU-B-03,Beverages,344,1
2024-07-26,SKU-B-03,Beverages,165,0
2024-07-27,SKU-B-03,Beverages,183,0
2024-07-28,SKU-B-03,Beverages,134,0
2024-07-29,SKU-B-03,Beverages,221,0
2024-07-30,SKU-B-03,Beverages,121,0
2024-07-31,SKU-B-03,Beverages,76,0
2024-08-01,SKU-B-03,Beverages,109,0
2024-08-02,SKU-B-03,Beverages,259,0
2024-08-03,SKU-B-03,Beverages,131,0
2024-08-04,SKU-B-03,Beverages,151,0
2024-08-05,SKU-B-03,Beverages,121,0
2024-08-06,SKU-B-03,Beverages,155,0
2024-08-07,SKU-B-03,Beverages,112,0
2024-08-08,SKU-B-03,Beverages,156,0
2024-08-09,SKU-B-03,Beverages,466,1
2024-08-10,SKU-B-03,Beverages,177,0
2024-08-11,SKU-B-03,Beverages,99,0
2024-08-12,SKU-B-03,Beverages,83,0
2024-08-13,SKU-B-03,Beverages,60,0
2024-08-14,SKU-B-03,Beverages,36,0
2024-08-15,SKU-B-03,Beverages,95,0
2024-08-16,SKU-B-03,Beverages,121,0
2024-08-17,SKU-B-03,Beverages,157,0
2024-08-18,SKU-B-03,Beverages,120,0
2024-08-19,SKU-B-03,Beverages,97,0
2024-08-20,SKU-B-03,Beverages,154,0
2024-08-21,SKU-B-03,Beverages,134,0
2024-08-22,SKU-B-03,Beverages,174,0
2024-08-23,SKU-B-03,Beverages,135,0
2024-08-24,SKU-B-03,Beverages,156,0
2024-08-25,SKU-B-03,Beverages,120,0
2024-08-26,SKU-B-03,Beverages,125,0
2024-08-27,SKU-B-03,Beverages,118,0
2024-08-28,SKU-B-03,Beverages,83,0
2024-08-29,SKU-B-03,Beverages,115,0
2024-08-30,SKU-B-03,Beverages,143,0
2024-08-31,SKU-B-03,Beverages,197,0
2024-09-01,SKU-B-03,Beverages,123,0
2024-09-02,SKU-B-03,Beverages,22,0
2024-09-03,SKU-B-03,Beverages,19,0
2024-09-04,SKU-B-03,Beverages,106,0
2024-09-05,SKU-B-03,Beverages,274,1
2024-09-06,SKU-B-03,Beverages,220,1
2024-09-07,SKU-B-03,Beverages,104,0
2024-09-08,SKU-B-03,Beverages,91,0
2024-09-09,SKU-B-03,Beverages,124,1
2024-09-10,SKU-B-03,Beverages,115,0
2024-09-11,SKU-B-03,Beverages,59,0
2024-09-12,SKU-B-03,Beverages,72,0
2024-09-13,SKU-B-03,Beverages,125,0
2024-09-14,SKU-B-03,Beverages,99,0
2024-09-15,SKU-B-03,Beverages,152,0
2024-09-16,SKU-B-03,Beverages,102,0
2024-09-17,SKU-B-03,Beverages,55,0
2024-09-18,SKU-B-03,Beverages,157,0
2024-09-19,SKU-B-03,Beverages,134,0
2024-09-20,SKU-B-03,Beverages,341,1
2024-09-21,SKU-B-03,Beverages,125,0
2024-09-22,SKU-B-03,Beverages,197,0
2024-09-23,SKU-B-03,Beverages,157,0
2024-09-24,SKU-B-03,Beverages,149,0
2024-09-25,SKU-B-03,Beverages,127,0
2024-09-26,SKU-B-03,Beverages,96,0
2024-09-27,SKU-B-03,Beverages,79,0
2024-09-28,SKU-B-03,Beverages,96,0
2024-09-29,SKU-B-03,Beverages,244,0
2024-09-30,SKU-B-03,Beverages,56,0
2024-10-01,SKU-B-03,Beverages,86,0
2024-10-02,SKU-B-03,Beverages,151,1
2024-10-03,SKU-B-03,Beverages,128,0
2024-10-04,SKU-B-03,Beverages,103,0
2024-10-05,SKU-B-03,Beverages,182,0
2024-10-06,SKU-B-03,Beverages,166,0
2024-10-07,SKU-B-03,Beverages,66,0
2024-10-08,SKU-B-03,Beverages,36,0
2024-10-09,SKU-B-03,Beverages,53,0
2024-10-10,SKU-B-03,Beverages,102,0
2024-10-11,SKU-B-03,Beverages,126,0
2024-10-12,SKU-B-03,Beverages,133,0
2024-10-13,SKU-B-03,Beverages,172,0
2024-10-14,SKU-B-03,Beverages,53,0
2024-10-15,SKU-B-03,Beverages,35,0
2024-10-16,SKU-B-03,Beverages,68,0
2024-10-17,SKU-B-03,Beverages,90,0
2024-10-18,SKU-B-03,Beverages,88,0
2024-10-19,SKU-B-03,Beverages,486,1
2024-10-20,SKU-B-03,Beverages,117,0
2024-10-21,SKU-B-03,Beverages,77,0
2024-10-22,SKU-B-03,Beverages,103,0
2024-10-23,SKU-B-03,Beverages,56,0
2024-10-24,SKU-B-03,Beverages,83,0
2024-10-25,SKU-B-03,Beverages,84,0
2024-10-26,SKU-B-03,Beverages,105,0
2024-10-27,SKU-B-03,Beverages,171,0
2024-10-28,SKU-B-03,Beverages,108,0
2024-10-29,SKU-B-03,Beverages,115,0
2024-10-30,SKU-B-03,Beverages,52,0
2024-10-31,SKU-B-03,Beverages,169,0
2024-11-01,SKU-B-03,Beverages,117,0
2024-11-02,SKU-B-03,Beverages,152,0
2024-11-03,SKU-B-03,Beverages,87,0
2024-11-04,SKU-B-03,Beverages,48,0
2024-11-05,SKU-B-03,Beverages,80,0
2024-11-06,SKU-B-03,Beverages,37,0
2024-11-07,SKU-B-03,Beverages,125,0
2024-11-08,SKU-B-03,Beverages,85,0
2024-11-09,SKU-B-03,Beverages,88,0
2024-11-10,SKU-B-03,Beverages,117,0
2024-11-11,SKU-B-03,Beverages,125,0
2024-11-12,SKU-B-03,Beverages,62,0
2024-11-13,SKU-B-03,Beverages,62,0
2024-11-14,SKU-B-03,Beverages,35,0
2024-11-15,SKU-B-03,Beverages,128,0
2024-11-16,SKU-B-03,Beverages,97,0
2024-11-17,SKU-B-03,Beverages,108,0
2024-11-18,SKU-B-03,Beverages,82,0
2024-11-19,SKU-B-03,Beverages,78,0
2024-11-20,SKU-B-03,Beverages,41,0
2024-11-21,SKU-B-03,Beverages,35,0
2024-11-22,SKU-B-03,Beverages,142,0
2024-11-23,SKU-B-03,Beverages,86,0
2024-11-24,SKU-B-03,Beverages,84,0
2024-11-25,SKU-B-03,Beverages,86,0
2024-11-26,SKU-B-03,Beverages,24,0
2024-11-27,SKU-B-03,Beverages,63,0
2024-11-28,SKU-B-03,Beverages,100,0
2024-11-29,SKU-B-03,Beverages,116,0
2024-11-30,SKU-B-03,Beverages,179,0
2024-12-01,SKU-B-03,Beverages,91,0
2024-12-02,SKU-B-03,Beverages,37,0
2024-12-03,SKU-B-03,Beverages,72,0
2024-12-04,SKU-B-03,Beverages,98,0
2024-12-05,SKU-B-03,Beverages,62,0
2024-12-06,SKU-B-03,Beverages,92,0
2024-12-07,SKU-B-03,Beverages,121,0
2024-12-08,SKU-B-03,Beverages,112,0
2024-12-09,SKU-B-03,Beverages,83,0
2024-12-10,SKU-B-03,Beverages,73,0
2024-12-11,SKU-B-03,Beverages,95,0
2024-12-12,SKU-B-03,Beverages,130,0
2024-12-13,SKU-B-03,Beverages,93,0
2024-12-14,SKU-B-03,Beverages,149,0
2024-12-15,SKU-B-03,Beverages,108,0
2024-12-16,SKU-B-03,Beverages,172,0
2024-12-17,SKU-B-03,Beverages,91,0
2024-12-18,SKU-B-03,Beverages,108,0
2024-12-19,SKU-B-03,Beverages,75,0
2024-12-20,SKU-B-03,Beverages,183,0
2024-12-21,SKU-B-03,Beverages,286,1
2024-12-22,SKU-B-03,Beverages,141,0
2024-12-23,SKU-B-03,Beverages,47,0
2024-12-24,SKU-B-03,Beverages,85,0
2024-12-25,SKU-B-03,Beverages,126,0
2024-12-26,SKU-B-03,Beverages,94,0
2024-12-27,SKU-B-03,Beverages,81,0
2024-12-28,SKU-B-03,Beverages,66,0
2024-12-29,SKU-B-03,Beverages,153,0
2024-12-30,SKU-B-03,Beverages,64,0
2024-12-31,SKU-B-03,Beverages,17,0
2025-01-01,SKU-B-03,Beverages,60,0
2025-01-02,SKU-B-03,Beverages,41,0
2025-01-03,SKU-B-03,Beverages,181,1
2025-01-04,SKU-B-03,Beverages,102,0
2025-01-05,SKU-B-03,Beverages,207,0
2025-01-06,SKU-B-03,Beverages,63,0
2025-01-07,SKU-B-03,Beverages,83,0
2025-01-08,SKU-B-03,Beverages,63,0
2025-01-09,SKU-B-03,Beverages,143,0
2025-01-10,SKU-B-03,Beverages,111,0
2025-01-11,SKU-B-03,Beverages,196,0
2025-01-12,SKU-B-03,Beverages,90,0
2025-01-13,SKU-B-03,Beverages,42,0
2025-01-14,SKU-B-03,Beverages,50,0
2025-01-15,SKU-B-03,Beverages,97,0
2025-01-16,SKU-B-03,Beverages,94,0
2025-01-17,SKU-B-03,Beverages,112,0
2025-01-18,SKU-B-03,Beverages,107,0
2025-01-19,SKU-B-03,Beverages,179,0
2025-01-20,SKU-B-03,Beverages,42,0
2025-01-21,SKU-B-03,Beverages,75,0
2025-01-22,SKU-B-03,Beverages,67,0
2025-01-23,SKU-B-03,Beverages,294,1
2025-01-24,SKU-B-03,Beverages,53,0
2025-01-25,SKU-B-03,Beverages,123,0
2025-01-26,SKU-B-03,Beverages,182,0
2025-01-27,SKU-B-03,Beverages,63,0
2025-01-28,SKU-B-03,Beverages,78,0
2025-01-29,SKU-B-03,Beverages,63,0
2025-01-30,SKU-B-03,Beverages,92,0
2025-01-31,SKU-B-03,Beverages,85,0
2025-02-01,SKU-B-03,Beverages,109,0
2025-02-02,SKU-B-03,Beverages,122,0
2025-02-03,SKU-B-03,Beverages,59,0
2025-02-04,SKU-B-03,Beverages,103,0
2025-02-05,SKU-B-03,Beverages,26,0
2025-02-06,SKU-B-03,Beverages,130,0
2025-02-07,SKU-B-03,Beverages,87,0
2025-02-08,SKU-B-03,Beverages,199,0
2025-02-09,SKU-B-03,Beverages,97,0
2025-02-10,SKU-B-03,Beverages,106,0
2025-02-11,SKU-B-03,Beverages,68,0
2025-02-12,SKU-B-03,Beverages,29,0
2025-02-13,SKU-B-03,Beverages,97,0
2025-02-14,SKU-B-03,Beverages,120,0
2025-02-15,SKU-B-03,Beverages,130,0
2025-02-16,SKU-B-03,Beverages,204,1
2025-02-17,SKU-B-03,Beverages,119,0
2025-02-18,SKU-B-03,Beverages,95,0
2025-02-19,SKU-B-03,Beverages,71,0
2025-02-20,SKU-B-03,Beverages,74,0
2025-02-21,SKU-B-03,Beverages,104,0
2025-02-22,SKU-B-03,Beverages,90,1
2025-02-23,SKU-B-03,Beverages,116,0
2025-02-24,SKU-B-03,Beverages,126,1
2025-02-25,SKU-B-03,Beverages,57,0
2025-02-26,SKU-B-03,Beverages,141,0
2025-02-27,SKU-B-03,Beverages,100,0
2025-02-28,SKU-B-03,Beverages,74,0
2025-03-01,SKU-B-03,Beverages,294,0
2025-03-02,SKU-B-03,Beverages,119,0
2025-03-03,SKU-B-03,Beverages,156,0
2025-03-04,SKU-B-03,Beverages,87,0
2025-03-05,SKU-B-03,Beverages,45,0
2025-03-06,SKU-B-03,Beverages,53,0
2025-03-07,SKU-B-03,Beverages,64,0
2025-03-08,SKU-B-03,Beverages,193,1
2025-03-09,SKU-B-03,Beverages,151,0
2025-03-10,SKU-B-03,Beverages,91,0
2025-03-11,SKU-B-03,Beverages,63,0
2025-03-12,SKU-B-03,Beverages,71,0
2025-03-13,SKU-B-03,Beverages,28,0
2025-03-14,SKU-B-03,Beverages,112,0
2025-03-15,SKU-B-03,Beverages,148,0
2025-03-16,SKU-B-03,Beverages,99,0
2025-03-17,SKU-B-03,Beverages,37,0
2025-03-18,SKU-B-03,Beverages,69,0
2025-03-19,SKU-B-03,Beverages,61,0
2025-03-20,SKU-B-03,Beverages,55,0
2025-03-21,SKU-B-03,Beverages,54,0
2025-03-22,SKU-B-03,Beverages,71,0
2025-03-23,SKU-B-03,Beverages,185,0
2025-03-24,SKU-B-03,Beverages,86,0
2025-03-25,SKU-B-03,Beverages,74,0
2025-03-26,SKU-B-03,Beverages,24,0
2025-03-27,SKU-B-03,Beverages,75,0
2025-03-28,SKU-B-03,Beverages,130,0
2025-03-29,SKU-B-03,Beverages,168,0
2025-03-30,SKU-B-03,Beverages,158,0
2025-03-31,SKU-B-03,Beverages,88,0
2025-04-01,SKU-B-03,Beverages,74,0
2025-04-02,SKU-B-03,Beverages,121,0
2025-04-03,SKU-B-03,Beverages,106,0
2025-04-04,SKU-B-03,Beverages,132,0
2025-04-05,SKU-B-03,Beverages,140,0
2025-04-06,SKU-B-03,Beverages,86,0
2025-04-07,SKU-B-03,Beverages,44,0
2025-04-08,SKU-B-03,Beverages,35,0
2025-04-09,SKU-B-03,Beverages,68,0
2025-04-10,SKU-B-03,Beverages,130,0
2025-04-11,SKU-B-03,Beverages,157,0
2025-04-12,SKU-B-03,Beverages,105,0
2025-04-13,SKU-B-03,Beverages,183,1
2025-04-14,SKU-B-03,Beverages,86,0
2025-04-15,SKU-B-03,Beverages,68,0
2025-04-16,SKU-B-03,Beverages,73,0
2025-04-17,SKU-B-03,Beverages,90,0
2025-04-18,SKU-B-03,Beverages,155,0
2025-04-19,SKU-B-03,Beverages,130,0
2025-04-20,SKU-B-03,Beverages,102,0
2025-04-21,SKU-B-03,Beverages,87,0
2025-04-22,SKU-B-03,Beverages,69,0
2025-04-23,SKU-B-03,Beverages,71,0
2025-04-24,SKU-B-03,Beverages,53,0
2025-04-25,SKU-B-03,Beverages,135,0
2025-04-26,SKU-B-03,Beverages,77,0
2025-04-27,SKU-B-03,Beverages,100,0
2025-04-28,SKU-B-03,Beverages,76,0
2025-04-29,SKU-B-03,Beverages,82,0
2025-04-30,SKU-B-03,Beverages,276,1
2025-05-01,SKU-B-03,Beverages,86,0
2025-05-02,SKU-B-03,Beverages,105,0
2025-05-03,SKU-B-03,Beverages,130,0
2025-05-04,SKU-B-03,Beverages,65,0
2025-05-05,SKU-B-03,Beverages,131,0
2025-05-06,SKU-B-03,Beverages,42,0
2025-05-07,SKU-B-03,Beverages,98,0
2025-05-08,SKU-B-03,Beverages,82,0
2025-05-09,SKU-B-03,Beverages,79,0
2025-05-10,SKU-B-03,Beverages,227,0
2025-05-11,SKU-B-03,Beverages,107,0
2025-05-12,SKU-B-03,Beverages,38,0
2025-05-13,SKU-B-03,Beverages,115,0
2025-05-14,SKU-B-03,Beverages,97,0
2025-05-15,SKU-B-03,Beverages,279,1
2025-05-16,SKU-B-03,Beverages,172,0
2025-05-17,SKU-B-03,Beverages,204,0
2025-05-18,SKU-B-03,Beverages,111,0
2025-05-19,SKU-B-03,Beverages,147,0
2025-05-20,SKU-B-03,Beverages,179,1
2025-05-21,SKU-B-03,Beverages,85,0
2025-05-22,SKU-B-03,Beverages,55,0
2025-05-23,SKU-B-03,Beverages,98,0
2025-05-24,SKU-B-03,Beverages,155,0
2025-05-25,SKU-B-03,Beverages,112,0
2025-05-26,SKU-B-03,Beverages,91,0
2025-05-27,SKU-B-03,Beverages,66,0
2025-05-28,SKU-B-03,Beverages,64,0
2025-05-29,SKU-B-03,Beverages,117,0
2025-05-30,SKU-B-03,Beverages,162,0
2025-05-31,SKU-B-03,Beverages,111,0
2025-06-01,SKU-B-03,Beverages,114,0
2025-06-02,SKU-B-03,Beverages,135,0
2025-06-03,SKU-B-03,Beverages,96,0
2025-06-04,SKU-B-03,Beverages,125,0
2025-06-05,SKU-B-03,Beverages,88,0
2025-06-06,SKU-B-03,Beverages,186,1
2025-06-07,SKU-B-03,Beverages,152,0
2025-06-08,SKU-B-03,Beverages,209,0
2025-06-09,SKU-B-03,Beverages,87,0
2025-06-10,SKU-B-03,Beverages,117,0
2025-06-11,SKU-B-03,Beverages,83,0
2025-06-12,SKU-B-03,Beverages,123,0
2025-06-13,SKU-B-03,Beverages,66,0
2025-06-14,SKU-B-03,Beverages,153,0
2025-06-15,SKU-B-03,Beverages,211,0
2025-06-16,SKU-B-03,Beverages,117,0
2025-06-17,SKU-B-03,Beverages,73,0
2025-06-18,SKU-B-03,Beverages,71,0
2025-06-19,SKU-B-03,Beverages,43,0
2025-06-20,SKU-B-03,Beverages,100,0
2025-06-21,SKU-B-03,Beverages,196,0
2025-06-22,SKU-B-03,Beverages,360,0
2025-06-23,SKU-B-03,Beverages,31,0
2025-06-24,SKU-B-03,Beverages,177,0
2025-06-25,SKU-B-03,Beverages,112,0
2025-06-26,SKU-B-03,Beverages,134,0
2025-06-27,SKU-B-03,Beverages,124,0
2025-06-28,SKU-B-03,Beverages,297,0
2025-06-29,SKU-B-03,Beverages,243,0
2025-06-30,SKU-B-03,Beverages,45,0
2025-07-01,SKU-B-03,Beverages,73,0
2023-01-01,SKU-B-04,Beverages,173,0
2023-01-02,SKU-B-04,Beverages,18,0
2023-01-03,SKU-B-04,Beverages,40,0
2023-01-04,SKU-B-04,Beverages,28,0
2023-01-05,SKU-B-04,Beverages,63,0
2023-01-06,SKU-B-04,Beverages,65,0
2023-01-07,SKU-B-04,Beverages,86,0
2023-01-08,SKU-B-04,Beverages,68,0
2023-01-09,SKU-B-04,Beverages,55,0
2023-01-10,SKU-B-04,Beverages,64,0
2023-01-11,SKU-B-04,Beverages,18,0
2023-01-12,SKU-B-04,Beverages,77,0
2023-01-13,SKU-B-04,Beverages,87,0
2023-01-14,SKU-B-04,Beverages,80,0
2023-01-15,SKU-B-04,Beverages,95,0
2023-01-16,SKU-B-04,Beverages,82,0
2023-01-17,SKU-B-04,Beverages,31,0
2023-01-18,SKU-B-04,Beverages,27,0
2023-01-19,SKU-B-04,Beverages,74,0
2023-01-20,SKU-B-04,Beverages,151,0
2023-01-21,SKU-B-04,Beverages,110,0
2023-01-22,SKU-B-04,Beverages,146,0
2023-01-23,SKU-B-04,Beverages,48,0
2023-01-24,SKU-B-04,Beverages,86,0
2023-01-25,SKU-B-04,Beverages,44,0
2023-01-26,SKU-B-04,Beverages,63,0
2023-01-27,SKU-B-04,Beverages,114,0
2023-01-28,SKU-B-04,Beverages,172,0
2023-01-29,SKU-B-04,Beverages,78,0
2023-01-30,SKU-B-04,Beverages,80,0
2023-01-31,SKU-B-04,Beverages,168,0
2023-02-01,SKU-B-04,Beverages,73,1
2023-02-02,SKU-B-04,Beverages,63,0
2023-02-03,SKU-B-04,Beverages,90,0
2023-02-04,SKU-B-04,Beverages,159,1
2023-02-05,SKU-B-04,Beverages,120,0
2023-02-06,SKU-B-04,Beverages,33,0
2023-02-07,SKU-B-04,Beverages,30,0
2023-02-08,SKU-B-04,Beverages,36,0
2023-02-09,SKU-B-04,Beverages,48,0
2023-02-10,SKU-B-04,Beverages,69,0
2023-02-11,SKU-B-04,Beverages,141,0
2023-02-12,SKU-B-04,Beverages,72,0
2023-02-13,SKU-B-04,Beverages,68,0
2023-02-14,SKU-B-04,Beverages,35,0
2023-02-15,SKU-B-04,Beverages,37,0
2023-02-16,SKU-B-04,Beverages,65,0
2023-02-17,SKU-B-04,Beverages,42,0
2023-02-18,SKU-B-04,Beverages,78,0
2023-02-19,SKU-B-04,Beverages,72,0
2023-02-20,SKU-B-04,Beverages,58,0
2023-02-21,SKU-B-04,Beverages,67,0
2023-02-22,SKU-B-04,Beverages,55,0
2023-02-23,SKU-B-04,Beverages,99,1
2023-02-24,SKU-B-04,Beverages,88,0
2023-02-25,SKU-B-04,Beverages,113,0
2023-02-26,SKU-B-04,Beverages,112,0
2023-02-27,SKU-B-04,Beverages,87,0
2023-02-28,SKU-B-04,Beverages,67,0
2023-03-01,SKU-B-04,Beverages,111,0
2023-03-02,SKU-B-04,Beverages,110,0
2023-03-03,SKU-B-04,Beverages,93,0
2023-03-04,SKU-B-04,Beverages,126,0
2023-03-05,SKU-B-04,Beverages,206,1
2023-03-06,SKU-B-04,Beverages,11,0
2023-03-07,SKU-B-04,Beverages,54,0
2023-03-08,SKU-B-04,Beverages,67,0
2023-03-09,SKU-B-04,Beverages,65,0
2023-03-10,SKU-B-04,Beverages,108,0
2023-03-11,SKU-B-04,Beverages,182,0
2023-03-12,SKU-B-04,Beverages,127,0
2023-03-13,SKU-B-04,Beverages,69,0
2023-03-14,SKU-B-04,Beverages,85,1
2023-03-15,SKU-B-04,Beverages,85,0
2023-03-16,SKU-B-04,Beverages,47,0
2023-03-17,SKU-B-04,Beverages,77,0
2023-03-18,SKU-B-04,Beverages,172,0
2023-03-19,SKU-B-04,Beverages,43,0
2023-03-20,SKU-B-04,Beverages,36,0
2023-03-21,SKU-B-04,Beverages,70,0
2023-03-22,SKU-B-04,Beverages,88,1
2023-03-23,SKU-B-04,Beverages,16,0
2023-03-24,SKU-B-04,Beverages,52,0
2023-03-25,SKU-B-04,Beverages,144,0
2023-03-26,SKU-B-04,Beverages,39,0
2023-03-27,SKU-B-04,Beverages,49,0
2023-03-28,SKU-B-04,Beverages,114,1
2023-03-29,SKU-B-04,Beverages,51,0
2023-03-30,SKU-B-04,Beverages,52,0
2023-03-31,SKU-B-04,Beverages,39,0
2023-04-01,SKU-B-04,Beverages,122,0
2023-04-02,SKU-B-04,Beverages,27,0
2023-04-03,SKU-B-04,Beverages,66,0
2023-04-04,SKU-B-04,Beverages,65,0
2023-04-05,SKU-B-04,Beverages,63,0
2023-04-06,SKU-B-04,Beverages,53,0
2023-04-07,SKU-B-04,Beverages,167,1
2023-04-08,SKU-B-04,Beverages,118,0
2023-04-09,SKU-B-04,Beverages,111,0
2023-04-10,SKU-B-04,Beverages,78,0
2023-04-11,SKU-B-04,Beverages,31,0
2023-04-12,SKU-B-04,Beverages,38,0
2023-04-13,SKU-B-04,Beverages,78,0
2023-04-14,SKU-B-04,Beverages,57,0
2023-04-15,SKU-B-04,Beverages,114,0
2023-04-16,SKU-B-04,Beverages,57,0
2023-04-17,SKU-B-04,Beverages,82,0
2023-04-18,SKU-B-04,Beverages,69,0
2023-04-19,SKU-B-04,Beverages,105,0
2023-04-20,SKU-B-04,Beverages,74,0
2023-04-21,SKU-B-04,Beverages,63,0
2023-04-22,SKU-B-04,Beverages,127,0
2023-04-23,SKU-B-04,Beverages,120,0
2023-04-24,SKU-B-04,Beverages,54,0
2023-04-25,SKU-B-04,Beverages,88,0
2023-04-26,SKU-B-04,Beverages,36,0
2023-04-27,SKU-B-04,Beverages,78,0
2023-04-28,SKU-B-04,Beverages,37,0
2023-04-29,SKU-B-04,Beverages,109,0
2023-04-30,SKU-B-04,Beverages,68,0
2023-05-01,SKU-B-04,Beverages,48,0
2023-05-02,SKU-B-04,Beverages,66,0
2023-05-03,SKU-B-04,Beverages,88,0
2023-05-04,SKU-B-04,Beverages,97,0
2023-05-05,SKU-B-04,Beverages,173,0
2023-05-06,SKU-B-04,Beverages,131,0
2023-05-07,SKU-B-04,Beverages,92,1
2023-05-08,SKU-B-04,Beverages,98,0
2023-05-09,SKU-B-04,Beverages,13,0
2023-05-10,SKU-B-04,Beverages,47,0
2023-05-11,SKU-B-04,Beverages,129,0
2023-05-12,SKU-B-04,Beverages,67,0
2023-05-13,SKU-B-04,Beverages,175,0
2023-05-14,SKU-B-04,Beverages,55,0
2023-05-15,SKU-B-04,Beverages,55,0
2023-05-16,SKU-B-04,Beverages,223,1
2023-05-17,SKU-B-04,Beverages,44,0
2023-05-18,SKU-B-04,Beverages,101,0
2023-05-19,SKU-B-04,Beverages,169,0
2023-05-20,SKU-B-04,Beverages,100,0
2023-05-21,SKU-B-04,Beverages,91,0
2023-05-22,SKU-B-04,Beverages,56,0
2023-05-23,SKU-B-04,Beverages,82,0
2023-05-24,SKU-B-04,Beverages,54,0
2023-05-25,SKU-B-04,Beverages,89,0
2023-05-26,SKU-B-04,Beverages,116,0
2023-05-27,SKU-B-04,Beverages,66,0
2023-05-28,SKU-B-04,Beverages,73,0
2023-05-29,SKU-B-04,Beverages,152,0
2023-05-30,SKU-B-04,Beverages,88,0
2023-05-31,SKU-B-04,Beverages,117,0
2023-06-01,SKU-B-04,Beverages,141,0
2023-06-02,SKU-B-04,Beverages,151,0
2023-06-03,SKU-B-04,Beverages,67,0
2023-06-04,SKU-B-04,Beverages,167,0
2023-06-05,SKU-B-04,Beverages,22,0
2023-06-06,SKU-B-04,Beverages,78,0
2023-06-07,SKU-B-04,Beverages,51,0
2023-06-08,SKU-B-04,Beverages,32,0
2023-06-09,SKU-B-04,Beverages,85,0
2023-06-10,SKU-B-04,Beverages,228,0
2023-06-11,SKU-B-04,Beverages,120,0
2023-06-12,SKU-B-04,Beverages,40,0
2023-06-13,SKU-B-04,Beverages,149,0
2023-06-14,SKU-B-04,Beverages,102,0
2023-06-15,SKU-B-04,Beverages,99,0
2023-06-16,SKU-B-04,Beverages,322,1
2023-06-17,SKU-B-04,Beverages,200,1
2023-06-18,SKU-B-04,Beverages,67,0
2023-06-19,SKU-B-04,Beverages,119,0
2023-06-20,SKU-B-04,Beverages,102,0
2023-06-21,SKU-B-04,Beverages,89,0
2023-06-22,SKU-B-04,Beverages,55,0
2023-06-23,SKU-B-04,Beverages,248,0
2023-06-24,SKU-B-04,Beverages,212,0
2023-06-25,SKU-B-04,Beverages,237,0
2023-06-26,SKU-B-04,Beverages,43,0
2023-06-27,SKU-B-04,Beverages,69,0
2023-06-28,SKU-B-04,Beverages,54,0
2023-06-29,SKU-B-04,Beverages,144,1
2023-06-30,SKU-B-04,Beverages,201,0
2023-07-01,SKU-B-04,Beverages,205,0
2023-07-02,SKU-B-04,Beverages,288,0
2023-07-03,SKU-B-04,Beverages,89,0
2023-07-04,SKU-B-04,Beverages,111,0
2023-07-05,SKU-B-04,Beverages,83,0
2023-07-06,SKU-B-04,Beverages,84,0
2023-07-07,SKU-B-04,Beverages,138,0
2023-07-08,SKU-B-04,Beverages,229,0
2023-07-09,SKU-B-04,Beverages,133,0
2023-07-10,SKU-B-04,Beverages,139,0
2023-07-11,SKU-B-04,Beverages,97,0
2023-07-12,SKU-B-04,Beverages,24,0
2023-07-13,SKU-B-04,Beverages,73,0
2023-07-14,SKU-B-04,Beverages,91,0
2023-07-15,SKU-B-04,Beverages,137,0
2023-07-16,SKU-B-04,Beverages,106,0
2023-07-17,SKU-B-04,Beverages,163,1
2023-07-18,SKU-B-04,Beverages,87,0
2023-07-19,SKU-B-04,Beverages,68,0
2023-07-20,SKU-B-04,Beverages,128,0
2023-07-21,SKU-B-04,Beverages,183,0
2023-07-22,SKU-B-04,Beverages,114,0
2023-07-23,SKU-B-04,Beverages,93,0
2023-07-24,SKU-B-04,Beverages,76,0
2023-07-25,SKU-B-04,Beverages,83,0
2023-07-26,SKU-B-04,Beverages,146,0
2023-07-27,SKU-B-04,Beverages,63,0
2023-07-28,SKU-B-04,Beverages,252,0
2023-07-29,SKU-B-04,Beverages,233,0
2023-07-30,SKU-B-04,Beverages,73,0
2023-07-31,SKU-B-04,Beverages,77,0
2023-08-01,SKU-B-04,Beverages,51,0
2023-08-02,SKU-B-04,Beverages,147,0
2023-08-03,SKU-B-04,Beverages,128,0
2023-08-04,SKU-B-04,Beverages,62,0
2023-08-05,SKU-B-04,Beverages,165,0
2023-08-06,SKU-B-04,Beverages,269,0
2023-08-07,SKU-B-04,Beverages,116,0
2023-08-08,SKU-B-04,Beverages,72,0
2023-08-09,SKU-B-04,Beverages,112,0
2023-08-10,SKU-B-04,Beverages,122,0
2023-08-11,SKU-B-04,Beverages,154,0
2023-08-12,SKU-B-04,Beverages,192,0
2023-08-13,SKU-B-04,Beverages,53,0
2023-08-14,SKU-B-04,Beverages,71,0
2023-08-15,SKU-B-04,Beverages,55,0
2023-08-16,SKU-B-04,Beverages,76,0
2023-08-17,SKU-B-04,Beverages,155,0
2023-08-18,SKU-B-04,Beverages,90,0
2023-08-19,SKU-B-04,Beverages,208,0
2023-08-20,SKU-B-04,Beverages,64,0
2023-08-21,SKU-B-04,Beverages,77,0
2023-08-22,SKU-B-04,Beverages,101,0
2023-08-23,SKU-B-04,Beverages,129,0
2023-08-24,SKU-B-04,Beverages,140,1
2023-08-25,SKU-B-04,Beverages,154,0
2023-08-26,SKU-B-04,Beverages,156,0
2023-08-27,SKU-B-04,Beverages,61,0
2023-08-28,SKU-B-04,Beverages,127,0
2023-08-29,SKU-B-04,Beverages,161,0
2023-08-30,SKU-B-04,Beverages,136,0
2023-08-31,SKU-B-04,Beverages,67,0
2023-09-01,SKU-B-04,Beverages,167,0
2023-09-02,SKU-B-04,Beverages,261,0
2023-09-03,SKU-B-04,Beverages,115,0
2023-09-04,SKU-B-04,Beverages,35,0
2023-09-05,SKU-B-04,Beverages,70,0
2023-09-06,SKU-B-04,Beverages,115,0
2023-09-07,SKU-B-04,Beverages,38,0
2023-09-08,SKU-B-04,Beverages,55,0
2023-09-09,SKU-B-04,Beverages,152,0
2023-09-10,SKU-B-04,Beverages,47,0
2023-09-11,SKU-B-04,Beverages,128,0
2023-09-12,SKU-B-04,Beverages,131,1
2023-09-13,SKU-B-04,Beverages,99,0
2023-09-14,SKU-B-04,Beverages,91,0
2023-09-15,SKU-B-04,Beverages,114,0
2023-09-16,SKU-B-04,Beverages,143,0
2023-09-17,SKU-B-04,Beverages,124,0
2023-09-18,SKU-B-04,Beverages,123,0
2023-09-19,SKU-B-04,Beverages,101,0
2023-09-20,SKU-B-04,Beverages,96,0
2023-09-21,SKU-B-04,Beverages,108,0
2023-09-22,SKU-B-04,Beverages,320,0
2023-09-23,SKU-B-04,Beverages,200,0
2023-09-24,SKU-B-04,Beverages,220,0
2023-09-25,SKU-B-04,Beverages,100,1
2023-09-26,SKU-B-04,Beverages,66,0
2023-09-27,SKU-B-04,Beverages,116,0
2023-09-28,SKU-B-04,Beverages,129,0
2023-09-29,SKU-B-04,Beverages,41,0
2023-09-30,SKU-B-04,Beverages,129,0
2023-10-01,SKU-B-04,Beverages,62,0
2023-10-02,SKU-B-04,Beverages,86,1
2023-10-03,SKU-B-04,Beverages,36,0
2023-10-04,SKU-B-04,Beverages,80,0
2023-10-05,SKU-B-04,Beverages,83,0
2023-10-06,SKU-B-04,Beverages,96,0
2023-10-07,SKU-B-04,Beverages,108,0
2023-10-08,SKU-B-04,Beverages,132,0
2023-10-09,SKU-B-04,Beverages,52,0
2023-10-10,SKU-B-04,Beverages,59,0
2023-10-11,SKU-B-04,Beverages,88,0
2023-10-12,SKU-B-04,Beverages,74,0
2023-10-13,SKU-B-04,Beverages,183,0
2023-10-14,SKU-B-04,Beverages,164,0
2023-10-15,SKU-B-04,Beverages,122,0
2023-10-16,SKU-B-04,Beverages,72,0
2023-10-17,SKU-B-04,Beverages,37,0
2023-10-18,SKU-B-04,Beverages,49,0
2023-10-19,SKU-B-04,Beverages,89,0
2023-10-20,SKU-B-04,Beverages,59,0
2023-10-21,SKU-B-04,Beverages,75,0
2023-10-22,SKU-B-04,Beverages,71,0
2023-10-23,SKU-B-04,Beverages,46,0
2023-10-24,SKU-B-04,Beverages,72,0
2023-10-25,SKU-B-04,Beverages,108,0
2023-10-26,SKU-B-04,Beverages,76,0
2023-10-27,SKU-B-04,Beverages,46,0
2023-10-28,SKU-B-04,Beverages,97,0
2023-10-29,SKU-B-04,Beverages,70,0
2023-10-30,SKU-B-04,Beverages,84,0
2023-10-31,SKU-B-04,Beverages,84,0
2023-11-01,SKU-B-04,Beverages,52,0
2023-11-02,SKU-B-04,Beverages,86,0
2023-11-03,SKU-B-04,Beverages,68,0
2023-11-04,SKU-B-04,Beverages,72,0
2023-11-05,SKU-B-04,Beverages,56,0
2023-11-06,SKU-B-04,Beverages,43,0
2023-11-07,SKU-B-04,Beverages,80,0
2023-11-08,SKU-B-04,Beverages,105,0
2023-11-09,SKU-B-04,Beverages,191,1
2023-11-10,SKU-B-04,Beverages,118,0
2023-11-11,SKU-B-04,Beverages,74,0
2023-11-12,SKU-B-04,Beverages,148,0
2023-11-13,SKU-B-04,Beverages,64,0
2023-11-14,SKU-B-04,Beverages,15,0
2023-11-15,SKU-B-04,Beverages,77,0
2023-11-16,SKU-B-04,Beverages,46,0
2023-11-17,SKU-B-04,Beverages,54,0
2023-11-18,SKU-B-04,Beverages,58,0
2023-11-19,SKU-B-04,Beverages,109,0
2023-11-20,SKU-B-04,Beverages,41,0
2023-11-21,SKU-B-04,Beverages,34,0
2023-11-22,SKU-B-04,Beverages,57,0
2023-11-23,SKU-B-04,Beverages,98,0
2023-11-24,SKU-B-04,Beverages,53,0
2023-11-25,SKU-B-04,Beverages,66,0
2023-11-26,SKU-B-04,Beverages,107,0
2023-11-27,SKU-B-04,Beverages,101,0
2023-11-28,SKU-B-04,Beverages,127,0
2023-11-29,SKU-B-04,Beverages,54,0
2023-11-30,SKU-B-04,Beverages,50,0
2023-12-01,SKU-B-04,Beverages,29,0
2023-12-02,SKU-B-04,Beverages,103,0
2023-12-03,SKU-B-04,Beverages,99,0
2023-12-04,SKU-B-04,Beverages,29,0
2023-12-05,SKU-B-04,Beverages,139,1
2023-12-06,SKU-B-04,Beverages,100,0
2023-12-07,SKU-B-04,Beverages,92,0
2023-12-08,SKU-B-04,Beverages,46,0
2023-12-09,SKU-B-04,Beverages,130,0
2023-12-10,SKU-B-04,Beverages,167,0
2023-12-11,SKU-B-04,Beverages,53,0
2023-12-12,SKU-B-04,Beverages,24,0
2023-12-13,SKU-B-04,Beverages,83,0
2023-12-14,SKU-B-04,Beverages,99,0
2023-12-15,SKU-B-04,Beverages,61,0
2023-12-16,SKU-B-04,Beverages,152,0
2023-12-17,SKU-B-04,Beverages,43,0
2023-12-18,SKU-B-04,Beverages,65,0
2023-12-19,SKU-B-04,Beverages,207,1
2023-12-20,SKU-B-04,Beverages,97,0
2023-12-21,SKU-B-04,Beverages,45,0
2023-12-22,SKU-B-04,Beverages,93,0
2023-12-23,SKU-B-04,Beverages,87,0
2023-12-24,SKU-B-04,Beverages,178,0
2023-12-25,SKU-B-04,Beverages,44,0
2023-12-26,SKU-B-04,Beverages,73,1
2023-12-27,SKU-B-04,Beverages,57,0
2023-12-28,SKU-B-04,Beverages,113,0
2023-12-29,SKU-B-04,Beverages,107,0
2023-12-30,SKU-B-04,Beverages,56,0
2023-12-31,SKU-B-04,Beverages,119,0
2024-01-01,SKU-B-04,Beverages,124,0
2024-01-02,SKU-B-04,Beverages,104,0
2024-01-03,SKU-B-04,Beverages,113,0
2024-01-04,SKU-B-04,Beverages,61,0
2024-01-05,SKU-B-04,Beverages,69,0
2024-01-06,SKU-B-04,Beverages,150,0
2024-01-07,SKU-B-04,Beverages,42,0
2024-01-08,SKU-B-04,Beverages,69,0
2024-01-09,SKU-B-04,Beverages,112,0
2024-01-10,SKU-B-04,Beverages,64,0
2024-01-11,SKU-B-04,Beverages,84,0
2024-01-12,SKU-B-04,Beverages,98,0
2024-01-13,SKU-B-04,Beverages,97,0
2024-01-14,SKU-B-04,Beverages,110,0
2024-01-15,SKU-B-04,Beverages,81,0
2024-01-16,SKU-B-04,Beverages,68,0
2024-01-17,SKU-B-04,Beverages,79,1
2024-01-18,SKU-B-04,Beverages,95,0
2024-01-19,SKU-B-04,Beverages,66,0
2024-01-20,SKU-B-04,Beverages,87,0
2024-01-21,SKU-B-04,Beverages,161,0
2024-01-22,SKU-B-04,Beverages,51,0
2024-01-23,SKU-B-04,Beverages,69,0
2024-01-24,SKU-B-04,Beverages,36,0
2024-01-25,SKU-B-04,Beverages,61,0
2024-01-26,SKU-B-04,Beverages,63,0
2024-01-27,SKU-B-04,Beverages,92,0
2024-01-28,SKU-B-04,Beverages,173,0
2024-01-29,SKU-B-04,Beverages,55,0
2024-01-30,SKU-B-04,Beverages,110,0
2024-01-31,SKU-B-04,Beverages,51,0
2024-02-01,SKU-B-04,Beverages,49,0
2024-02-02,SKU-B-04,Beverages,108,0
2024-02-03,SKU-B-04,Beverages,78,0
2024-02-04,SKU-B-04,Beverages,83,0
2024-02-05,SKU-B-04,Beverages,54,0
2024-02-06,SKU-B-04,Beverages,50,0
2024-02-07,SKU-B-04,Beverages,48,0
2024-02-08,SKU-B-04,Beverages,64,0
2024-02-09,SKU-B-04,Beverages,40,0
2024-02-10,SKU-B-04,Beverages,126,0
2024-02-11,SKU-B-04,Beverages,78,0
2024-02-12,SKU-B-04,Beverages,22,0
2024-02-13,SKU-B-04,Beverages,74,0
2024-02-14,SKU-B-04,Beverages,91,0
2024-02-15,SKU-B-04,Beverages,36,0
2024-02-16,SKU-B-04,Beverages,57,0
2024-02-17,SKU-B-04,Beverages,96,0
2024-02-18,SKU-B-04,Beverages,97,0
2024-02-19,SKU-B-04,Beverages,64,0
2024-02-20,SKU-B-04,Beverages,45,0
2024-02-21,SKU-B-04,Beverages,23,0
2024-02-22,SKU-B-04,Beverages,38,0
2024-02-23,SKU-B-04,Beverages,196,1
2024-02-24,SKU-B-04,Beverages,69,0
2024-02-25,SKU-B-04,Beverages,70,0
2024-02-26,SKU-B-04,Beverages,55,0
2024-02-27,SKU-B-04,Beverages,54,0
2024-02-28,SKU-B-04,Beverages,64,0
2024-02-29,SKU-B-04,Beverages,57,0
2024-03-01,SKU-B-04,Beverages,47,0
2024-03-02,SKU-B-04,Beverages,134,0
2024-03-03,SKU-B-04,Beverages,111,0
2024-03-04,SKU-B-04,Beverages,72,0
2024-03-05,SKU-B-04,Beverages,111,0
2024-03-06,SKU-B-04,Beverages,99,0
2024-03-07,SKU-B-04,Beverages,58,0
2024-03-08,SKU-B-04,Beverages,192,0
2024-03-09,SKU-B-04,Beverages,146,0
2024-03-10,SKU-B-04,Beverages,60,0
2024-03-11,SKU-B-04,Beverages,94,0
2024-03-12,SKU-B-04,Beverages,118,0
2024-03-13,SKU-B-04,Beverages,59,0
2024-03-14,SKU-B-04,Beverages,76,0
2024-03-15,SKU-B-04,Beverages,82,0
2024-03-16,SKU-B-04,Beverages,98,0
2024-03-17,SKU-B-04,Beverages,205,0
2024-03-18,SKU-B-04,Beverages,36,0
2024-03-19,SKU-B-04,Beverages,50,0
2024-03-20,SKU-B-04,Beverages,138,0
2024-03-21,SKU-B-04,Beverages,148,1
2024-03-22,SKU-B-04,Beverages,91,0
2024-03-23,SKU-B-04,Beverages,143,0
2024-03-24,SKU-B-04,Beverages,127,0
2024-03-25,SKU-B-04,Beverages,41,0
2024-03-26,SKU-B-04,Beverages,88,0
2024-03-27,SKU-B-04,Beverages,108,0
2024-03-28,SKU-B-04,Beverages,36,0
2024-03-29,SKU-B-04,Beverages,119,0
2024-03-30,SKU-B-04,Beverages,76,0
2024-03-31,SKU-B-04,Beverages,104,0
2024-04-01,SKU-B-04,Beverages,42,0
2024-04-02,SKU-B-04,Beverages,37,0
2024-04-03,SKU-B-04,Beverages,57,0
2024-04-04,SKU-B-04,Beverages,80,0
2024-04-05,SKU-B-04,Beverages,116,0
2024-04-06,SKU-B-04,Beverages,115,0
2024-04-07,SKU-B-04,Beverages,327,1
2024-04-08,SKU-B-04,Beverages,29,0
2024-04-09,SKU-B-04,Beverages,76,0
2024-04-10,SKU-B-04,Beverages,70,0
2024-04-11,SKU-B-04,Beverages,264,1
2024-04-12,SKU-B-04,Beverages,97,0
2024-04-13,SKU-B-04,Beverages,72,0
2024-04-14,SKU-B-04,Beverages,40,0
2024-04-15,SKU-B-04,Beverages,33,0
2024-04-16,SKU-B-04,Beverages,29,0
2024-04-17,SKU-B-04,Beverages,70,0
2024-04-18,SKU-B-04,Beverages,41,0
2024-04-19,SKU-B-04,Beverages,110,0
2024-04-20,SKU-B-04,Beverages,179,0
2024-04-21,SKU-B-04,Beverages,141,0
2024-04-22,SKU-B-04,Beverages,26,0
2024-04-23,SKU-B-04,Beverages,51,0
2024-04-24,SKU-B-04,Beverages,50,0
2024-04-25,SKU-B-04,Beverages,63,0
2024-04-26,SKU-B-04,Beverages,92,0
2024-04-27,SKU-B-04,Beverages,89,0
2024-04-28,SKU-B-04,Beverages,82,0
2024-04-29,SKU-B-04,Beverages,127,0
2024-04-30,SKU-B-04,Beverages,89,0
2024-05-01,SKU-B-04,Beverages,34,0
2024-05-02,SKU-B-04,Beverages,78,0
2024-05-03,SKU-B-04,Beverages,84,0
2024-05-04,SKU-B-04,Beverages,434,1
2024-05-05,SKU-B-04,Beverages,478,1
2024-05-06,SKU-B-04,Beverages,92,0
2024-05-07,SKU-B-04,Beverages,26,0
2024-05-08,SKU-B-04,Beverages,69,0
2024-05-09,SKU-B-04,Beverages,35,0
2024-05-10,SKU-B-04,Beverages,99,0
2024-05-11,SKU-B-04,Beverages,107,0
2024-05-12,SKU-B-04,Beverages,114,0
2024-05-13,SKU-B-04,Beverages,142,0
2024-05-14,SKU-B-04,Beverages,69,0
2024-05-15,SKU-B-04,Beverages,97,0
2024-05-16,SKU-B-04,Beverages,129,0
2024-05-17,SKU-B-04,Beverages,149,0
2024-05-18,SKU-B-04,Beverages,55,0
2024-05-19,SKU-B-04,Beverages,89,0
2024-05-20,SKU-B-04,Beverages,95,0
2024-05-21,SKU-B-04,Beverages,140,0
2024-05-22,SKU-B-04,Beverages,98,0
2024-05-23,SKU-B-04,Beverages,94,0
2024-05-24,SKU-B-04,Beverages,72,0
2024-05-25,SKU-B-04,Beverages,128,0
2024-05-26,SKU-B-04,Beverages,287,1
2024-05-27,SKU-B-04,Beverages,98,0
2024-05-28,SKU-B-04,Beverages,72,0
2024-05-29,SKU-B-04,Beverages,85,0
2024-05-30,SKU-B-04,Beverages,145,0
2024-05-31,SKU-B-04,Beverages,96,0
2024-06-01,SKU-B-04,Beverages,253,0
2024-06-02,SKU-B-04,Beverages,61,0
2024-06-03,SKU-B-04,Beverages,61,0
2024-06-04,SKU-B-04,Beverages,80,0
2024-06-05,SKU-B-04,Beverages,57,0
2024-06-06,SKU-B-04,Beverages,114,0
2024-06-07,SKU-B-04,Beverages,86,0
2024-06-08,SKU-B-04,Beverages,218,0
2024-06-09,SKU-B-04,Beverages,29,0
2024-06-10,SKU-B-04,Beverages,56,0
2024-06-11,SKU-B-04,Beverages,102,0
2024-06-12,SKU-B-04,Beverages,116,0
2024-06-13,SKU-B-04,Beverages,75,1
2024-06-14,SKU-B-04,Beverages,137,0
2024-06-15,SKU-B-04,Beverages,203,0
2024-06-16,SKU-B-04,Beverages,125,0
2024-06-17,SKU-B-04,Beverages,131,0
2024-06-18,SKU-B-04,Beverages,98,0
2024-06-19,SKU-B-04,Beverages,71,0
2024-06-20,SKU-B-04,Beverages,66,0
2024-06-21,SKU-B-04,Beverages,222,1
2024-06-22,SKU-B-04,Beverages,240,0
2024-06-23,SKU-B-04,Beverages,154,0
2024-06-24,SKU-B-04,Beverages,89,0
2024-06-25,SKU-B-04,Beverages,102,0
2024-06-26,SKU-B-04,Beverages,64,0
2024-06-27,SKU-B-04,Beverages,127,0
2024-06-28,SKU-B-04,Beverages,140,0
2024-06-29,SKU-B-04,Beverages,167,0
2024-06-30,SKU-B-04,Beverages,122,0
2024-07-01,SKU-B-04,Beverages,78,0
2024-07-02,SKU-B-04,Beverages,96,0
2024-07-03,SKU-B-04,Beverages,110,0
2024-07-04,SKU-B-04,Beverages,86,0
2024-07-05,SKU-B-04,Beverages,106,0
2024-07-06,SKU-B-04,Beverages,46,0
2024-07-07,SKU-B-04,Beverages,213,0
2024-07-08,SKU-B-04,Beverages,22,0
2024-07-09,SKU-B-04,Beverages,95,0
2024-07-10,SKU-B-04,Beverages,117,0
2024-07-11,SKU-B-04,Beverages,143,0
2024-07-12,SKU-B-04,Beverages,89,0
2024-07-13,SKU-B-04,Beverages,306,0
2024-07-14,SKU-B-04,Beverages,93,0
2024-07-15,SKU-B-04,Beverages,169,0
2024-07-16,SKU-B-04,Beverages,34,0
2024-07-17,SKU-B-04,Beverages,112,0
2024-07-18,SKU-B-04,Beverages,183,0
2024-07-19,SKU-B-04,Beverages,138,0
2024-07-20,SKU-B-04,Beverages,55,0
2024-07-21,SKU-B-04,Beverages,45,0
2024-07-22,SKU-B-04,Beverages,105,0
2024-07-23,SKU-B-04,Beverages,130,0
2024-07-24,SKU-B-04,Beverages,155,0
2024-07-25,SKU-B-04,Beverages,212,0
2024-07-26,SKU-B-04,Beverages,131,0
2024-07-27,SKU-B-04,Beverages,154,0
2024-07-28,SKU-B-04,Beverages,109,0
2024-07-29,SKU-B-04,Beverages,86,0
2024-07-30,SKU-B-04,Beverages,83,0
2024-07-31,SKU-B-04,Beverages,103,0
2024-08-01,SKU-B-04,Beverages,100,0
2024-08-02,SKU-B-04,Beverages,124,0
2024-08-03,SKU-B-04,Beverages,122,0
2024-08-04,SKU-B-04,Beverages,115,0
2024-08-05,SKU-B-04,Beverages,109,0
2024-08-06,SKU-B-04,Beverages,83,0
2024-08-07,SKU-B-04,Beverages,105,0
2024-08-08,SKU-B-04,Beverages,107,0
2024-08-09,SKU-B-04,Beverages,49,0
2024-08-10,SKU-B-04,Beverages,134,0
2024-08-11,SKU-B-04,Beverages,104,0
2024-08-12,SKU-B-04,Beverages,93,0
2024-08-13,SKU-B-04,Beverages,54,0
2024-08-14,SKU-B-04,Beverages,92,1
2024-08-15,SKU-B-04,Beverages,77,0
2024-08-16,SKU-B-04,Beverages,85,0
2024-08-17,SKU-B-04,Beverages,65,0
2024-08-18,SKU-B-04,Beverages,121,0
2024-08-19,SKU-B-04,Beverages,156,0
2024-08-20,SKU-B-04,Beverages,122,0
2024-08-21,SKU-B-04,Beverages,86,0
2024-08-22,SKU-B-04,Beverages,163,0
2024-08-23,SKU-B-04,Beverages,69,0
2024-08-24,SKU-B-04,Beverages,115,0
2024-08-25,SKU-B-04,Beverages,154,0
2024-08-26,SKU-B-04,Beverages,65,0
2024-08-27,SKU-B-04,Beverages,76,0
2024-08-28,SKU-B-04,Beverages,218,0
2024-08-29,SKU-B-04,Beverages,115,0
2024-08-30,SKU-B-04,Beverages,199,1
2024-08-31,SKU-B-04,Beverages,175,0
2024-09-01,SKU-B-04,Beverages,121,0
2024-09-02,SKU-B-04,Beverages,134,0
2024-09-03,SKU-B-04,Beverages,163,0
2024-09-04,SKU-B-04,Beverages,68,0
2024-09-05,SKU-B-04,Beverages,127,0
2024-09-06,SKU-B-04,Beverages,232,0
2024-09-07,SKU-B-04,Beverages,113,0
2024-09-08,SKU-B-04,Beverages,205,0
2024-09-09,SKU-B-04,Beverages,64,0
2024-09-10,SKU-B-04,Beverages,75,0
2024-09-11,SKU-B-04,Beverages,42,0
2024-09-12,SKU-B-04,Beverages,61,0
2024-09-13,SKU-B-04,Beverages,133,0
2024-09-14,SKU-B-04,Beverages,102,0
2024-09-15,SKU-B-04,Beverages,192,0
2024-09-16,SKU-B-04,Beverages,106,0
2024-09-17,SKU-B-04,Beverages,133,0
2024-09-18,SKU-B-04,Beverages,122,0
2024-09-19,SKU-B-04,Beverages,40,0
2024-09-20,SKU-B-04,Beverages,318,1
2024-09-21,SKU-B-04,Beverages,91,0
2024-09-22,SKU-B-04,Beverages,79,0
2024-09-23,SKU-B-04,Beverages,83,0
2024-09-24,SKU-B-04,Beverages,111,0
2024-09-25,SKU-B-04,Beverages,126,0
2024-09-26,SKU-B-04,Beverages,104,0
2024-09-27,SKU-B-04,Beverages,120,0
2024-09-28,SKU-B-04,Beverages,93,0
2024-09-29,SKU-B-04,Beverages,43,0
2024-09-30,SKU-B-04,Beverages,36,0
2024-10-01,SKU-B-04,Beverages,30,0
2024-10-02,SKU-B-04,Beverages,32,0
2024-10-03,SKU-B-04,Beverages,66,1
2024-10-04,SKU-B-04,Beverages,96,0
2024-10-05,SKU-B-04,Beverages,242,0
2024-10-06,SKU-B-04,Beverages,129,0
2024-10-07,SKU-B-04,Beverages,65,0
2024-10-08,SKU-B-04,Beverages,41,0
2024-10-09,SKU-B-04,Beverages,88,0
2024-10-10,SKU-B-04,Beverages,64,0
2024-10-11,SKU-B-04,Beverages,60,0
2024-10-12,SKU-B-04,Beverages,193,0
2024-10-13,SKU-B-04,Beverages,249,1
2024-10-14,SKU-B-04,Beverages,119,1
2024-10-15,SKU-B-04,Beverages,55,0
2024-10-16,SKU-B-04,Beverages,49,0
2024-10-17,SKU-B-04,Beverages,38,0
2024-10-18,SKU-B-04,Beverages,176,0
2024-10-19,SKU-B-04,Beverages,55,0
2024-10-20,SKU-B-04,Beverages,238,0
2024-10-21,SKU-B-04,Beverages,73,0
2024-10-22,SKU-B-04,Beverages,77,0
2024-10-23,SKU-B-04,Beverages,124,0
2024-10-24,SKU-B-04,Beverages,52,0
2024-10-25,SKU-B-04,Beverages,92,0
2024-10-26,SKU-B-04,Beverages,196,0
2024-10-27,SKU-B-04,Beverages,147,0
2024-10-28,SKU-B-04,Beverages,22,0
2024-10-29,SKU-B-04,Beverages,41,0
2024-10-30,SKU-B-04,Beverages,52,0
2024-10-31,SKU-B-04,Beverages,103,0
2024-11-01,SKU-B-04,Beverages,50,0
2024-11-02,SKU-B-04,Beverages,178,0
2024-11-03,SKU-B-04,Beverages,222,1
2024-11-04,SKU-B-04,Beverages,210,1
2024-11-05,SKU-B-04,Beverages,46,0
2024-11-06,SKU-B-04,Beverages,74,0
2024-11-07,SKU-B-04,Beverages,42,0
2024-11-08,SKU-B-04,Beverages,112,0
2024-11-09,SKU-B-04,Beverages,43,0
2024-11-10,SKU-B-04,Beverages,147,0
2024-11-11,SKU-B-04,Beverages,96,1
2024-11-12,SKU-B-04,Beverages,100,0
2024-11-13,SKU-B-04,Beverages,44,0
2024-11-14,SKU-B-04,Beverages,115,0
2024-11-15,SKU-B-04,Beverages,147,1
2024-11-16,SKU-B-04,Beverages,350,1
2024-11-17,SKU-B-04,Beverages,52,0
2024-11-18,SKU-B-04,Beverages,39,0
2024-11-19,SKU-B-04,Beverages,109,0
2024-11-20,SKU-B-04,Beverages,67,0
2024-11-21,SKU-B-04,Beverages,51,0
2024-11-22,SKU-B-04,Beverages,99,0
2024-11-23,SKU-B-04,Beverages,124,0
2024-11-24,SKU-B-04,Beverages,54,0
2024-11-25,SKU-B-04,Beverages,15,0
2024-11-26,SKU-B-04,Beverages,58,0
2024-11-27,SKU-B-04,Beverages,71,0
2024-11-28,SKU-B-04,Beverages,81,0
2024-11-29,SKU-B-04,Beverages,144,0
2024-11-30,SKU-B-04,Beverages,123,0
2024-12-01,SKU-B-04,Beverages,153,0
2024-12-02,SKU-B-04,Beverages,41,0
2024-12-03,SKU-B-04,Beverages,259,1
2024-12-04,SKU-B-04,Beverages,34,0
2024-12-05,SKU-B-04,Beverages,349,1
2024-12-06,SKU-B-04,Beverages,34,0
2024-12-07,SKU-B-04,Beverages,289,0
2024-12-08,SKU-B-04,Beverages,134,0
2024-12-09,SKU-B-04,Beverages,49,0
2024-12-10,SKU-B-04,Beverages,43,0
2024-12-11,SKU-B-04,Beverages,133,0
2024-12-12,SKU-B-04,Beverages,59,0
2024-12-13,SKU-B-04,Beverages,114,0
2024-12-14,SKU-B-04,Beverages,122,0
2024-12-15,SKU-B-04,Beverages,147,0
2024-12-16,SKU-B-04,Beverages,89,1
2024-12-17,SKU-B-04,Beverages,75,0
2024-12-18,SKU-B-04,Beverages,262,1
2024-12-19,SKU-B-04,Beverages,93,0
2024-12-20,SKU-B-04,Beverages,37,0
2024-12-21,SKU-B-04,Beverages,49,0
2024-12-22,SKU-B-04,Beverages,97,0
2024-12-23,SKU-B-04,Beverages,108,0
2024-12-24,SKU-B-04,Beverages,71,0
2024-12-25,SKU-B-04,Beverages,68,0
2024-12-26,SKU-B-04,Beverages,71,0
2024-12-27,SKU-B-04,Beverages,116,0
2024-12-28,SKU-B-04,Beverages,230,0
2024-12-29,SKU-B-04,Beverages,165,0
2024-12-30,SKU-B-04,Beverages,40,0
2024-12-31,SKU-B-04,Beverages,51,0
2025-01-01,SKU-B-04,Beverages,104,0
2025-01-02,SKU-B-04,Beverages,71,0
2025-01-03,SKU-B-04,Beverages,178,0
2025-01-04,SKU-B-04,Beverages,82,0
2025-01-05,SKU-B-04,Beverages,96,0
2025-01-06,SKU-B-04,Beverages,41,0
2025-01-07,SKU-B-04,Beverages,52,0
2025-01-08,SKU-B-04,Beverages,54,0
2025-01-09,SKU-B-04,Beverages,78,0
2025-01-10,SKU-B-04,Beverages,76,0
2025-01-11,SKU-B-04,Beverages,32,0
2025-01-12,SKU-B-04,Beverages,263,0
2025-01-13,SKU-B-04,Beverages,102,0
2025-01-14,SKU-B-04,Beverages,68,0
2025-01-15,SKU-B-04,Beverages,119,0
2025-01-16,SKU-B-04,Beverages,81,0
2025-01-17,SKU-B-04,Beverages,56,0
2025-01-18,SKU-B-04,Beverages,63,0
2025-01-19,SKU-B-04,Beverages,81,0
2025-01-20,SKU-B-04,Beverages,88,0
2025-01-21,SKU-B-04,Beverages,53,0
2025-01-22,SKU-B-04,Beverages,83,0
2025-01-23,SKU-B-04,Beverages,28,0
2025-01-24,SKU-B-04,Beverages,68,0
2025-01-25,SKU-B-04,Beverages,137,0
2025-01-26,SKU-B-04,Beverages,89,0
2025-01-27,SKU-B-04,Beverages,53,0
2025-01-28,SKU-B-04,Beverages,84,0
2025-01-29,SKU-B-04,Beverages,106,0
2025-01-30,SKU-B-04,Beverages,66,0
2025-01-31,SKU-B-04,Beverages,99,0
2025-02-01,SKU-B-04,Beverages,107,0
2025-02-02,SKU-B-04,Beverages,79,0
2025-02-03,SKU-B-04,Beverages,213,1
2025-02-04,SKU-B-04,Beverages,73,0
2025-02-05,SKU-B-04,Beverages,44,0
2025-02-06,SKU-B-04,Beverages,116,0
2025-02-07,SKU-B-04,Beverages,128,0
2025-02-08,SKU-B-04,Beverages,129,0
2025-02-09,SKU-B-04,Beverages,117,0
2025-02-10,SKU-B-04,Beverages,63,0
2025-02-11,SKU-B-04,Beverages,74,0
2025-02-12,SKU-B-04,Beverages,45,0
2025-02-13,SKU-B-04,Beverages,60,0
2025-02-14,SKU-B-04,Beverages,86,0
2025-02-15,SKU-B-04,Beverages,94,0
2025-02-16,SKU-B-04,Beverages,129,0
2025-02-17,SKU-B-04,Beverages,126,0
2025-02-18,SKU-B-04,Beverages,154,0
2025-02-19,SKU-B-04,Beverages,76,0
2025-02-20,SKU-B-04,Beverages,81,0
2025-02-21,SKU-B-04,Beverages,91,0
2025-02-22,SKU-B-04,Beverages,115,0
2025-02-23,SKU-B-04,Beverages,103,0
2025-02-24,SKU-B-04,Beverages,55,0
2025-02-25,SKU-B-04,Beverages,64,0
2025-02-26,SKU-B-04,Beverages,57,0
2025-02-27,SKU-B-04,Beverages,45,0
2025-02-28,SKU-B-04,Beverages,129,0
2025-03-01,SKU-B-04,Beverages,63,1
2025-03-02,SKU-B-04,Beverages,138,0
2025-03-03,SKU-B-04,Beverages,121,1
2025-03-04,SKU-B-04,Beverages,90,0
2025-03-05,SKU-B-04,Beverages,112,0
2025-03-06,SKU-B-04,Beverages,161,1
2025-03-07,SKU-B-04,Beverages,41,0
2025-03-08,SKU-B-04,Beverages,125,0
2025-03-09,SKU-B-04,Beverages,77,0
2025-03-10,SKU-B-04,Beverages,74,0
2025-03-11,SKU-B-04,Beverages,99,0
2025-03-12,SKU-B-04,Beverages,63,0
2025-03-13,SKU-B-04,Beverages,107,0
2025-03-14,SKU-B-04,Beverages,98,0
2025-03-15,SKU-B-04,Beverages,101,0
2025-03-16,SKU-B-04,Beverages,60,0
2025-03-17,SKU-B-04,Beverages,26,0
2025-03-18,SKU-B-04,Beverages,84,0
2025-03-19,SKU-B-04,Beverages,84,0
2025-03-20,SKU-B-04,Beverages,122,0
2025-03-21,SKU-B-04,Beverages,118,0
2025-03-22,SKU-B-04,Beverages,122,0
2025-03-23,SKU-B-04,Beverages,121,0
2025-03-24,SKU-B-04,Beverages,95,0
2025-03-25,SKU-B-04,Beverages,62,0
2025-03-26,SKU-B-04,Beverages,97,0
2025-03-27,SKU-B-04,Beverages,56,0
2025-03-28,SKU-B-04,Beverages,118,0
2025-03-29,SKU-B-04,Beverages,75,0
2025-03-30,SKU-B-04,Beverages,66,0
2025-03-31,SKU-B-04,Beverages,66,0
2025-04-01,SKU-B-04,Beverages,92,0
2025-04-02,SKU-B-04,Beverages,55,0
2025-04-03,SKU-B-04,Beverages,56,0
2025-04-04,SKU-B-04,Beverages,85,0
2025-04-05,SKU-B-04,Beverages,159,0
2025-04-06,SKU-B-04,Beverages,227,0
2025-04-07,SKU-B-04,Beverages,93,0
2025-04-08,SKU-B-04,Beverages,75,0
2025-04-09,SKU-B-04,Beverages,126,0
2025-04-10,SKU-B-04,Beverages,87,0
2025-04-11,SKU-B-04,Beverages,172,1
2025-04-12,SKU-B-04,Beverages,214,1
2025-04-13,SKU-B-04,Beverages,201,0
2025-04-14,SKU-B-04,Beverages,84,0
2025-04-15,SKU-B-04,Beverages,73,0
2025-04-16,SKU-B-04,Beverages,62,0
2025-04-17,SKU-B-04,Beverages,99,0
2025-04-18,SKU-B-04,Beverages,97,1
2025-04-19,SKU-B-04,Beverages,97,0
2025-04-20,SKU-B-04,Beverages,112,0
2025-04-21,SKU-B-04,Beverages,196,0
2025-04-22,SKU-B-04,Beverages,96,0
2025-04-23,SKU-B-04,Beverages,125,0
2025-04-24,SKU-B-04,Beverages,171,1
2025-04-25,SKU-B-04,Beverages,92,0
2025-04-26,SKU-B-04,Beverages,176,0
2025-04-27,SKU-B-04,Beverages,308,0
2025-04-28,SKU-B-04,Beverages,42,0
2025-04-29,SKU-B-04,Beverages,97,0
2025-04-30,SKU-B-04,Beverages,274,1
2025-05-01,SKU-B-04,Beverages,72,0
2025-05-02,SKU-B-04,Beverages,110,0
2025-05-03,SKU-B-04,Beverages,89,0
2025-05-04,SKU-B-04,Beverages,138,0
2025-05-05,SKU-B-04,Beverages,40,0
2025-05-06,SKU-B-04,Beverages,39,0
2025-05-07,SKU-B-04,Beverages,86,0
2025-05-08,SKU-B-04,Beverages,99,0
2025-05-09,SKU-B-04,Beverages,208,0
2025-05-10,SKU-B-04,Beverages,155,0
2025-05-11,SKU-B-04,Beverages,131,0
2025-05-12,SKU-B-04,Beverages,107,0
2025-05-13,SKU-B-04,Beverages,84,0
2025-05-14,SKU-B-04,Beverages,62,0
2025-05-15,SKU-B-04,Beverages,86,0
2025-05-16,SKU-B-04,Beverages,98,0
2025-05-17,SKU-B-04,Beverages,239,0
2025-05-18,SKU-B-04,Beverages,103,0
2025-05-19,SKU-B-04,Beverages,80,0
2025-05-20,SKU-B-04,Beverages,84,0
2025-05-21,SKU-B-04,Beverages,55,0
2025-05-22,SKU-B-04,Beverages,84,0
2025-05-23,SKU-B-04,Beverages,116,0
2025-05-24,SKU-B-04,Beverages,85,0
2025-05-25,SKU-B-04,Beverages,199,0
2025-05-26,SKU-B-04,Beverages,169,0
2025-05-27,SKU-B-04,Beverages,110,0
2025-05-28,SKU-B-04,Beverages,35,0
2025-05-29,SKU-B-04,Beverages,181,1
2025-05-30,SKU-B-04,Beverages,96,0
2025-05-31,SKU-B-04,Beverages,63,0
2025-06-01,SKU-B-04,Beverages,97,0
2025-06-02,SKU-B-04,Beverages,136,0
2025-06-03,SKU-B-04,Beverages,43,0
2025-06-04,SKU-B-04,Beverages,70,0
2025-06-05,SKU-B-04,Beverages,92,0
2025-06-06,SKU-B-04,Beverages,138,0
2025-06-07,SKU-B-04,Beverages,223,0
2025-06-08,SKU-B-04,Beverages,324,1
2025-06-09,SKU-B-04,Beverages,94,1
2025-06-10,SKU-B-04,Beverages,193,0
2025-06-11,SKU-B-04,Beverages,80,0
2025-06-12,SKU-B-04,Beverages,65,0
2025-06-13,SKU-B-04,Beverages,105,0
2025-06-14,SKU-B-04,Beverages,163,0
2025-06-15,SKU-B-04,Beverages,231,0
2025-06-16,SKU-B-04,Beverages,338,1
2025-06-17,SKU-B-04,Beverages,53,0
2025-06-18,SKU-B-04,Beverages,68,0
2025-06-19,SKU-B-04,Beverages,87,0
2025-06-20,SKU-B-04,Beverages,156,0
2025-06-21,SKU-B-04,Beverages,275,0
2025-06-22,SKU-B-04,Beverages,226,0
2025-06-23,SKU-B-04,Beverages,150,0
2025-06-24,SKU-B-04,Beverages,36,0
2025-06-25,SKU-B-04,Beverages,75,0
2025-06-26,SKU-B-04,Beverages,42,0
2025-06-27,SKU-B-04,Beverages,149,0
2025-06-28,SKU-B-04,Beverages,140,0
2025-06-29,SKU-B-04,Beverages,220,0
2025-06-30,SKU-B-04,Beverages,79,0
2025-07-01,SKU-B-04,Beverages,116,0
2023-01-01,SKU-B-05,Beverages,42,0
2023-01-02,SKU-B-05,Beverages,64,0
2023-01-03,SKU-B-05,Beverages,65,0
2023-01-04,SKU-B-05,Beverages,72,0
2023-01-05,SKU-B-05,Beverages,75,0
2023-01-06,SKU-B-05,Beverages,111,0
2023-01-07,SKU-B-05,Beverages,102,0
2023-01-08,SKU-B-05,Beverages,153,0
2023-01-09,SKU-B-05,Beverages,37,0
2023-01-10,SKU-B-05,Beverages,39,0
2023-01-11,SKU-B-05,Beverages,125,0
2023-01-12,SKU-B-05,Beverages,35,0
2023-01-13,SKU-B-05,Beverages,37,0
2023-01-14,SKU-B-05,Beverages,96,0
2023-01-15,SKU-B-05,Beverages,110,0
2023-01-16,SKU-B-05,Beverages,34,0
2023-01-17,SKU-B-05,Beverages,27,0
2023-01-18,SKU-B-05,Beverages,66,0
2023-01-19,SKU-B-05,Beverages,30,0
2023-01-20,SKU-B-05,Beverages,142,0
2023-01-21,SKU-B-05,Beverages,112,0
2023-01-22,SKU-B-05,Beverages,59,0
2023-01-23,SKU-B-05,Beverages,78,0
2023-01-24,SKU-B-05,Beverages,51,0
2023-01-25,SKU-B-05,Beverages,48,0
2023-01-26,SKU-B-05,Beverages,235,1
2023-01-27,SKU-B-05,Beverages,40,0
2023-01-28,SKU-B-05,Beverages,91,0
2023-01-29,SKU-B-05,Beverages,129,0
2023-01-30,SKU-B-05,Beverages,59,0
2023-01-31,SKU-B-05,Beverages,47,0
2023-02-01,SKU-B-05,Beverages,98,0
2023-02-02,SKU-B-05,Beverages,67,0
2023-02-03,SKU-B-05,Beverages,51,0
2023-02-04,SKU-B-05,Beverages,149,0
2023-02-05,SKU-B-05,Beverages,130,1
2023-02-06,SKU-B-05,Beverages,44,0
2023-02-07,SKU-B-05,Beverages,31,0
2023-02-08,SKU-B-05,Beverages,36,0
2023-02-09,SKU-B-05,Beverages,64,0
2023-02-10,SKU-B-05,Beverages,88,0
2023-02-11,SKU-B-05,Beverages,65,0
2023-02-12,SKU-B-05,Beverages,57,0
2023-02-13,SKU-B-05,Beverages,38,0
2023-02-14,SKU-B-05,Beverages,141,1
2023-02-15,SKU-B-05,Beverages,45,0
2023-02-16,SKU-B-05,Beverages,78,0
2023-02-17,SKU-B-05,Beverages,68,0
2023-02-18,SKU-B-05,Beverages,78,0
2023-02-19,SKU-B-05,Beverages,82,0
2023-02-20,SKU-B-05,Beverages,22,0
2023-02-21,SKU-B-05,Beverages,60,0
2023-02-22,SKU-B-05,Beverages,50,0
2023-02-23,SKU-B-05,Beverages,75,0
2023-02-24,SKU-B-05,Beverages,66,0
2023-02-25,SKU-B-05,Beverages,117,0
2023-02-26,SKU-B-05,Beverages,81,0
2023-02-27,SKU-B-05,Beverages,73,0
2023-02-28,SKU-B-05,Beverages,67,0
2023-03-01,SKU-B-05,Beverages,39,0
2023-03-02,SKU-B-05,Beverages,89,0
2023-03-03,SKU-B-05,Beverages,40,0
2023-03-04,SKU-B-05,Beverages,94,0
2023-03-05,SKU-B-05,Beverages,222,1
2023-03-06,SKU-B-05,Beverages,74,0
2023-03-07,SKU-B-05,Beverages,19,0
2023-03-08,SKU-B-05,Beverages,63,0
2023-03-09,SKU-B-05,Beverages,49,0
2023-03-10,SKU-B-05,Beverages,135,0
2023-03-11,SKU-B-05,Beverages,115,1
2023-03-12,SKU-B-05,Beverages,69,0
2023-03-13,SKU-B-05,Beverages,54,0
2023-03-14,SKU-B-05,Beverages,67,0
2023-03-15,SKU-B-05,Beverages,49,0
2023-03-16,SKU-B-05,Beverages,94,0
2023-03-17,SKU-B-05,Beverages,94,0
2023-03-18,SKU-B-05,Beverages,98,0
2023-03-19,SKU-B-05,Beverages,61,0
2023-03-20,SKU-B-05,Beverages,59,0
2023-03-21,SKU-B-05,Beverages,30,0
2023-03-22,SKU-B-05,Beverages,28,0
2023-03-23,SKU-B-05,Beverages,62,0
2023-03-24,SKU-B-05,Beverages,75,0
2023-03-25,SKU-B-05,Beverages,94,0
2023-03-26,SKU-B-05,Beverages,97,0
2023-03-27,SKU-B-05,Beverages,49,0
2023-03-28,SKU-B-05,Beverages,37,0
2023-03-29,SKU-B-05,Beverages,62,0
2023-03-30,SKU-B-05,Beverages,99,0
2023-03-31,SKU-B-05,Beverages,124,0
2023-04-01,SKU-B-05,Beverages,90,0
2023-04-02,SKU-B-05,Beverages,58,0
2023-04-03,SKU-B-05,Beverages,54,0
2023-04-04,SKU-B-05,Beverages,81,0
2023-04-05,SKU-B-05,Beverages,48,0
2023-04-06,SKU-B-05,Beverages,48,0
2023-04-07,SKU-B-05,Beverages,55,0
2023-04-08,SKU-B-05,Beverages,81,0
2023-04-09,SKU-B-05,Beverages,60,0
2023-04-10,SKU-B-05,Beverages,55,0
2023-04-11,SKU-B-05,Beverages,68,0
2023-04-12,SKU-B-05,Beverages,64,0
2023-04-13,SKU-B-05,Beverages,58,0
2023-04-14,SKU-B-05,Beverages,58,0
2023-04-15,SKU-B-05,Beverages,82,0
2023-04-16,SKU-B-05,Beverages,54,0
2023-04-17,SKU-B-05,Beverages,63,0
2023-04-18,SKU-B-05,Beverages,70,0
2023-04-19,SKU-B-05,Beverages,27,0
2023-04-20,SKU-B-05,Beverages,56,0
2023-04-21,SKU-B-05,Beverages,88,0
2023-04-22,SKU-B-05,Beverages,180,0
2023-04-23,SKU-B-05,Beverages,73,0
2023-04-24,SKU-B-05,Beverages,53,0
2023-04-25,SKU-B-05,Beverages,31,0
2023-04-26,SKU-B-05,Beverages,83,0
2023-04-27,SKU-B-05,Beverages,34,0
2023-04-28,SKU-B-05,Beverages,50,0
2023-04-29,SKU-B-05,Beverages,95,0
2023-04-30,SKU-B-05,Beverages,77,0
2023-05-01,SKU-B-05,Beverages,54,0
2023-05-02,SKU-B-05,Beverages,61,0
2023-05-03,SKU-B-05,Beverages,53,0
2023-05-04,SKU-B-05,Beverages,95,0
2023-05-05,SKU-B-05,Beverages,88,0
2023-05-06,SKU-B-05,Beverages,77,0
2023-05-07,SKU-B-05,Beverages,81,0
2023-05-08,SKU-B-05,Beverages,77,0
2023-05-09,SKU-B-05,Beverages,60,0
2023-05-10,SKU-B-05,Beverages,46,0
2023-05-11,SKU-B-05,Beverages,122,0
2023-05-12,SKU-B-05,Beverages,70,0
2023-05-13,SKU-B-05,Beverages,128,0
2023-05-14,SKU-B-05,Beverages,114,0
2023-05-15,SKU-B-05,Beverages,76,0
2023-05-16,SKU-B-05,Beverages,47,0
2023-05-17,SKU-B-05,Beverages,46,0
2023-05-18,SKU-B-05,Beverages,60,0
2023-05-19,SKU-B-05,Beverages,86,0
2023-05-20,SKU-B-05,Beverages,130,0
2023-05-21,SKU-B-05,Beverages,48,0
2023-05-22,SKU-B-05,Beverages,34,0
2023-05-23,SKU-B-05,Beverages,48,0
2023-05-24,SKU-B-05,Beverages,65,0
2023-05-25,SKU-B-05,Beverages,134,1
2023-05-26,SKU-B-05,Beverages,62,0
2023-05-27,SKU-B-05,Beverages,149,0
2023-05-28,SKU-B-05,Beverages,53,0
2023-05-29,SKU-B-05,Beverages,60,0
2023-05-30,SKU-B-05,Beverages,58,0
2023-05-31,SKU-B-05,Beverages,64,0
2023-06-01,SKU-B-05,Beverages,42,0
2023-06-02,SKU-B-05,Beverages,83,0
2023-06-03,SKU-B-05,Beverages,100,0
2023-06-04,SKU-B-05,Beverages,78,0
2023-06-05,SKU-B-05,Beverages,77,0
2023-06-06,SKU-B-05,Beverages,28,0
2023-06-07,SKU-B-05,Beverages,187,1
2023-06-08,SKU-B-05,Beverages,29,0
2023-06-09,SKU-B-05,Beverages,111,1
2023-06-10,SKU-B-05,Beverages,206,0
2023-06-11,SKU-B-05,Beverages,111,0
2023-06-12,SKU-B-05,Beverages,66,0
2023-06-13,SKU-B-05,Beverages,101,0
2023-06-14,SKU-B-05,Beverages,107,0
2023-06-15,SKU-B-05,Beverages,74,0
2023-06-16,SKU-B-05,Beverages,167,0
2023-06-17,SKU-B-05,Beverages,133,0
2023-06-18,SKU-B-05,Beverages,161,0
2023-06-19,SKU-B-05,Beverages,97,0
2023-06-20,SKU-B-05,Beverages,80,0
2023-06-21,SKU-B-05,Beverages,102,0
2023-06-22,SKU-B-05,Beverages,103,0
2023-06-23,SKU-B-05,Beverages,65,0
2023-06-24,SKU-B-05,Beverages,98,0
2023-06-25,SKU-B-05,Beverages,106,0
2023-06-26,SKU-B-05,Beverages,38,0
2023-06-27,SKU-B-05,Beverages,51,0
2023-06-28,SKU-B-05,Beverages,206,1
2023-06-29,SKU-B-05,Beverages,219,1
2023-06-30,SKU-B-05,Beverages,99,0
2023-07-01,SKU-B-05,Beverages,137,0
2023-07-02,SKU-B-05,Beverages,41,0
2023-07-03,SKU-B-05,Beverages,90,0
2023-07-04,SKU-B-05,Beverages,89,0
2023-07-05,SKU-B-05,Beverages,33,0
2023-07-06,SKU-B-05,Beverages,161,0
2023-07-07,SKU-B-05,Beverages,105,0
2023-07-08,SKU-B-05,Beverages,103,0
2023-07-09,SKU-B-05,Beverages,182,0
2023-07-10,SKU-B-05,Beverages,118,0
2023-07-11,SKU-B-05,Beverages,87,0
2023-07-12,SKU-B-05,Beverages,117,0
2023-07-13,SKU-B-05,Beverages,65,0
2023-07-14,SKU-B-05,Beverages,73,0
2023-07-15,SKU-B-05,Beverages,128,0
2023-07-16,SKU-B-05,Beverages,95,0
2023-07-17,SKU-B-05,Beverages,76,0
2023-07-18,SKU-B-05,Beverages,82,0
2023-07-19,SKU-B-05,Beverages,143,0
2023-07-20,SKU-B-05,Beverages,98,0
2023-07-21,SKU-B-05,Beverages,51,0
2023-07-22,SKU-B-05,Beverages,176,0
2023-07-23,SKU-B-05,Beverages,86,0
2023-07-24,SKU-B-05,Beverages,84,0
2023-07-25,SKU-B-05,Beverages,107,0
2023-07-26,SKU-B-05,Beverages,43,0
2023-07-27,SKU-B-05,Beverages,320,1
2023-07-28,SKU-B-05,Beverages,207,1
2023-07-29,SKU-B-05,Beverages,160,0
2023-07-30,SKU-B-05,Beverages,141,0
2023-07-31,SKU-B-05,Beverages,92,0
2023-08-01,SKU-B-05,Beverages,84,0
2023-08-02,SKU-B-05,Beverages,40,0
2023-08-03,SKU-B-05,Beverages,87,0
2023-08-04,SKU-B-05,Beverages,78,0
2023-08-05,SKU-B-05,Beverages,74,0
2023-08-06,SKU-B-05,Beverages,110,0
2023-08-07,SKU-B-05,Beverages,58,0
2023-08-08,SKU-B-05,Beverages,102,0
2023-08-09,SKU-B-05,Beverages,124,0
2023-08-10,SKU-B-05,Beverages,114,0
2023-08-11,SKU-B-05,Beverages,113,1
2023-08-12,SKU-B-05,Beverages,120,0
2023-08-13,SKU-B-05,Beverages,120,0
2023-08-14,SKU-B-05,Beverages,59,0
2023-08-15,SKU-B-05,Beverages,183,1
2023-08-16,SKU-B-05,Beverages,53,0
2023-08-17,SKU-B-05,Beverages,61,0
2023-08-18,SKU-B-05,Beverages,104,0
2023-08-19,SKU-B-05,Beverages,144,0
2023-08-20,SKU-B-05,Beverages,94,0
2023-08-21,SKU-B-05,Beverages,92,0
2023-08-22,SKU-B-05,Beverages,96,0
2023-08-23,SKU-B-05,Beverages,283,1
2023-08-24,SKU-B-05,Beverages,59,0
2023-08-25,SKU-B-05,Beverages,119,0
2023-08-26,SKU-B-05,Beverages,87,0
2023-08-27,SKU-B-05,Beverages,45,0
2023-08-28,SKU-B-05,Beverages,96,0
2023-08-29,SKU-B-05,Beverages,100,0
2023-08-30,SKU-B-05,Beverages,49,0
2023-08-31,SKU-B-05,Beverages,41,0
2023-09-01,SKU-B-05,Beverages,167,0
2023-09-02,SKU-B-05,Beverages,95,0
2023-09-03,SKU-B-05,Beverages,60,0
2023-09-04,SKU-B-05,Beverages,73,0
2023-09-05,SKU-B-05,Beverages,34,0
2023-09-06,SKU-B-05,Beverages,105,0
2023-09-07,SKU-B-05,Beverages,70,0
2023-09-08,SKU-B-05,Beverages,142,0
2023-09-09,SKU-B-05,Beverages,217,0
2023-09-10,SKU-B-05,Beverages,89,0
2023-09-11,SKU-B-05,Beverages,32,0
2023-09-12,SKU-B-05,Beverages,114,0
2023-09-13,SKU-B-05,Beverages,158,0
2023-09-14,SKU-B-05,Beverages,103,0
2023-09-15,SKU-B-05,Beverages,55,0
2023-09-16,SKU-B-05,Beverages,69,0
2023-09-17,SKU-B-05,Beverages,74,0
2023-09-18,SKU-B-05,Beverages,64,0
2023-09-19,SKU-B-05,Beverages,57,0
2023-09-20,SKU-B-05,Beverages,29,0
2023-09-21,SKU-B-05,Beverages,90,0
2023-09-22,SKU-B-05,Beverages,85,0
2023-09-23,SKU-B-05,Beverages,127,0
2023-09-24,SKU-B-05,Beverages,146,0
2023-09-25,SKU-B-05,Beverages,67,0
2023-09-26,SKU-B-05,Beverages,117,1
2023-09-27,SKU-B-05,Beverages,100,0
2023-09-28,SKU-B-05,Beverages,88,0
2023-09-29,SKU-B-05,Beverages,114,0
2023-09-30,SKU-B-05,Beverages,112,0
2023-10-01,SKU-B-05,Beverages,32,0
2023-10-02,SKU-B-05,Beverages,49,0
2023-10-03,SKU-B-05,Beverages,101,0
2023-10-04,SKU-B-05,Beverages,38,0
2023-10-05,SKU-B-05,Beverages,59,0
2023-10-06,SKU-B-05,Beverages,85,0
2023-10-07,SKU-B-05,Beverages,102,0
2023-10-08,SKU-B-05,Beverages,88,0
2023-10-09,SKU-B-05,Beverages,52,0
2023-10-10,SKU-B-05,Beverages,142,1
2023-10-11,SKU-B-05,Beverages,97,0
2023-10-12,SKU-B-05,Beverages,23,0
2023-10-13,SKU-B-05,Beverages,83,1
2023-10-14,SKU-B-05,Beverages,79,0
2023-10-15,SKU-B-05,Beverages,110,0
2023-10-16,SKU-B-05,Beverages,71,0
2023-10-17,SKU-B-05,Beverages,52,0
2023-10-18,SKU-B-05,Beverages,47,0
2023-10-19,SKU-B-05,Beverages,61,0
2023-10-20,SKU-B-05,Beverages,268,1
2023-10-21,SKU-B-05,Beverages,185,0
2023-10-22,SKU-B-05,Beverages,97,0
2023-10-23,SKU-B-05,Beverages,97,0
2023-10-24,SKU-B-05,Beverages,62,0
2023-10-25,SKU-B-05,Beverages,54,0
2023-10-26,SKU-B-05,Beverages,33,0
2023-10-27,SKU-B-05,Beverages,39,0
2023-10-28,SKU-B-05,Beverages,37,0
2023-10-29,SKU-B-05,Beverages,71,0
2023-10-30,SKU-B-05,Beverages,36,0
2023-10-31,SKU-B-05,Beverages,58,0
2023-11-01,SKU-B-05,Beverages,39,0
2023-11-02,SKU-B-05,Beverages,35,0
2023-11-03,SKU-B-05,Beverages,128,1
2023-11-04,SKU-B-05,Beverages,43,0
2023-11-05,SKU-B-05,Beverages,132,0
2023-11-06,SKU-B-05,Beverages,40,0
2023-11-07,SKU-B-05,Beverages,68,0
2023-11-08,SKU-B-05,Beverages,68,0
2023-11-09,SKU-B-05,Beverages,17,0
2023-11-10,SKU-B-05,Beverages,108,0
2023-11-11,SKU-B-05,Beverages,64,0
2023-11-12,SKU-B-05,Beverages,138,0
2023-11-13,SKU-B-05,Beverages,57,0
2023-11-14,SKU-B-05,Beverages,58,0
2023-11-15,SKU-B-05,Beverages,38,0
2023-11-16,SKU-B-05,Beverages,58,0
2023-11-17,SKU-B-05,Beverages,60,0
2023-11-18,SKU-B-05,Beverages,93,0
2023-11-19,SKU-B-05,Beverages,93,0
2023-11-20,SKU-B-05,Beverages,145,1
2023-11-21,SKU-B-05,Beverages,76,0
2023-11-22,SKU-B-05,Beverages,22,0
2023-11-23,SKU-B-05,Beverages,53,0
2023-11-24,SKU-B-05,Beverages,56,0
2023-11-25,SKU-B-05,Beverages,54,0
2023-11-26,SKU-B-05,Beverages,30,0
2023-11-27,SKU-B-05,Beverages,42,0
2023-11-28,SKU-B-05,Beverages,84,0
2023-11-29,SKU-B-05,Beverages,52,0
2023-11-30,SKU-B-05,Beverages,61,0
2023-12-01,SKU-B-05,Beverages,35,0
2023-12-02,SKU-B-05,Beverages,60,0
2023-12-03,SKU-B-05,Beverages,53,0
2023-12-04,SKU-B-05,Beverages,71,0
2023-12-05,SKU-B-05,Beverages,50,0
2023-12-06,SKU-B-05,Beverages,54,0
2023-12-07,SKU-B-05,Beverages,84,0
2023-12-08,SKU-B-05,Beverages,119,0
2023-12-09,SKU-B-05,Beverages,55,0
2023-12-10,SKU-B-05,Beverages,86,0
2023-12-11,SKU-B-05,Beverages,60,0
2023-12-12,SKU-B-05,Beverages,57,0
2023-12-13,SKU-B-05,Beverages,78,0
2023-12-14,SKU-B-05,Beverages,40,0
2023-12-15,SKU-B-05,Beverages,39,0
2023-12-16,SKU-B-05,Beverages,122,0
2023-12-17,SKU-B-05,Beverages,89,0
2023-12-18,SKU-B-05,Beverages,33,0
2023-12-19,SKU-B-05,Beverages,54,0
2023-12-20,SKU-B-05,Beverages,44,0
2023-12-21,SKU-B-05,Beverages,45,0
2023-12-22,SKU-B-05,Beverages,93,0
2023-12-23,SKU-B-05,Beverages,106,0
2023-12-24,SKU-B-05,Beverages,107,0
2023-12-25,SKU-B-05,Beverages,46,0
2023-12-26,SKU-B-05,Beverages,52,0
2023-12-27,SKU-B-05,Beverages,56,0
2023-12-28,SKU-B-05,Beverages,39,0
2023-12-29,SKU-B-05,Beverages,131,0
2023-12-30,SKU-B-05,Beverages,25,0
2023-12-31,SKU-B-05,Beverages,65,0
2024-01-01,SKU-B-05,Beverages,62,0
2024-01-02,SKU-B-05,Beverages,46,0
2024-01-03,SKU-B-05,Beverages,63,0
2024-01-04,SKU-B-05,Beverages,84,0
2024-01-05,SKU-B-05,Beverages,69,0
2024-01-06,SKU-B-05,Beverages,50,0
2024-01-07,SKU-B-05,Beverages,98,0
2024-01-08,SKU-B-05,Beverages,30,0
2024-01-09,SKU-B-05,Beverages,35,0
2024-01-10,SKU-B-05,Beverages,77,0
2024-01-11,SKU-B-05,Beverages,46,0
2024-01-12,SKU-B-05,Beverages,42,0
2024-01-13,SKU-B-05,Beverages,62,0
2024-01-14,SKU-B-05,Beverages,37,0
2024-01-15,SKU-B-05,Beverages,40,0
2024-01-16,SKU-B-05,Beverages,54,0
2024-01-17,SKU-B-05,Beverages,27,0
2024-01-18,SKU-B-05,Beverages,52,0
2024-01-19,SKU-B-05,Beverages,65,0
2024-01-20,SKU-B-05,Beverages,60,0
2024-01-21,SKU-B-05,Beverages,80,0
2024-01-22,SKU-B-05,Beverages,23,0
2024-01-23,SKU-B-05,Beverages,67,0
2024-01-24,SKU-B-05,Beverages,49,0
2024-01-25,SKU-B-05,Beverages,51,0
2024-01-26,SKU-B-05,Beverages,91,0
2024-01-27,SKU-B-05,Beverages,106,0
2024-01-28,SKU-B-05,Beverages,109,0
2024-01-29,SKU-B-05,Beverages,30,0
2024-01-30,SKU-B-05,Beverages,84,0
2024-01-31,SKU-B-05,Beverages,67,0
2024-02-01,SKU-B-05,Beverages,46,0
2024-02-02,SKU-B-05,Beverages,73,0
2024-02-03,SKU-B-05,Beverages,82,0
2024-02-04,SKU-B-05,Beverages,116,0
2024-02-05,SKU-B-05,Beverages,45,0
2024-02-06,SKU-B-05,Beverages,47,0
2024-02-07,SKU-B-05,Beverages,104,0
2024-02-08,SKU-B-05,Beverages,74,0
2024-02-09,SKU-B-05,Beverages,32,0
2024-02-10,SKU-B-05,Beverages,127,0
2024-02-11,SKU-B-05,Beverages,84,0
2024-02-12,SKU-B-05,Beverages,57,0
2024-02-13,SKU-B-05,Beverages,55,0
2024-02-14,SKU-B-05,Beverages,40,0
2024-02-15,SKU-B-05,Beverages,70,0
2024-02-16,SKU-B-05,Beverages,62,0
2024-02-17,SKU-B-05,Beverages,85,0
2024-02-18,SKU-B-05,Beverages,129,0
2024-02-19,SKU-B-05,Beverages,89,0
2024-02-20,SKU-B-05,Beverages,76,0
2024-02-21,SKU-B-05,Beverages,68,0
2024-02-22,SKU-B-05,Beverages,282,1
2024-02-23,SKU-B-05,Beverages,73,0
2024-02-24,SKU-B-05,Beverages,45,0
2024-02-25,SKU-B-05,Beverages,56,0
2024-02-26,SKU-B-05,Beverages,87,0
2024-02-27,SKU-B-05,Beverages,76,0
2024-02-28,SKU-B-05,Beverages,98,1
2024-02-29,SKU-B-05,Beverages,57,0
2024-03-01,SKU-B-05,Beverages,52,0
2024-03-02,SKU-B-05,Beverages,94,0
2024-03-03,SKU-B-05,Beverages,73,0
2024-03-04,SKU-B-05,Beverages,65,0
2024-03-05,SKU-B-05,Beverages,24,0
2024-03-06,SKU-B-05,Beverages,23,0
2024-03-07,SKU-B-05,Beverages,63,0
2024-03-08,SKU-B-05,Beverages,25,0
2024-03-09,SKU-B-05,Beverages,102,1
2024-03-10,SKU-B-05,Beverages,81,0
2024-03-11,SKU-B-05,Beverages,100,1
2024-03-12,SKU-B-05,Beverages,81,0
2024-03-13,SKU-B-05,Beverages,101,0
2024-03-14,SKU-B-05,Beverages,42,0
2024-03-15,SKU-B-05,Beverages,111,0
2024-03-16,SKU-B-05,Beverages,65,0
2024-03-17,SKU-B-05,Beverages,76,0
2024-03-18,SKU-B-05,Beverages,56,0
2024-03-19,SKU-B-05,Beverages,253,1
2024-03-20,SKU-B-05,Beverages,42,0
2024-03-21,SKU-B-05,Beverages,33,0
2024-03-22,SKU-B-05,Beverages,59,0
2024-03-23,SKU-B-05,Beverages,80,0
2024-03-24,SKU-B-05,Beverages,87,0
2024-03-25,SKU-B-05,Beverages,38,0
2024-03-26,SKU-B-05,Beverages,68,0
2024-03-27,SKU-B-05,Beverages,48,0
2024-03-28,SKU-B-05,Beverages,53,0
2024-03-29,SKU-B-05,Beverages,85,0
2024-03-30,SKU-B-05,Beverages,106,1
2024-03-31,SKU-B-05,Beverages,78,0
2024-04-01,SKU-B-05,Beverages,49,0
2024-04-02,SKU-B-05,Beverages,167,1
2024-04-03,SKU-B-05,Beverages,51,0
2024-04-04,SKU-B-05,Beverages,34,0
2024-04-05,SKU-B-05,Beverages,66,0
2024-04-06,SKU-B-05,Beverages,89,0
2024-04-07,SKU-B-05,Beverages,43,0
2024-04-08,SKU-B-05,Beverages,82,0
2024-04-09,SKU-B-05,Beverages,96,0
2024-04-10,SKU-B-05,Beverages,102,0
2024-04-11,SKU-B-05,Beverages,60,0
2024-04-12,SKU-B-05,Beverages,107,0
2024-04-13,SKU-B-05,Beverages,90,0
2024-04-14,SKU-B-05,Beverages,124,0
2024-04-15,SKU-B-05,Beverages,60,0
2024-04-16,SKU-B-05,Beverages,41,0
2024-04-17,SKU-B-05,Beverages,75,0
2024-04-18,SKU-B-05,Beverages,25,0
2024-04-19,SKU-B-05,Beverages,47,0
2024-04-20,SKU-B-05,Beverages,65,0
2024-04-21,SKU-B-05,Beverages,96,0
2024-04-22,SKU-B-05,Beverages,43,0
2024-04-23,SKU-B-05,Beverages,50,0
2024-04-24,SKU-B-05,Beverages,89,0
2024-04-25,SKU-B-05,Beverages,30,0
2024-04-26,SKU-B-05,Beverages,189,1
2024-04-27,SKU-B-05,Beverages,118,0
2024-04-28,SKU-B-05,Beverages,69,0
2024-04-29,SKU-B-05,Beverages,79,0
2024-04-30,SKU-B-05,Beverages,47,0
2024-05-01,SKU-B-05,Beverages,59,0
2024-05-02,SKU-B-05,Beverages,72,0
2024-05-03,SKU-B-05,Beverages,41,0
2024-05-04,SKU-B-05,Beverages,259,1
2024-05-05,SKU-B-05,Beverages,69,0
2024-05-06,SKU-B-05,Beverages,68,0
2024-05-07,SKU-B-05,Beverages,127,1
2024-05-08,SKU-B-05,Beverages,96,0
2024-05-09,SKU-B-05,Beverages,29,0
2024-05-10,SKU-B-05,Beverages,113,0
2024-05-11,SKU-B-05,Beverages,268,1
2024-05-12,SKU-B-05,Beverages,65,0
2024-05-13,SKU-B-05,Beverages,84,0
2024-05-14,SKU-B-05,Beverages,67,0
2024-05-15,SKU-B-05,Beverages,46,0
2024-05-16,SKU-B-05,Beverages,83,0
2024-05-17,SKU-B-05,Beverages,33,1
2024-05-18,SKU-B-05,Beverages,153,0
2024-05-19,SKU-B-05,Beverages,81,0
2024-05-20,SKU-B-05,Beverages,47,0
2024-05-21,SKU-B-05,Beverages,13,0
2024-05-22,SKU-B-05,Beverages,72,0
2024-05-23,SKU-B-05,Beverages,110,0
2024-05-24,SKU-B-05,Beverages,56,0
2024-05-25,SKU-B-05,Beverages,220,0
2024-05-26,SKU-B-05,Beverages,230,0
2024-05-27,SKU-B-05,Beverages,82,0
2024-05-28,SKU-B-05,Beverages,38,0
2024-05-29,SKU-B-05,Beverages,115,0
2024-05-30,SKU-B-05,Beverages,53,0
2024-05-31,SKU-B-05,Beverages,62,0
2024-06-01,SKU-B-05,Beverages,70,0
2024-06-02,SKU-B-05,Beverages,230,0
2024-06-03,SKU-B-05,Beverages,124,0
2024-06-04,SKU-B-05,Beverages,77,0
2024-06-05,SKU-B-05,Beverages,156,0
2024-06-06,SKU-B-05,Beverages,161,0
2024-06-07,SKU-B-05,Beverages,174,0
2024-06-08,SKU-B-05,Beverages,147,0
2024-06-09,SKU-B-05,Beverages,180,0
2024-06-10,SKU-B-05,Beverages,70,0
2024-06-11,SKU-B-05,Beverages,54,0
2024-06-12,SKU-B-05,Beverages,89,0
2024-06-13,SKU-B-05,Beverages,71,0
2024-06-14,SKU-B-05,Beverages,75,0
2024-06-15,SKU-B-05,Beverages,78,0
2024-06-16,SKU-B-05,Beverages,121,0
2024-06-17,SKU-B-05,Beverages,87,0
2024-06-18,SKU-B-05,Beverages,56,0
2024-06-19,SKU-B-05,Beverages,50,0
2024-06-20,SKU-B-05,Beverages,96,0
2024-06-21,SKU-B-05,Beverages,71,0
2024-06-22,SKU-B-05,Beverages,153,0
2024-06-23,SKU-B-05,Beverages,88,0
2024-06-24,SKU-B-05,Beverages,99,0
2024-06-25,SKU-B-05,Beverages,66,0
2024-06-26,SKU-B-05,Beverages,112,0
2024-06-27,SKU-B-05,Beverages,37,0
2024-06-28,SKU-B-05,Beverages,120,0
2024-06-29,SKU-B-05,Beverages,86,0
2024-06-30,SKU-B-05,Beverages,82,0
2024-07-01,SKU-B-05,Beverages,128,0
2024-07-02,SKU-B-05,Beverages,32,0
2024-07-03,SKU-B-05,Beverages,78,0
2024-07-04,SKU-B-05,Beverages,60,0
2024-07-05,SKU-B-05,Beverages,105,0
2024-07-06,SKU-B-05,Beverages,116,0
2024-07-07,SKU-B-05,Beverages,136,0
2024-07-08,SKU-B-05,Beverages,38,0
2024-07-09,SKU-B-05,Beverages,67,0
2024-07-10,SKU-B-05,Beverages,108,0
2024-07-11,SKU-B-05,Beverages,37,0
2024-07-12,SKU-B-05,Beverages,132,0
2024-07-13,SKU-B-05,Beverages,152,0
2024-07-14,SKU-B-05,Beverages,159,0
2024-07-15,SKU-B-05,Beverages,75,0
2024-07-16,SKU-B-05,Beverages,141,0
2024-07-17,SKU-B-05,Beverages,83,0
2024-07-18,SKU-B-05,Beverages,59,0
2024-07-19,SKU-B-05,Beverages,91,0
2024-07-20,SKU-B-05,Beverages,131,0
2024-07-21,SKU-B-05,Beverages,73,0
2024-07-22,SKU-B-05,Beverages,122,0
2024-07-23,SKU-B-05,Beverages,87,0
2024-07-24,SKU-B-05,Beverages,82,0
2024-07-25,SKU-B-05,Beverages,72,0
2024-07-26,SKU-B-05,Beverages,115,0
2024-07-27,SKU-B-05,Beverages,172,0
2024-07-28,SKU-B-05,Beverages,100,0
2024-07-29,SKU-B-05,Beverages,129,0
2024-07-30,SKU-B-05,Beverages,101,0
2024-07-31,SKU-B-05,Beverages,110,0
2024-08-01,SKU-B-05,Beverages,99,0
2024-08-02,SKU-B-05,Beverages,261,0
2024-08-03,SKU-B-05,Beverages,141,0
2024-08-04,SKU-B-05,Beverages,115,0
2024-08-05,SKU-B-05,Beverages,101,0
2024-08-06,SKU-B-05,Beverages,97,0
2024-08-07,SKU-B-05,Beverages,171,1
2024-08-08,SKU-B-05,Beverages,26,0
2024-08-09,SKU-B-05,Beverages,77,0
2024-08-10,SKU-B-05,Beverages,173,0
2024-08-11,SKU-B-05,Beverages,199,0
2024-08-12,SKU-B-05,Beverages,68,0
2024-08-13,SKU-B-05,Beverages,155,1
2024-08-14,SKU-B-05,Beverages,115,0
2024-08-15,SKU-B-05,Beverages,202,1
2024-08-16,SKU-B-05,Beverages,86,0
2024-08-17,SKU-B-05,Beverages,93,0
2024-08-18,SKU-B-05,Beverages,110,0
2024-08-19,SKU-B-05,Beverages,17,0
2024-08-20,SKU-B-05,Beverages,61,0
2024-08-21,SKU-B-05,Beverages,67,0
2024-08-22,SKU-B-05,Beverages,59,0
2024-08-23,SKU-B-05,Beverages,61,0
2024-08-24,SKU-B-05,Beverages,119,0
2024-08-25,SKU-B-05,Beverages,172,0
2024-08-26,SKU-B-05,Beverages,29,0
2024-08-27,SKU-B-05,Beverages,50,0
2024-08-28,SKU-B-05,Beverages,43,0
2024-08-29,SKU-B-05,Beverages,93,0
2024-08-30,SKU-B-05,Beverages,133,0
2024-08-31,SKU-B-05,Beverages,133,0
2024-09-01,SKU-B-05,Beverages,70,0
2024-09-02,SKU-B-05,Beverages,57,0
2024-09-03,SKU-B-05,Beverages,92,0
2024-09-04,SKU-B-05,Beverages,70,0
2024-09-05,SKU-B-05,Beverages,123,0
2024-09-06,SKU-B-05,Beverages,94,0
2024-09-07,SKU-B-05,Beverages,124,0
2024-09-08,SKU-B-05,Beverages,71,0
2024-09-09,SKU-B-05,Beverages,73,0
2024-09-10,SKU-B-05,Beverages,49,0
2024-09-11,SKU-B-05,Beverages,74,0
2024-09-12,SKU-B-05,Beverages,54,0
2024-09-13,SKU-B-05,Beverages,149,0
2024-09-14,SKU-B-05,Beverages,115,0
2024-09-15,SKU-B-05,Beverages,104,0
2024-09-16,SKU-B-05,Beverages,91,0
2024-09-17,SKU-B-05,Beverages,29,0
2024-09-18,SKU-B-05,Beverages,26,0
2024-09-19,SKU-B-05,Beverages,58,0
2024-09-20,SKU-B-05,Beverages,62,0
2024-09-21,SKU-B-05,Beverages,83,0
2024-09-22,SKU-B-05,Beverages,53,0
2024-09-23,SKU-B-05,Beverages,46,0
2024-09-24,SKU-B-05,Beverages,65,0
2024-09-25,SKU-B-05,Beverages,91,0
2024-09-26,SKU-B-05,Beverages,101,0
2024-09-27,SKU-B-05,Beverages,39,0
2024-09-28,SKU-B-05,Beverages,163,0
2024-09-29,SKU-B-05,Beverages,127,0
2024-09-30,SKU-B-05,Beverages,40,0
2024-10-01,SKU-B-05,Beverages,64,0
2024-10-02,SKU-B-05,Beverages,49,0
2024-10-03,SKU-B-05,Beverages,123,0
2024-10-04,SKU-B-05,Beverages,89,0
2024-10-05,SKU-B-05,Beverages,85,0
2024-10-06,SKU-B-05,Beverages,96,0
2024-10-07,SKU-B-05,Beverages,86,0
2024-10-08,SKU-B-05,Beverages,66,0
2024-10-09,SKU-B-05,Beverages,45,0
2024-10-10,SKU-B-05,Beverages,91,0
2024-10-11,SKU-B-05,Beverages,88,0
2024-10-12,SKU-B-05,Beverages,125,0
2024-10-13,SKU-B-05,Beverages,78,0
2024-10-14,SKU-B-05,Beverages,29,0
2024-10-15,SKU-B-05,Beverages,44,0
2024-10-16,SKU-B-05,Beverages,78,0
2024-10-17,SKU-B-05,Beverages,48,0
2024-10-18,SKU-B-05,Beverages,67,0
2024-10-19,SKU-B-05,Beverages,196,0
2024-10-20,SKU-B-05,Beverages,82,0
2024-10-21,SKU-B-05,Beverages,50,0
2024-10-22,SKU-B-05,Beverages,56,0
2024-10-23,SKU-B-05,Beverages,45,0
2024-10-24,SKU-B-05,Beverages,93,0
2024-10-25,SKU-B-05,Beverages,54,0
2024-10-26,SKU-B-05,Beverages,121,0
2024-10-27,SKU-B-05,Beverages,109,0
2024-10-28,SKU-B-05,Beverages,49,0
2024-10-29,SKU-B-05,Beverages,50,0
2024-10-30,SKU-B-05,Beverages,158,0
2024-10-31,SKU-B-05,Beverages,56,0
2024-11-01,SKU-B-05,Beverages,67,0
2024-11-02,SKU-B-05,Beverages,59,0
2024-11-03,SKU-B-05,Beverages,45,0
2024-11-04,SKU-B-05,Beverages,72,0
2024-11-05,SKU-B-05,Beverages,47,0
2024-11-06,SKU-B-05,Beverages,24,0
2024-11-07,SKU-B-05,Beverages,49,0
2024-11-08,SKU-B-05,Beverages,78,0
2024-11-09,SKU-B-05,Beverages,142,1
2024-11-10,SKU-B-05,Beverages,99,0
2024-11-11,SKU-B-05,Beverages,89,0
2024-11-12,SKU-B-05,Beverages,44,0
2024-11-13,SKU-B-05,Beverages,21,0
2024-11-14,SKU-B-05,Beverages,38,0
2024-11-15,SKU-B-05,Beverages,94,0
2024-11-16,SKU-B-05,Beverages,47,0
2024-11-17,SKU-B-05,Beverages,90,0
2024-11-18,SKU-B-05,Beverages,69,0
2024-11-19,SKU-B-05,Beverages,80,0
2024-11-20,SKU-B-05,Beverages,58,0
2024-11-21,SKU-B-05,Beverages,107,0
2024-11-22,SKU-B-05,Beverages,55,0
2024-11-23,SKU-B-05,Beverages,65,0
2024-11-24,SKU-B-05,Beverages,55,0
2024-11-25,SKU-B-05,Beverages,78,0
2024-11-26,SKU-B-05,Beverages,55,0
2024-11-27,SKU-B-05,Beverages,25,0
2024-11-28,SKU-B-05,Beverages,18,0
2024-11-29,SKU-B-05,Beverages,67,0
2024-11-30,SKU-B-05,Beverages,154,1
2024-12-01,SKU-B-05,Beverages,101,0
2024-12-02,SKU-B-05,Beverages,41,0
2024-12-03,SKU-B-05,Beverages,102,1
2024-12-04,SKU-B-05,Beverages,86,0
2024-12-05,SKU-B-05,Beverages,78,0
2024-12-06,SKU-B-05,Beverages,37,0
2024-12-07,SKU-B-05,Beverages,103,0
2024-12-08,SKU-B-05,Beverages,53,0
2024-12-09,SKU-B-05,Beverages,25,0
2024-12-10,SKU-B-05,Beverages,38,0
2024-12-11,SKU-B-05,Beverages,138,1
2024-12-12,SKU-B-05,Beverages,29,0
2024-12-13,SKU-B-05,Beverages,49,0
2024-12-14,SKU-B-05,Beverages,75,0
2024-12-15,SKU-B-05,Beverages,79,0
2024-12-16,SKU-B-05,Beverages,71,0
2024-12-17,SKU-B-05,Beverages,49,0
2024-12-18,SKU-B-05,Beverages,50,0
2024-12-19,SKU-B-05,Beverages,79,0
2024-12-20,SKU-B-05,Beverages,85,0
2024-12-21,SKU-B-05,Beverages,82,0
2024-12-22,SKU-B-05,Beverages,130,0
2024-12-23,SKU-B-05,Beverages,61,0
2024-12-24,SKU-B-05,Beverages,40,0
2024-12-25,SKU-B-05,Beverages,73,0
2024-12-26,SKU-B-05,Beverages,32,0
2024-12-27,SKU-B-05,Beverages,77,0
2024-12-28,SKU-B-05,Beverages,79,0
2024-12-29,SKU-B-05,Beverages,48,0
2024-12-30,SKU-B-05,Beverages,41,0
2024-12-31,SKU-B-05,Beverages,54,0
2025-01-01,SKU-B-05,Beverages,35,0
2025-01-02,SKU-B-05,Beverages,45,0
2025-01-03,SKU-B-05,Beverages,82,0
2025-01-04,SKU-B-05,Beverages,77,0
2025-01-05,SKU-B-05,Beverages,81,0
2025-01-06,SKU-B-05,Beverages,36,0
2025-01-07,SKU-B-05,Beverages,46,0
2025-01-08,SKU-B-05,Beverages,50,0
2025-01-09,SKU-B-05,Beverages,62,0
2025-01-10,SKU-B-05,Beverages,100,0
2025-01-11,SKU-B-05,Beverages,188,0
2025-01-12,SKU-B-05,Beverages,43,0
2025-01-13,SKU-B-05,Beverages,26,0
2025-01-14,SKU-B-05,Beverages,36,0
2025-01-15,SKU-B-05,Beverages,63,0
2025-01-16,SKU-B-05,Beverages,49,0
2025-01-17,SKU-B-05,Beverages,37,0
2025-01-18,SKU-B-05,Beverages,31,0
2025-01-19,SKU-B-05,Beverages,135,0
2025-01-20,SKU-B-05,Beverages,36,0
2025-01-21,SKU-B-05,Beverages,84,0
2025-01-22,SKU-B-05,Beverages,111,0
2025-01-23,SKU-B-05,Beverages,113,1
2025-01-24,SKU-B-05,Beverages,107,0
2025-01-25,SKU-B-05,Beverages,28,0
2025-01-26,SKU-B-05,Beverages,115,0
2025-01-27,SKU-B-05,Beverages,57,0
2025-01-28,SKU-B-05,Beverages,47,0
2025-01-29,SKU-B-05,Beverages,41,0
2025-01-30,SKU-B-05,Beverages,46,0
2025-01-31,SKU-B-05,Beverages,66,0
2025-02-01,SKU-B-05,Beverages,116,0
2025-02-02,SKU-B-05,Beverages,134,0
2025-02-03,SKU-B-05,Beverages,78,0
2025-02-04,SKU-B-05,Beverages,19,0
2025-02-05,SKU-B-05,Beverages,27,0
2025-02-06,SKU-B-05,Beverages,107,0
2025-02-07,SKU-B-05,Beverages,41,0
2025-02-08,SKU-B-05,Beverages,83,0
2025-02-09,SKU-B-05,Beverages,128,0
2025-02-10,SKU-B-05,Beverages,29,0
2025-02-11,SKU-B-05,Beverages,28,0
2025-02-12,SKU-B-05,Beverages,93,1
2025-02-13,SKU-B-05,Beverages,107,0
2025-02-14,SKU-B-05,Beverages,73,0
2025-02-15,SKU-B-05,Beverages,81,0
2025-02-16,SKU-B-05,Beverages,89,0
2025-02-17,SKU-B-05,Beverages,49,0
2025-02-18,SKU-B-05,Beverages,51,0
2025-02-19,SKU-B-05,Beverages,107,0
2025-02-20,SKU-B-05,Beverages,31,0
2025-02-21,SKU-B-05,Beverages,54,0
2025-02-22,SKU-B-05,Beverages,63,0
2025-02-23,SKU-B-05,Beverages,85,0
2025-02-24,SKU-B-05,Beverages,74,0
2025-02-25,SKU-B-05,Beverages,58,0
2025-02-26,SKU-B-05,Beverages,58,0
2025-02-27,SKU-B-05,Beverages,39,0
2025-02-28,SKU-B-05,Beverages,49,0
2025-03-01,SKU-B-05,Beverages,79,0
2025-03-02,SKU-B-05,Beverages,66,0
2025-03-03,SKU-B-05,Beverages,40,0
2025-03-04,SKU-B-05,Beverages,66,0
2025-03-05,SKU-B-05,Beverages,42,0
2025-03-06,SKU-B-05,Beverages,115,0
2025-03-07,SKU-B-05,Beverages,51,0
2025-03-08,SKU-B-05,Beverages,106,0
2025-03-09,SKU-B-05,Beverages,54,0
2025-03-10,SKU-B-05,Beverages,24,0
2025-03-11,SKU-B-05,Beverages,49,0
2025-03-12,SKU-B-05,Beverages,45,0
2025-03-13,SKU-B-05,Beverages,46,0
2025-03-14,SKU-B-05,Beverages,63,0
2025-03-15,SKU-B-05,Beverages,91,0
2025-03-16,SKU-B-05,Beverages,52,0
2025-03-17,SKU-B-05,Beverages,32,0
2025-03-18,SKU-B-05,Beverages,37,0
2025-03-19,SKU-B-05,Beverages,71,0
2025-03-20,SKU-B-05,Beverages,46,0
2025-03-21,SKU-B-05,Beverages,55,0
2025-03-22,SKU-B-05,Beverages,77,0
2025-03-23,SKU-B-05,Beverages,57,0
2025-03-24,SKU-B-05,Beverages,54,0
2025-03-25,SKU-B-05,Beverages,39,0
2025-03-26,SKU-B-05,Beverages,40,0
2025-03-27,SKU-B-05,Beverages,68,0
2025-03-28,SKU-B-05,Beverages,67,0
2025-03-29,SKU-B-05,Beverages,107,0
2025-03-30,SKU-B-05,Beverages,96,0
2025-03-31,SKU-B-05,Beverages,91,0
2025-04-01,SKU-B-05,Beverages,27,0
2025-04-02,SKU-B-05,Beverages,44,0
2025-04-03,SKU-B-05,Beverages,66,0
2025-04-04,SKU-B-05,Beverages,43,0
2025-04-05,SKU-B-05,Beverages,96,0
2025-04-06,SKU-B-05,Beverages,75,0
2025-04-07,SKU-B-05,Beverages,43,0
2025-04-08,SKU-B-05,Beverages,44,0
2025-04-09,SKU-B-05,Beverages,75,0
2025-04-10,SKU-B-05,Beverages,71,0
2025-04-11,SKU-B-05,Beverages,61,0
2025-04-12,SKU-B-05,Beverages,195,0
2025-04-13,SKU-B-05,Beverages,179,0
2025-04-14,SKU-B-05,Beverages,33,0
2025-04-15,SKU-B-05,Beverages,34,0
2025-04-16,SKU-B-05,Beverages,54,0
2025-04-17,SKU-B-05,Beverages,70,0
2025-04-18,SKU-B-05,Beverages,45,0
2025-04-19,SKU-B-05,Beverages,71,0
2025-04-20,SKU-B-05,Beverages,202,1
2025-04-21,SKU-B-05,Beverages,81,0
2025-04-22,SKU-B-05,Beverages,35,0
2025-04-23,SKU-B-05,Beverages,34,0
2025-04-24,SKU-B-05,Beverages,58,0
2025-04-25,SKU-B-05,Beverages,73,0
2025-04-26,SKU-B-05,Beverages,291,1
2025-04-27,SKU-B-05,Beverages,90,0
2025-04-28,SKU-B-05,Beverages,35,0
2025-04-29,SKU-B-05,Beverages,65,0
2025-04-30,SKU-B-05,Beverages,49,0
2025-05-01,SKU-B-05,Beverages,50,0
2025-05-02,SKU-B-05,Beverages,40,0
2025-05-03,SKU-B-05,Beverages,78,0
2025-05-04,SKU-B-05,Beverages,102,0
2025-05-05,SKU-B-05,Beverages,57,0
2025-05-06,SKU-B-05,Beverages,45,0
2025-05-07,SKU-B-05,Beverages,116,1
2025-05-08,SKU-B-05,Beverages,44,0
2025-05-09,SKU-B-05,Beverages,82,0
2025-05-10,SKU-B-05,Beverages,520,1
2025-05-11,SKU-B-05,Beverages,72,0
2025-05-12,SKU-B-05,Beverages,34,0
2025-05-13,SKU-B-05,Beverages,46,0
2025-05-14,SKU-B-05,Beverages,36,0
2025-05-15,SKU-B-05,Beverages,73,0
2025-05-16,SKU-B-05,Beverages,70,0
2025-05-17,SKU-B-05,Beverages,92,0
2025-05-18,SKU-B-05,Beverages,59,0
2025-05-19,SKU-B-05,Beverages,63,0
2025-05-20,SKU-B-05,Beverages,26,0
2025-05-21,SKU-B-05,Beverages,64,0
2025-05-22,SKU-B-05,Beverages,79,1
2025-05-23,SKU-B-05,Beverages,85,0
2025-05-24,SKU-B-05,Beverages,132,0
2025-05-25,SKU-B-05,Beverages,222,0
2025-05-26,SKU-B-05,Beverages,24,0
2025-05-27,SKU-B-05,Beverages,56,0
2025-05-28,SKU-B-05,Beverages,35,0
2025-05-29,SKU-B-05,Beverages,64,0
2025-05-30,SKU-B-05,Beverages,104,0
2025-05-31,SKU-B-05,Beverages,171,0
2025-06-01,SKU-B-05,Beverages,90,0
2025-06-02,SKU-B-05,Beverages,43,0
2025-06-03,SKU-B-05,Beverages,44,0
2025-06-04,SKU-B-05,Beverages,145,0
2025-06-05,SKU-B-05,Beverages,49,0
2025-06-06,SKU-B-05,Beverages,87,0
2025-06-07,SKU-B-05,Beverages,172,0
2025-06-08,SKU-B-05,Beverages,53,0
2025-06-09,SKU-B-05,Beverages,85,0
2025-06-10,SKU-B-05,Beverages,68,0
2025-06-11,SKU-B-05,Beverages,67,0
2025-06-12,SKU-B-05,Beverages,70,0
2025-06-13,SKU-B-05,Beverages,119,0
2025-06-14,SKU-B-05,Beverages,177,0
2025-06-15,SKU-B-05,Beverages,39,0
2025-06-16,SKU-B-05,Beverages,84,0
2025-06-17,SKU-B-05,Beverages,29,0
2025-06-18,SKU-B-05,Beverages,77,0
2025-06-19,SKU-B-05,Beverages,73,0
2025-06-20,SKU-B-05,Beverages,282,1
2025-06-21,SKU-B-05,Beverages,100,0
2025-06-22,SKU-B-05,Beverages,122,0
2025-06-23,SKU-B-05,Beverages,31,0
2025-06-24,SKU-B-05,Beverages,93,0
2025-06-25,SKU-B-05,Beverages,49,0
2025-06-26,SKU-B-05,Beverages,75,0
2025-06-27,SKU-B-05,Beverages,116,0
2025-06-28,SKU-B-05,Beverages,64,0
2025-06-29,SKU-B-05,Beverages,105,0
2025-06-30,SKU-B-05,Beverages,29,0
2025-07-01,SKU-B-05,Beverages,107,0
2023-01-01,SKU-EA-01,Electronics-Accessories,18,0
2023-01-02,SKU-EA-01,Electronics-Accessories,0,0
2023-01-03,SKU-EA-01,Electronics-Accessories,38,0
2023-01-04,SKU-EA-01,Electronics-Accessories,2,0
2023-01-05,SKU-EA-01,Electronics-Accessories,11,0
2023-01-06,SKU-EA-01,Electronics-Accessories,19,0
2023-01-07,SKU-EA-01,Electronics-Accessories,8,0
2023-01-08,SKU-EA-01,Electronics-Accessories,13,0
2023-01-09,SKU-EA-01,Electronics-Accessories,21,0
2023-01-10,SKU-EA-01,Electronics-Accessories,11,0
2023-01-11,SKU-EA-01,Electronics-Accessories,34,0
2023-01-12,SKU-EA-01,Electronics-Accessories,28,0
2023-01-13,SKU-EA-01,Electronics-Accessories,5,0
2023-01-14,SKU-EA-01,Electronics-Accessories,3,0
2023-01-15,SKU-EA-01,Electronics-Accessories,4,0
2023-01-16,SKU-EA-01,Electronics-Accessories,3,0
2023-01-17,SKU-EA-01,Electronics-Accessories,16,0
2023-01-18,SKU-EA-01,Electronics-Accessories,20,0
2023-01-19,SKU-EA-01,Electronics-Accessories,0,0
2023-01-20,SKU-EA-01,Electronics-Accessories,6,0
2023-01-21,SKU-EA-01,Electronics-Accessories,25,0
2023-01-22,SKU-EA-01,Electronics-Accessories,23,0
2023-01-23,SKU-EA-01,Electronics-Accessories,14,0
2023-01-24,SKU-EA-01,Electronics-Accessories,9,0
2023-01-25,SKU-EA-01,Electronics-Accessories,3,0
2023-01-26,SKU-EA-01,Electronics-Accessories,9,1
2023-01-27,SKU-EA-01,Electronics-Accessories,16,0
2023-01-28,SKU-EA-01,Electronics-Accessories,6,0
2023-01-29,SKU-EA-01,Electronics-Accessories,10,0
2023-01-30,SKU-EA-01,Electronics-Accessories,5,0
2023-01-31,SKU-EA-01,Electronics-Accessories,12,0
2023-02-01,SKU-EA-01,Electronics-Accessories,21,0
2023-02-02,SKU-EA-01,Electronics-Accessories,34,0
2023-02-03,SKU-EA-01,Electronics-Accessories,11,0
2023-02-04,SKU-EA-01,Electronics-Accessories,18,0
2023-02-05,SKU-EA-01,Electronics-Accessories,10,0
2023-02-06,SKU-EA-01,Electronics-Accessories,14,0
2023-02-07,SKU-EA-01,Electronics-Accessories,11,0
2023-02-08,SKU-EA-01,Electronics-Accessories,1,0
2023-02-09,SKU-EA-01,Electronics-Accessories,9,0
2023-02-10,SKU-EA-01,Electronics-Accessories,7,0
2023-02-11,SKU-EA-01,Electronics-Accessories,1,0
2023-02-12,SKU-EA-01,Electronics-Accessories,22,1
2023-02-13,SKU-EA-01,Electronics-Accessories,24,0
2023-02-14,SKU-EA-01,Electronics-Accessories,11,0
2023-02-15,SKU-EA-01,Electronics-Accessories,24,0
2023-02-16,SKU-EA-01,Electronics-Accessories,4,0
2023-02-17,SKU-EA-01,Electronics-Accessories,5,0
2023-02-18,SKU-EA-01,Electronics-Accessories,7,0
2023-02-19,SKU-EA-01,Electronics-Accessories,6,1
2023-02-20,SKU-EA-01,Electronics-Accessories,4,0
2023-02-21,SKU-EA-01,Electronics-Accessories,0,0
2023-02-22,SKU-EA-01,Electronics-Accessories,10,0
2023-02-23,SKU-EA-01,Electronics-Accessories,20,0
2023-02-24,SKU-EA-01,Electronics-Accessories,15,0
2023-02-25,SKU-EA-01,Electronics-Accessories,33,1
2023-02-26,SKU-EA-01,Electronics-Accessories,5,0
2023-02-27,SKU-EA-01,Electronics-Accessories,4,0
2023-02-28,SKU-EA-01,Electronics-Accessories,16,0
2023-03-01,SKU-EA-01,Electronics-Accessories,3,0
2023-03-02,SKU-EA-01,Electronics-Accessories,2,0
2023-03-03,SKU-EA-01,Electronics-Accessories,13,0
2023-03-04,SKU-EA-01,Electronics-Accessories,2,0
2023-03-05,SKU-EA-01,Electronics-Accessories,6,0
2023-03-06,SKU-EA-01,Electronics-Accessories,7,1
2023-03-07,SKU-EA-01,Electronics-Accessories,4,0
2023-03-08,SKU-EA-01,Electronics-Accessories,10,0
2023-03-09,SKU-EA-01,Electronics-Accessories,21,0
2023-03-10,SKU-EA-01,Electronics-Accessories,4,0
2023-03-11,SKU-EA-01,Electronics-Accessories,5,0
2023-03-12,SKU-EA-01,Electronics-Accessories,10,0
2023-03-13,SKU-EA-01,Electronics-Accessories,4,0
2023-03-14,SKU-EA-01,Electronics-Accessories,24,0
2023-03-15,SKU-EA-01,Electronics-Accessories,17,0
2023-03-16,SKU-EA-01,Electronics-Accessories,5,0
2023-03-17,SKU-EA-01,Electronics-Accessories,25,0
2023-03-18,SKU-EA-01,Electronics-Accessories,11,0
2023-03-19,SKU-EA-01,Electronics-Accessories,8,0
2023-03-20,SKU-EA-01,Electronics-Accessories,9,0
2023-03-21,SKU-EA-01,Electronics-Accessories,8,0
2023-03-22,SKU-EA-01,Electronics-Accessories,23,0
2023-03-23,SKU-EA-01,Electronics-Accessories,16,0
2023-03-24,SKU-EA-01,Electronics-Accessories,7,0
2023-03-25,SKU-EA-01,Electronics-Accessories,8,0
2023-03-26,SKU-EA-01,Electronics-Accessories,26,0
2023-03-27,SKU-EA-01,Electronics-Accessories,7,0
2023-03-28,SKU-EA-01,Electronics-Accessories,7,0
2023-03-29,SKU-EA-01,Electronics-Accessories,3,0
2023-03-30,SKU-EA-01,Electronics-Accessories,4,0
2023-03-31,SKU-EA-01,Electronics-Accessories,7,0
2023-04-01,SKU-EA-01,Electronics-Accessories,8,0
2023-04-02,SKU-EA-01,Electronics-Accessories,6,0
2023-04-03,SKU-EA-01,Electronics-Accessories,2,0
2023-04-04,SKU-EA-01,Electronics-Accessories,5,0
2023-04-05,SKU-EA-01,Electronics-Accessories,12,0
2023-04-06,SKU-EA-01,Electronics-Accessories,1,0
2023-04-07,SKU-EA-01,Electronics-Accessories,3,0
2023-04-08,SKU-EA-01,Electronics-Accessories,9,0
2023-04-09,SKU-EA-01,Electronics-Accessories,2,0
2023-04-10,SKU-EA-01,Electronics-Accessories,13,0
2023-04-11,SKU-EA-01,Electronics-Accessories,11,0
2023-04-12,SKU-EA-01,Electronics-Accessories,0,0
2023-04-13,SKU-EA-01,Electronics-Accessories,24,0
2023-04-14,SKU-EA-01,Electronics-Accessories,7,0
2023-04-15,SKU-EA-01,Electronics-Accessories,3,0
2023-04-16,SKU-EA-01,Electronics-Accessories,12,0
2023-04-17,SKU-EA-01,Electronics-Accessories,11,0
2023-04-18,SKU-EA-01,Electronics-Accessories,20,1
2023-04-19,SKU-EA-01,Electronics-Accessories,9,0
2023-04-20,SKU-EA-01,Electronics-Accessories,7,0
2023-04-21,SKU-EA-01,Electronics-Accessories,4,0
2023-04-22,SKU-EA-01,Electronics-Accessories,12,0
2023-04-23,SKU-EA-01,Electronics-Accessories,6,0
2023-04-24,SKU-EA-01,Electronics-Accessories,6,0
2023-04-25,SKU-EA-01,Electronics-Accessories,3,0
2023-04-26,SKU-EA-01,Electronics-Accessories,16,0
2023-04-27,SKU-EA-01,Electronics-Accessories,6,0
2023-04-28,SKU-EA-01,Electronics-Accessories,9,0
2023-04-29,SKU-EA-01,Electronics-Accessories,17,0
2023-04-30,SKU-EA-01,Electronics-Accessories,32,0
2023-05-01,SKU-EA-01,Electronics-Accessories,3,0
2023-05-02,SKU-EA-01,Electronics-Accessories,3,0
2023-05-03,SKU-EA-01,Electronics-Accessories,4,0
2023-05-04,SKU-EA-01,Electronics-Accessories,4,0
2023-05-05,SKU-EA-01,Electronics-Accessories,17,0
2023-05-06,SKU-EA-01,Electronics-Accessories,16,0
2023-05-07,SKU-EA-01,Electronics-Accessories,5,0
2023-05-08,SKU-EA-01,Electronics-Accessories,4,0
2023-05-09,SKU-EA-01,Electronics-Accessories,9,0
2023-05-10,SKU-EA-01,Electronics-Accessories,15,0
2023-05-11,SKU-EA-01,Electronics-Accessories,11,0
2023-05-12,SKU-EA-01,Electronics-Accessories,30,0
2023-05-13,SKU-EA-01,Electronics-Accessories,13,0
2023-05-14,SKU-EA-01,Electronics-Accessories,18,0
2023-05-15,SKU-EA-01,Electronics-Accessories,9,0
2023-05-16,SKU-EA-01,Electronics-Accessories,20,0
2023-05-17,SKU-EA-01,Electronics-Accessories,17,0
2023-05-18,SKU-EA-01,Electronics-Accessories,3,0
2023-05-19,SKU-EA-01,Electronics-Accessories,9,0
2023-05-20,SKU-EA-01,Electronics-Accessories,31,0
2023-05-21,SKU-EA-01,Electronics-Accessories,8,0
2023-05-22,SKU-EA-01,Electronics-Accessories,2,0
2023-05-23,SKU-EA-01,Electronics-Accessories,2,0
2023-05-24,SKU-EA-01,Electronics-Accessories,4,0
2023-05-25,SKU-EA-01,Electronics-Accessories,11,0
2023-05-26,SKU-EA-01,Electronics-Accessories,23,0
2023-05-27,SKU-EA-01,Electronics-Accessories,9,0
2023-05-28,SKU-EA-01,Electronics-Accessories,26,0
2023-05-29,SKU-EA-01,Electronics-Accessories,19,1
2023-05-30,SKU-EA-01,Electronics-Accessories,13,0
2023-05-31,SKU-EA-01,Electronics-Accessories,11,0
2023-06-01,SKU-EA-01,Electronics-Accessories,11,0
2023-06-02,SKU-EA-01,Electronics-Accessories,13,0
2023-06-03,SKU-EA-01,Electronics-Accessories,8,0
2023-06-04,SKU-EA-01,Electronics-Accessories,12,0
2023-06-05,SKU-EA-01,Electronics-Accessories,17,0
2023-06-06,SKU-EA-01,Electronics-Accessories,11,0
2023-06-07,SKU-EA-01,Electronics-Accessories,12,0
2023-06-08,SKU-EA-01,Electronics-Accessories,8,0
2023-06-09,SKU-EA-01,Electronics-Accessories,12,0
2023-06-10,SKU-EA-01,Electronics-Accessories,25,0
2023-06-11,SKU-EA-01,Electronics-Accessories,9,0
2023-06-12,SKU-EA-01,Electronics-Accessories,8,0
2023-06-13,SKU-EA-01,Electronics-Accessories,5,0
2023-06-14,SKU-EA-01,Electronics-Accessories,8,0
2023-06-15,SKU-EA-01,Electronics-Accessories,5,0
2023-06-16,SKU-EA-01,Electronics-Accessories,25,0
2023-06-17,SKU-EA-01,Electronics-Accessories,7,0
2023-06-18,SKU-EA-01,Electronics-Accessories,10,0
2023-06-19,SKU-EA-01,Electronics-Accessories,7,0
2023-06-20,SKU-EA-01,Electronics-Accessories,24,0
2023-06-21,SKU-EA-01,Electronics-Accessories,4,0
2023-06-22,SKU-EA-01,Electronics-Accessories,4,0
2023-06-23,SKU-EA-01,Electronics-Accessories,16,0
2023-06-24,SKU-EA-01,Electronics-Accessories,10,0
2023-06-25,SKU-EA-01,Electronics-Accessories,8,0
2023-06-26,SKU-EA-01,Electronics-Accessories,1,0
2023-06-27,SKU-EA-01,Electronics-Accessories,7,0
2023-06-28,SKU-EA-01,Electronics-Accessories,4,0
2023-06-29,SKU-EA-01,Electronics-Accessories,5,0
2023-06-30,SKU-EA-01,Electronics-Accessories,7,0
2023-07-01,SKU-EA-01,Electronics-Accessories,14,0
2023-07-02,SKU-EA-01,Electronics-Accessories,5,0
2023-07-03,SKU-EA-01,Electronics-Accessories,14,0
2023-07-04,SKU-EA-01,Electronics-Accessories,10,0
2023-07-05,SKU-EA-01,Electronics-Accessories,9,0
2023-07-06,SKU-EA-01,Electronics-Accessories,17,0
2023-07-07,SKU-EA-01,Electronics-Accessories,3,0
2023-07-08,SKU-EA-01,Electronics-Accessories,9,0
2023-07-09,SKU-EA-01,Electronics-Accessories,21,0
2023-07-10,SKU-EA-01,Electronics-Accessories,6,0
2023-07-11,SKU-EA-01,Electronics-Accessories,12,0
2023-07-12,SKU-EA-01,Electronics-Accessories,2,0
2023-07-13,SKU-EA-01,Electronics-Accessories,7,0
2023-07-14,SKU-EA-01,Electronics-Accessories,5,0
2023-07-15,SKU-EA-01,Electronics-Accessories,13,0
2023-07-16,SKU-EA-01,Electronics-Accessories,16,0
2023-07-17,SKU-EA-01,Electronics-Accessories,8,0
2023-07-18,SKU-EA-01,Electronics-Accessories,16,0
2023-07-19,SKU-EA-01,Electronics-Accessories,7,0
2023-07-20,SKU-EA-01,Electronics-Accessories,10,0
2023-07-21,SKU-EA-01,Electronics-Accessories,12,0
2023-07-22,SKU-EA-01,Electronics-Accessories,17,0
2023-07-23,SKU-EA-01,Electronics-Accessories,13,0
2023-07-24,SKU-EA-01,Electronics-Accessories,10,0
2023-07-25,SKU-EA-01,Electronics-Accessories,19,0
2023-07-26,SKU-EA-01,Electronics-Accessories,8,0
2023-07-27,SKU-EA-01,Electronics-Accessories,5,0
2023-07-28,SKU-EA-01,Electronics-Accessories,9,0
2023-07-29,SKU-EA-01,Electronics-Accessories,1,0
2023-07-30,SKU-EA-01,Electronics-Accessories,32,0
2023-07-31,SKU-EA-01,Electronics-Accessories,15,1
2023-08-01,SKU-EA-01,Electronics-Accessories,8,0
2023-08-02,SKU-EA-01,Electronics-Accessories,4,0
2023-08-03,SKU-EA-01,Electronics-Accessories,13,0
2023-08-04,SKU-EA-01,Electronics-Accessories,3,0
2023-08-05,SKU-EA-01,Electronics-Accessories,14,0
2023-08-06,SKU-EA-01,Electronics-Accessories,9,0
2023-08-07,SKU-EA-01,Electronics-Accessories,6,0
2023-08-08,SKU-EA-01,Electronics-Accessories,4,0
2023-08-09,SKU-EA-01,Electronics-Accessories,11,0
2023-08-10,SKU-EA-01,Electronics-Accessories,18,0
2023-08-11,SKU-EA-01,Electronics-Accessories,21,0
2023-08-12,SKU-EA-01,Electronics-Accessories,44,1
2023-08-13,SKU-EA-01,Electronics-Accessories,27,0
2023-08-14,SKU-EA-01,Electronics-Accessories,8,0
2023-08-15,SKU-EA-01,Electronics-Accessories,10,0
2023-08-16,SKU-EA-01,Electronics-Accessories,5,0
2023-08-17,SKU-EA-01,Electronics-Accessories,2,0
2023-08-18,SKU-EA-01,Electronics-Accessories,2,0
2023-08-19,SKU-EA-01,Electronics-Accessories,20,0
2023-08-20,SKU-EA-01,Electronics-Accessories,8,0
2023-08-21,SKU-EA-01,Electronics-Accessories,0,0
2023-08-22,SKU-EA-01,Electronics-Accessories,2,0
2023-08-23,SKU-EA-01,Electronics-Accessories,1,0
2023-08-24,SKU-EA-01,Electronics-Accessories,7,0
2023-08-25,SKU-EA-01,Electronics-Accessories,22,0
2023-08-26,SKU-EA-01,Electronics-Accessories,9,0
2023-08-27,SKU-EA-01,Electronics-Accessories,15,1
2023-08-28,SKU-EA-01,Electronics-Accessories,11,0
2023-08-29,SKU-EA-01,Electronics-Accessories,3,0
2023-08-30,SKU-EA-01,Electronics-Accessories,10,0
2023-08-31,SKU-EA-01,Electronics-Accessories,7,0
2023-09-01,SKU-EA-01,Electronics-Accessories,18,0
2023-09-02,SKU-EA-01,Electronics-Accessories,28,0
2023-09-03,SKU-EA-01,Electronics-Accessories,11,0
2023-09-04,SKU-EA-01,Electronics-Accessories,5,0
2023-09-05,SKU-EA-01,Electronics-Accessories,5,0
2023-09-06,SKU-EA-01,Electronics-Accessories,13,0
2023-09-07,SKU-EA-01,Electronics-Accessories,12,0
2023-09-08,SKU-EA-01,Electronics-Accessories,8,0
2023-09-09,SKU-EA-01,Electronics-Accessories,41,0
2023-09-10,SKU-EA-01,Electronics-Accessories,19,0
2023-09-11,SKU-EA-01,Electronics-Accessories,2,0
2023-09-12,SKU-EA-01,Electronics-Accessories,6,0
2023-09-13,SKU-EA-01,Electronics-Accessories,13,0
2023-09-14,SKU-EA-01,Electronics-Accessories,6,0
2023-09-15,SKU-EA-01,Electronics-Accessories,20,0
2023-09-16,SKU-EA-01,Electronics-Accessories,8,0
2023-09-17,SKU-EA-01,Electronics-Accessories,9,0
2023-09-18,SKU-EA-01,Electronics-Accessories,9,0
2023-09-19,SKU-EA-01,Electronics-Accessories,8,0
2023-09-20,SKU-EA-01,Electronics-Accessories,8,0
2023-09-21,SKU-EA-01,Electronics-Accessories,30,0
2023-09-22,SKU-EA-01,Electronics-Accessories,13,0
2023-09-23,SKU-EA-01,Electronics-Accessories,22,0
2023-09-24,SKU-EA-01,Electronics-Accessories,9,0
2023-09-25,SKU-EA-01,Electronics-Accessories,15,1
2023-09-26,SKU-EA-01,Electronics-Accessories,8,0
2023-09-27,SKU-EA-01,Electronics-Accessories,2,0
2023-09-28,SKU-EA-01,Electronics-Accessories,15,0
2023-09-29,SKU-EA-01,Electronics-Accessories,0,0
2023-09-30,SKU-EA-01,Electronics-Accessories,13,0
2023-10-01,SKU-EA-01,Electronics-Accessories,12,0
2023-10-02,SKU-EA-01,Electronics-Accessories,14,0
2023-10-03,SKU-EA-01,Electronics-Accessories,40,1
2023-10-04,SKU-EA-01,Electronics-Accessories,28,0
2023-10-05,SKU-EA-01,Electronics-Accessories,17,1
2023-10-06,SKU-EA-01,Electronics-Accessories,12,0
2023-10-07,SKU-EA-01,Electronics-Accessories,9,0
2023-10-08,SKU-EA-01,Electronics-Accessories,6,0
2023-10-09,SKU-EA-01,Electronics-Accessories,1,0
2023-10-10,SKU-EA-01,Electronics-Accessories,2,0
2023-10-11,SKU-EA-01,Electronics-Accessories,2,0
2023-10-12,SKU-EA-01,Electronics-Accessories,9,0
2023-10-13,SKU-EA-01,Electronics-Accessories,31,0
2023-10-14,SKU-EA-01,Electronics-Accessories,18,0
2023-10-15,SKU-EA-01,Electronics-Accessories,8,0
2023-10-16,SKU-EA-01,Electronics-Accessories,5,0
2023-10-17,SKU-EA-01,Electronics-Accessories,11,0
2023-10-18,SKU-EA-01,Electronics-Accessories,5,0
2023-10-19,SKU-EA-01,Electronics-Accessories,27,0
2023-10-20,SKU-EA-01,Electronics-Accessories,8,0
2023-10-21,SKU-EA-01,Electronics-Accessories,8,0
2023-10-22,SKU-EA-01,Electronics-Accessories,9,0
2023-10-23,SKU-EA-01,Electronics-Accessories,7,0
2023-10-24,SKU-EA-01,Electronics-Accessories,10,0
2023-10-25,SKU-EA-01,Electronics-Accessories,18,0
2023-10-26,SKU-EA-01,Electronics-Accessories,32,0
2023-10-27,SKU-EA-01,Electronics-Accessories,6,0
2023-10-28,SKU-EA-01,Electronics-Accessories,20,0
2023-10-29,SKU-EA-01,Electronics-Accessories,15,0
2023-10-30,SKU-EA-01,Electronics-Accessories,19,0
2023-10-31,SKU-EA-01,Electronics-Accessories,8,0
2023-11-01,SKU-EA-01,Electronics-Accessories,17,0
2023-11-02,SKU-EA-01,Electronics-Accessories,20,1
2023-11-03,SKU-EA-01,Electronics-Accessories,6,0
2023-11-04,SKU-EA-01,Electronics-Accessories,20,0
2023-11-05,SKU-EA-01,Electronics-Accessories,18,0
2023-11-06,SKU-EA-01,Electronics-Accessories,3,0
2023-11-07,SKU-EA-01,Electronics-Accessories,39,0
2023-11-08,SKU-EA-01,Electronics-Accessories,58,0
2023-11-09,SKU-EA-01,Electronics-Accessories,6,0
2023-11-10,SKU-EA-01,Electronics-Accessories,18,0
2023-11-11,SKU-EA-01,Electronics-Accessories,79,0
2023-11-12,SKU-EA-01,Electronics-Accessories,51,0
2023-11-13,SKU-EA-01,Electronics-Accessories,7,0
2023-11-14,SKU-EA-01,Electronics-Accessories,46,0
2023-11-15,SKU-EA-01,Electronics-Accessories,20,0
2023-11-16,SKU-EA-01,Electronics-Accessories,23,0
2023-11-17,SKU-EA-01,Electronics-Accessories,9,0
2023-11-18,SKU-EA-01,Electronics-Accessories,43,0
2023-11-19,SKU-EA-01,Electronics-Accessories,27,0
2023-11-20,SKU-EA-01,Electronics-Accessories,36,0
2023-11-21,SKU-EA-01,Electronics-Accessories,47,0
2023-11-22,SKU-EA-01,Electronics-Accessories,21,0
2023-11-23,SKU-EA-01,Electronics-Accessories,34,0
2023-11-24,SKU-EA-01,Electronics-Accessories,57,1
2023-11-25,SKU-EA-01,Electronics-Accessories,46,0
2023-11-26,SKU-EA-01,Electronics-Accessories,21,0
2023-11-27,SKU-EA-01,Electronics-Accessories,20,0
2023-11-28,SKU-EA-01,Electronics-Accessories,25,0
2023-11-29,SKU-EA-01,Electronics-Accessories,13,0
2023-11-30,SKU-EA-01,Electronics-Accessories,52,1
2023-12-01,SKU-EA-01,Electronics-Accessories,25,0
2023-12-02,SKU-EA-01,Electronics-Accessories,29,0
2023-12-03,SKU-EA-01,Electronics-Accessories,16,0
2023-12-04,SKU-EA-01,Electronics-Accessories,24,0
2023-12-05,SKU-EA-01,Electronics-Accessories,39,0
2023-12-06,SKU-EA-01,Electronics-Accessories,23,0
2023-12-07,SKU-EA-01,Electronics-Accessories,11,0
2023-12-08,SKU-EA-01,Electronics-Accessories,32,0
2023-12-09,SKU-EA-01,Electronics-Accessories,59,1
2023-12-10,SKU-EA-01,Electronics-Accessories,54,0
2023-12-11,SKU-EA-01,Electronics-Accessories,19,0
2023-12-12,SKU-EA-01,Electronics-Accessories,16,0
2023-12-13,SKU-EA-01,Electronics-Accessories,9,0
2023-12-14,SKU-EA-01,Electronics-Accessories,59,0
2023-12-15,SKU-EA-01,Electronics-Accessories,28,0
2023-12-16,SKU-EA-01,Electronics-Accessories,36,0
2023-12-17,SKU-EA-01,Electronics-Accessories,26,0
2023-12-18,SKU-EA-01,Electronics-Accessories,39,0
2023-12-19,SKU-EA-01,Electronics-Accessories,18,0
2023-12-20,SKU-EA-01,Electronics-Accessories,12,0
2023-12-21,SKU-EA-01,Electronics-Accessories,53,1
2023-12-22,SKU-EA-01,Electronics-Accessories,30,0
2023-12-23,SKU-EA-01,Electronics-Accessories,25,0
2023-12-24,SKU-EA-01,Electronics-Accessories,17,0
2023-12-25,SKU-EA-01,Electronics-Accessories,14,0
2023-12-26,SKU-EA-01,Electronics-Accessories,8,0
2023-12-27,SKU-EA-01,Electronics-Accessories,22,0
2023-12-28,SKU-EA-01,Electronics-Accessories,36,0
2023-12-29,SKU-EA-01,Electronics-Accessories,9,0
2023-12-30,SKU-EA-01,Electronics-Accessories,28,0
2023-12-31,SKU-EA-01,Electronics-Accessories,57,0
2024-01-01,SKU-EA-01,Electronics-Accessories,12,0
2024-01-02,SKU-EA-01,Electronics-Accessories,20,0
2024-01-03,SKU-EA-01,Electronics-Accessories,17,0
2024-01-04,SKU-EA-01,Electronics-Accessories,10,0
2024-01-05,SKU-EA-01,Electronics-Accessories,65,1
2024-01-06,SKU-EA-01,Electronics-Accessories,14,0
2024-01-07,SKU-EA-01,Electronics-Accessories,32,0
2024-01-08,SKU-EA-01,Electronics-Accessories,14,0
2024-01-09,SKU-EA-01,Electronics-Accessories,14,0
2024-01-10,SKU-EA-01,Electronics-Accessories,8,0
2024-01-11,SKU-EA-01,Electronics-Accessories,22,0
2024-01-12,SKU-EA-01,Electronics-Accessories,13,0
2024-01-13,SKU-EA-01,Electronics-Accessories,22,0
2024-01-14,SKU-EA-01,Electronics-Accessories,24,0
2024-01-15,SKU-EA-01,Electronics-Accessories,8,0
2024-01-16,SKU-EA-01,Electronics-Accessories,1,0
2024-01-17,SKU-EA-01,Electronics-Accessories,12,0
2024-01-18,SKU-EA-01,Electronics-Accessories,14,0
2024-01-19,SKU-EA-01,Electronics-Accessories,23,0
2024-01-20,SKU-EA-01,Electronics-Accessories,46,0
2024-01-21,SKU-EA-01,Electronics-Accessories,3,0
2024-01-22,SKU-EA-01,Electronics-Accessories,9,0
2024-01-23,SKU-EA-01,Electronics-Accessories,20,0
2024-01-24,SKU-EA-01,Electronics-Accessories,11,0
2024-01-25,SKU-EA-01,Electronics-Accessories,10,0
2024-01-26,SKU-EA-01,Electronics-Accessories,9,0
2024-01-27,SKU-EA-01,Electronics-Accessories,8,0
2024-01-28,SKU-EA-01,Electronics-Accessories,18,0
2024-01-29,SKU-EA-01,Electronics-Accessories,4,0
2024-01-30,SKU-EA-01,Electronics-Accessories,1,0
2024-01-31,SKU-EA-01,Electronics-Accessories,13,0
2024-02-01,SKU-EA-01,Electronics-Accessories,20,0
2024-02-02,SKU-EA-01,Electronics-Accessories,4,0
2024-02-03,SKU-EA-01,Electronics-Accessories,12,0
2024-02-04,SKU-EA-01,Electronics-Accessories,5,0
2024-02-05,SKU-EA-01,Electronics-Accessories,6,0
2024-02-06,SKU-EA-01,Electronics-Accessories,9,0
2024-02-07,SKU-EA-01,Electronics-Accessories,29,0
2024-02-08,SKU-EA-01,Electronics-Accessories,5,0
2024-02-09,SKU-EA-01,Electronics-Accessories,7,0
2024-02-10,SKU-EA-01,Electronics-Accessories,15,0
2024-02-11,SKU-EA-01,Electronics-Accessories,21,0
2024-02-12,SKU-EA-01,Electronics-Accessories,8,0
2024-02-13,SKU-EA-01,Electronics-Accessories,7,0
2024-02-14,SKU-EA-01,Electronics-Accessories,5,1
2024-02-15,SKU-EA-01,Electronics-Accessories,9,0
2024-02-16,SKU-EA-01,Electronics-Accessories,20,0
2024-02-17,SKU-EA-01,Electronics-Accessories,45,0
2024-02-18,SKU-EA-01,Electronics-Accessories,8,0
2024-02-19,SKU-EA-01,Electronics-Accessories,7,0
2024-02-20,SKU-EA-01,Electronics-Accessories,5,0
2024-02-21,SKU-EA-01,Electronics-Accessories,19,0
2024-02-22,SKU-EA-01,Electronics-Accessories,6,0
2024-02-23,SKU-EA-01,Electronics-Accessories,4,0
2024-02-24,SKU-EA-01,Electronics-Accessories,18,0
2024-02-25,SKU-EA-01,Electronics-Accessories,15,0
2024-02-26,SKU-EA-01,Electronics-Accessories,4,0
2024-02-27,SKU-EA-01,Electronics-Accessories,9,0
2024-02-28,SKU-EA-01,Electronics-Accessories,13,1
2024-02-29,SKU-EA-01,Electronics-Accessories,4,0
2024-03-01,SKU-EA-01,Electronics-Accessories,27,0
2024-03-02,SKU-EA-01,Electronics-Accessories,26,0
2024-03-03,SKU-EA-01,Electronics-Accessories,23,0
2024-03-04,SKU-EA-01,Electronics-Accessories,4,0
2024-03-05,SKU-EA-01,Electronics-Accessories,3,0
2024-03-06,SKU-EA-01,Electronics-Accessories,30,0
2024-03-07,SKU-EA-01,Electronics-Accessories,17,0
2024-03-08,SKU-EA-01,Electronics-Accessories,23,0
2024-03-09,SKU-EA-01,Electronics-Accessories,12,0
2024-03-10,SKU-EA-01,Electronics-Accessories,12,0
2024-03-11,SKU-EA-01,Electronics-Accessories,21,0
2024-03-12,SKU-EA-01,Electronics-Accessories,21,0
2024-03-13,SKU-EA-01,Electronics-Accessories,11,0
2024-03-14,SKU-EA-01,Electronics-Accessories,19,0
2024-03-15,SKU-EA-01,Electronics-Accessories,17,0
2024-03-16,SKU-EA-01,Electronics-Accessories,28,0
2024-03-17,SKU-EA-01,Electronics-Accessories,33,0
2024-03-18,SKU-EA-01,Electronics-Accessories,14,0
2024-03-19,SKU-EA-01,Electronics-Accessories,1,0
2024-03-20,SKU-EA-01,Electronics-Accessories,0,0
2024-03-21,SKU-EA-01,Electronics-Accessories,16,0
2024-03-22,SKU-EA-01,Electronics-Accessories,18,0
2024-03-23,SKU-EA-01,Electronics-Accessories,15,0
2024-03-24,SKU-EA-01,Electronics-Accessories,12,0
2024-03-25,SKU-EA-01,Electronics-Accessories,5,0
2024-03-26,SKU-EA-01,Electronics-Accessories,14,0
2024-03-27,SKU-EA-01,Electronics-Accessories,4,0
2024-03-28,SKU-EA-01,Electronics-Accessories,3,0
2024-03-29,SKU-EA-01,Electronics-Accessories,4,0
2024-03-30,SKU-EA-01,Electronics-Accessories,23,0
2024-03-31,SKU-EA-01,Electronics-Accessories,15,0
2024-04-01,SKU-EA-01,Electronics-Accessories,3,0
2024-04-02,SKU-EA-01,Electronics-Accessories,4,0
2024-04-03,SKU-EA-01,Electronics-Accessories,10,0
2024-04-04,SKU-EA-01,Electronics-Accessories,26,0
2024-04-05,SKU-EA-01,Electronics-Accessories,5,0
2024-04-06,SKU-EA-01,Electronics-Accessories,18,0
2024-04-07,SKU-EA-01,Electronics-Accessories,10,0
2024-04-08,SKU-EA-01,Electronics-Accessories,19,0
2024-04-09,SKU-EA-01,Electronics-Accessories,6,0
2024-04-10,SKU-EA-01,Electronics-Accessories,19,0
2024-04-11,SKU-EA-01,Electronics-Accessories,7,0
2024-04-12,SKU-EA-01,Electronics-Accessories,18,0
2024-04-13,SKU-EA-01,Electronics-Accessories,36,0
2024-04-14,SKU-EA-01,Electronics-Accessories,20,0
2024-04-15,SKU-EA-01,Electronics-Accessories,3,0
2024-04-16,SKU-EA-01,Electronics-Accessories,11,0
2024-04-17,SKU-EA-01,Electronics-Accessories,15,0
2024-04-18,SKU-EA-01,Electronics-Accessories,18,0
2024-04-19,SKU-EA-01,Electronics-Accessories,20,0
2024-04-20,SKU-EA-01,Electronics-Accessories,8,0
2024-04-21,SKU-EA-01,Electronics-Accessories,8,0
2024-04-22,SKU-EA-01,Electronics-Accessories,10,0
2024-04-23,SKU-EA-01,Electronics-Accessories,14,0
2024-04-24,SKU-EA-01,Electronics-Accessories,1,0
2024-04-25,SKU-EA-01,Electronics-Accessories,2,0
2024-04-26,SKU-EA-01,Electronics-Accessories,7,0
2024-04-27,SKU-EA-01,Electronics-Accessories,9,0
2024-04-28,SKU-EA-01,Electronics-Accessories,4,0
2024-04-29,SKU-EA-01,Electronics-Accessories,0,0
2024-04-30,SKU-EA-01,Electronics-Accessories,11,0
2024-05-01,SKU-EA-01,Electronics-Accessories,13,0
2024-05-02,SKU-EA-01,Electronics-Accessories,26,0
2024-05-03,SKU-EA-01,Electronics-Accessories,12,0
2024-05-04,SKU-EA-01,Electronics-Accessories,25,0
2024-05-05,SKU-EA-01,Electronics-Accessories,16,0
2024-05-06,SKU-EA-01,Electronics-Accessories,5,0
2024-05-07,SKU-EA-01,Electronics-Accessories,11,0
2024-05-08,SKU-EA-01,Electronics-Accessories,13,0
2024-05-09,SKU-EA-01,Electronics-Accessories,14,0
2024-05-10,SKU-EA-01,Electronics-Accessories,27,0
2024-05-11,SKU-EA-01,Electronics-Accessories,11,0
2024-05-12,SKU-EA-01,Electronics-Accessories,28,0
2024-05-13,SKU-EA-01,Electronics-Accessories,29,0
2024-05-14,SKU-EA-01,Electronics-Accessories,2,0
2024-05-15,SKU-EA-01,Electronics-Accessories,16,0
2024-05-16,SKU-EA-01,Electronics-Accessories,24,0
2024-05-17,SKU-EA-01,Electronics-Accessories,48,1
2024-05-18,SKU-EA-01,Electronics-Accessories,19,0
2024-05-19,SKU-EA-01,Electronics-Accessories,10,0
2024-05-20,SKU-EA-01,Electronics-Accessories,10,0
2024-05-21,SKU-EA-01,Electronics-Accessories,16,0
2024-05-22,SKU-EA-01,Electronics-Accessories,16,0
2024-05-23,SKU-EA-01,Electronics-Accessories,5,0
2024-05-24,SKU-EA-01,Electronics-Accessories,14,1
2024-05-25,SKU-EA-01,Electronics-Accessories,12,0
2024-05-26,SKU-EA-01,Electronics-Accessories,47,0
2024-05-27,SKU-EA-01,Electronics-Accessories,5,0
2024-05-28,SKU-EA-01,Electronics-Accessories,2,0
2024-05-29,SKU-EA-01,Electronics-Accessories,7,1
2024-05-30,SKU-EA-01,Electronics-Accessories,24,0
2024-05-31,SKU-EA-01,Electronics-Accessories,10,0
2024-06-01,SKU-EA-01,Electronics-Accessories,14,0
2024-06-02,SKU-EA-01,Electronics-Accessories,0,0
2024-06-03,SKU-EA-01,Electronics-Accessories,3,0
2024-06-04,SKU-EA-01,Electronics-Accessories,4,0
2024-06-05,SKU-EA-01,Electronics-Accessories,25,1
2024-06-06,SKU-EA-01,Electronics-Accessories,10,0
2024-06-07,SKU-EA-01,Electronics-Accessories,4,0
2024-06-08,SKU-EA-01,Electronics-Accessories,21,0
2024-06-09,SKU-EA-01,Electronics-Accessories,16,0
2024-06-10,SKU-EA-01,Electronics-Accessories,3,0
2024-06-11,SKU-EA-01,Electronics-Accessories,33,0
2024-06-12,SKU-EA-01,Electronics-Accessories,23,0
2024-06-13,SKU-EA-01,Electronics-Accessories,14,0
2024-06-14,SKU-EA-01,Electronics-Accessories,15,1
2024-06-15,SKU-EA-01,Electronics-Accessories,22,0
2024-06-16,SKU-EA-01,Electronics-Accessories,24,0
2024-06-17,SKU-EA-01,Electronics-Accessories,2,0
2024-06-18,SKU-EA-01,Electronics-Accessories,11,0
2024-06-19,SKU-EA-01,Electronics-Accessories,6,0
2024-06-20,SKU-EA-01,Electronics-Accessories,33,0
2024-06-21,SKU-EA-01,Electronics-Accessories,9,0
2024-06-22,SKU-EA-01,Electronics-Accessories,23,0
2024-06-23,SKU-EA-01,Electronics-Accessories,2,0
2024-06-24,SKU-EA-01,Electronics-Accessories,6,0
2024-06-25,SKU-EA-01,Electronics-Accessories,5,0
2024-06-26,SKU-EA-01,Electronics-Accessories,13,0
2024-06-27,SKU-EA-01,Electronics-Accessories,8,0
2024-06-28,SKU-EA-01,Electronics-Accessories,21,0
2024-06-29,SKU-EA-01,Electronics-Accessories,20,0
2024-06-30,SKU-EA-01,Electronics-Accessories,37,1
2024-07-01,SKU-EA-01,Electronics-Accessories,6,0
2024-07-02,SKU-EA-01,Electronics-Accessories,11,0
2024-07-03,SKU-EA-01,Electronics-Accessories,18,0
2024-07-04,SKU-EA-01,Electronics-Accessories,14,0
2024-07-05,SKU-EA-01,Electronics-Accessories,7,0
2024-07-06,SKU-EA-01,Electronics-Accessories,18,0
2024-07-07,SKU-EA-01,Electronics-Accessories,22,0
2024-07-08,SKU-EA-01,Electronics-Accessories,16,0
2024-07-09,SKU-EA-01,Electronics-Accessories,10,0
2024-07-10,SKU-EA-01,Electronics-Accessories,2,0
2024-07-11,SKU-EA-01,Electronics-Accessories,9,0
2024-07-12,SKU-EA-01,Electronics-Accessories,19,0
2024-07-13,SKU-EA-01,Electronics-Accessories,12,0
2024-07-14,SKU-EA-01,Electronics-Accessories,11,0
2024-07-15,SKU-EA-01,Electronics-Accessories,5,1
2024-07-16,SKU-EA-01,Electronics-Accessories,14,0
2024-07-17,SKU-EA-01,Electronics-Accessories,13,0
2024-07-18,SKU-EA-01,Electronics-Accessories,14,0
2024-07-19,SKU-EA-01,Electronics-Accessories,11,0
2024-07-20,SKU-EA-01,Electronics-Accessories,20,0
2024-07-21,SKU-EA-01,Electronics-Accessories,14,0
2024-07-22,SKU-EA-01,Electronics-Accessories,31,0
2024-07-23,SKU-EA-01,Electronics-Accessories,18,0
2024-07-24,SKU-EA-01,Electronics-Accessories,8,0
2024-07-25,SKU-EA-01,Electronics-Accessories,5,0
2024-07-26,SKU-EA-01,Electronics-Accessories,14,0
2024-07-27,SKU-EA-01,Electronics-Accessories,6,0
2024-07-28,SKU-EA-01,Electronics-Accessories,14,0
2024-07-29,SKU-EA-01,Electronics-Accessories,4,0
2024-07-30,SKU-EA-01,Electronics-Accessories,10,0
2024-07-31,SKU-EA-01,Electronics-Accessories,10,0
2024-08-01,SKU-EA-01,Electronics-Accessories,2,0
2024-08-02,SKU-EA-01,Electronics-Accessories,15,0
2024-08-03,SKU-EA-01,Electronics-Accessories,29,0
2024-08-04,SKU-EA-01,Electronics-Accessories,24,0
2024-08-05,SKU-EA-01,Electronics-Accessories,6,0
2024-08-06,SKU-EA-01,Electronics-Accessories,4,0
2024-08-07,SKU-EA-01,Electronics-Accessories,5,0
2024-08-08,SKU-EA-01,Electronics-Accessories,0,0
2024-08-09,SKU-EA-01,Electronics-Accessories,26,0
2024-08-10,SKU-EA-01,Electronics-Accessories,25,0
2024-08-11,SKU-EA-01,Electronics-Accessories,6,0
2024-08-12,SKU-EA-01,Electronics-Accessories,4,0
2024-08-13,SKU-EA-01,Electronics-Accessories,16,0
2024-08-14,SKU-EA-01,Electronics-Accessories,2,0
2024-08-15,SKU-EA-01,Electronics-Accessories,17,0
2024-08-16,SKU-EA-01,Electronics-Accessories,23,0
2024-08-17,SKU-EA-01,Electronics-Accessories,37,0
2024-08-18,SKU-EA-01,Electronics-Accessories,20,0
2024-08-19,SKU-EA-01,Electronics-Accessories,23,0
2024-08-20,SKU-EA-01,Electronics-Accessories,5,0
2024-08-21,SKU-EA-01,Electronics-Accessories,9,0
2024-08-22,SKU-EA-01,Electronics-Accessories,6,0
2024-08-23,SKU-EA-01,Electronics-Accessories,38,0
2024-08-24,SKU-EA-01,Electronics-Accessories,44,0
2024-08-25,SKU-EA-01,Electronics-Accessories,21,0
2024-08-26,SKU-EA-01,Electronics-Accessories,22,0
2024-08-27,SKU-EA-01,Electronics-Accessories,5,0
2024-08-28,SKU-EA-01,Electronics-Accessories,14,0
2024-08-29,SKU-EA-01,Electronics-Accessories,4,0
2024-08-30,SKU-EA-01,Electronics-Accessories,13,0
2024-08-31,SKU-EA-01,Electronics-Accessories,18,0
2024-09-01,SKU-EA-01,Electronics-Accessories,16,0
2024-09-02,SKU-EA-01,Electronics-Accessories,5,0
2024-09-03,SKU-EA-01,Electronics-Accessories,9,0
2024-09-04,SKU-EA-01,Electronics-Accessories,29,1
2024-09-05,SKU-EA-01,Electronics-Accessories,6,0
2024-09-06,SKU-EA-01,Electronics-Accessories,6,0
2024-09-07,SKU-EA-01,Electronics-Accessories,30,0
2024-09-08,SKU-EA-01,Electronics-Accessories,12,0
2024-09-09,SKU-EA-01,Electronics-Accessories,23,0
2024-09-10,SKU-EA-01,Electronics-Accessories,7,0
2024-09-11,SKU-EA-01,Electronics-Accessories,6,0
2024-09-12,SKU-EA-01,Electronics-Accessories,16,0
2024-09-13,SKU-EA-01,Electronics-Accessories,16,0
2024-09-14,SKU-EA-01,Electronics-Accessories,56,0
2024-09-15,SKU-EA-01,Electronics-Accessories,51,0
2024-09-16,SKU-EA-01,Electronics-Accessories,23,1
2024-09-17,SKU-EA-01,Electronics-Accessories,7,1
2024-09-18,SKU-EA-01,Electronics-Accessories,4,0
2024-09-19,SKU-EA-01,Electronics-Accessories,18,0
2024-09-20,SKU-EA-01,Electronics-Accessories,17,0
2024-09-21,SKU-EA-01,Electronics-Accessories,19,1
2024-09-22,SKU-EA-01,Electronics-Accessories,24,0
2024-09-23,SKU-EA-01,Electronics-Accessories,11,0
2024-09-24,SKU-EA-01,Electronics-Accessories,7,0
2024-09-25,SKU-EA-01,Electronics-Accessories,51,1
2024-09-26,SKU-EA-01,Electronics-Accessories,8,0
2024-09-27,SKU-EA-01,Electronics-Accessories,12,0
2024-09-28,SKU-EA-01,Electronics-Accessories,21,0
2024-09-29,SKU-EA-01,Electronics-Accessories,53,0
2024-09-30,SKU-EA-01,Electronics-Accessories,16,0
2024-10-01,SKU-EA-01,Electronics-Accessories,1,0
2024-10-02,SKU-EA-01,Electronics-Accessories,2,0
2024-10-03,SKU-EA-01,Electronics-Accessories,7,0
2024-10-04,SKU-EA-01,Electronics-Accessories,22,0
2024-10-05,SKU-EA-01,Electronics-Accessories,9,0
2024-10-06,SKU-EA-01,Electronics-Accessories,5,0
2024-10-07,SKU-EA-01,Electronics-Accessories,10,0
2024-10-08,SKU-EA-01,Electronics-Accessories,20,0
2024-10-09,SKU-EA-01,Electronics-Accessories,29,0
2024-10-10,SKU-EA-01,Electronics-Accessories,18,0
2024-10-11,SKU-EA-01,Electronics-Accessories,28,0
2024-10-12,SKU-EA-01,Electronics-Accessories,57,0
2024-10-13,SKU-EA-01,Electronics-Accessories,22,0
2024-10-14,SKU-EA-01,Electronics-Accessories,7,0
2024-10-15,SKU-EA-01,Electronics-Accessories,5,0
2024-10-16,SKU-EA-01,Electronics-Accessories,29,0
2024-10-17,SKU-EA-01,Electronics-Accessories,15,0
2024-10-18,SKU-EA-01,Electronics-Accessories,6,0
2024-10-19,SKU-EA-01,Electronics-Accessories,27,0
2024-10-20,SKU-EA-01,Electronics-Accessories,42,0
2024-10-21,SKU-EA-01,Electronics-Accessories,19,0
2024-10-22,SKU-EA-01,Electronics-Accessories,11,0
2024-10-23,SKU-EA-01,Electronics-Accessories,42,0
2024-10-24,SKU-EA-01,Electronics-Accessories,15,0
2024-10-25,SKU-EA-01,Electronics-Accessories,15,0
2024-10-26,SKU-EA-01,Electronics-Accessories,14,0
2024-10-27,SKU-EA-01,Electronics-Accessories,51,0
2024-10-28,SKU-EA-01,Electronics-Accessories,3,0
2024-10-29,SKU-EA-01,Electronics-Accessories,11,0
2024-10-30,SKU-EA-01,Electronics-Accessories,35,0
2024-10-31,SKU-EA-01,Electronics-Accessories,23,0
2024-11-01,SKU-EA-01,Electronics-Accessories,21,0
2024-11-02,SKU-EA-01,Electronics-Accessories,33,0
2024-11-03,SKU-EA-01,Electronics-Accessories,21,0
2024-11-04,SKU-EA-01,Electronics-Accessories,12,0
2024-11-05,SKU-EA-01,Electronics-Accessories,20,0
2024-11-06,SKU-EA-01,Electronics-Accessories,41,0
2024-11-07,SKU-EA-01,Electronics-Accessories,22,0
2024-11-08,SKU-EA-01,Electronics-Accessories,18,0
2024-11-09,SKU-EA-01,Electronics-Accessories,20,0
2024-11-10,SKU-EA-01,Electronics-Accessories,25,0
2024-11-11,SKU-EA-01,Electronics-Accessories,27,0
2024-11-12,SKU-EA-01,Electronics-Accessories,29,0
2024-11-13,SKU-EA-01,Electronics-Accessories,22,0
2024-11-14,SKU-EA-01,Electronics-Accessories,12,0
2024-11-15,SKU-EA-01,Electronics-Accessories,40,0
2024-11-16,SKU-EA-01,Electronics-Accessories,35,0
2024-11-17,SKU-EA-01,Electronics-Accessories,15,0
2024-11-18,SKU-EA-01,Electronics-Accessories,21,0
2024-11-19,SKU-EA-01,Electronics-Accessories,9,0
2024-11-20,SKU-EA-01,Electronics-Accessories,23,0
2024-11-21,SKU-EA-01,Electronics-Accessories,6,0
2024-11-22,SKU-EA-01,Electronics-Accessories,34,0
2024-11-23,SKU-EA-01,Electronics-Accessories,35,0
2024-11-24,SKU-EA-01,Electronics-Accessories,35,0
2024-11-25,SKU-EA-01,Electronics-Accessories,51,0
2024-11-26,SKU-EA-01,Electronics-Accessories,28,0
2024-11-27,SKU-EA-01,Electronics-Accessories,18,0
2024-11-28,SKU-EA-01,Electronics-Accessories,18,0
2024-11-29,SKU-EA-01,Electronics-Accessories,75,0
2024-11-30,SKU-EA-01,Electronics-Accessories,10,0
2024-12-01,SKU-EA-01,Electronics-Accessories,61,0
2024-12-02,SKU-EA-01,Electronics-Accessories,104,0
2024-12-03,SKU-EA-01,Electronics-Accessories,15,0
2024-12-04,SKU-EA-01,Electronics-Accessories,18,0
2024-12-05,SKU-EA-01,Electronics-Accessories,10,0
2024-12-06,SKU-EA-01,Electronics-Accessories,10,0
2024-12-07,SKU-EA-01,Electronics-Accessories,32,0
2024-12-08,SKU-EA-01,Electronics-Accessories,17,0
2024-12-09,SKU-EA-01,Electronics-Accessories,11,0
2024-12-10,SKU-EA-01,Electronics-Accessories,26,0
2024-12-11,SKU-EA-01,Electronics-Accessories,15,0
2024-12-12,SKU-EA-01,Electronics-Accessories,76,0
2024-12-13,SKU-EA-01,Electronics-Accessories,17,0
2024-12-14,SKU-EA-01,Electronics-Accessories,10,0
2024-12-15,SKU-EA-01,Electronics-Accessories,82,0
2024-12-16,SKU-EA-01,Electronics-Accessories,28,0
2024-12-17,SKU-EA-01,Electronics-Accessories,19,0
2024-12-18,SKU-EA-01,Electronics-Accessories,17,0
2024-12-19,SKU-EA-01,Electronics-Accessories,15,0
2024-12-20,SKU-EA-01,Electronics-Accessories,17,0
2024-12-21,SKU-EA-01,Electronics-Accessories,24,0
2024-12-22,SKU-EA-01,Electronics-Accessories,71,0
2024-12-23,SKU-EA-01,Electronics-Accessories,20,0
2024-12-24,SKU-EA-01,Electronics-Accessories,44,0
2024-12-25,SKU-EA-01,Electronics-Accessories,19,0
2024-12-26,SKU-EA-01,Electronics-Accessories,53,0
2024-12-27,SKU-EA-01,Electronics-Accessories,5,0
2024-12-28,SKU-EA-01,Electronics-Accessories,27,0
2024-12-29,SKU-EA-01,Electronics-Accessories,28,0
2024-12-30,SKU-EA-01,Electronics-Accessories,27,0
2024-12-31,SKU-EA-01,Electronics-Accessories,11,0
2025-01-01,SKU-EA-01,Electronics-Accessories,16,0
2025-01-02,SKU-EA-01,Electronics-Accessories,19,0
2025-01-03,SKU-EA-01,Electronics-Accessories,6,0
2025-01-04,SKU-EA-01,Electronics-Accessories,19,0
2025-01-05,SKU-EA-01,Electronics-Accessories,10,0
2025-01-06,SKU-EA-01,Electronics-Accessories,36,0
2025-01-07,SKU-EA-01,Electronics-Accessories,32,0
2025-01-08,SKU-EA-01,Electronics-Accessories,9,0
2025-01-09,SKU-EA-01,Electronics-Accessories,9,0
2025-01-10,SKU-EA-01,Electronics-Accessories,23,0
2025-01-11,SKU-EA-01,Electronics-Accessories,30,0
2025-01-12,SKU-EA-01,Electronics-Accessories,23,0
2025-01-13,SKU-EA-01,Electronics-Accessories,18,0
2025-01-14,SKU-EA-01,Electronics-Accessories,4,0
2025-01-15,SKU-EA-01,Electronics-Accessories,34,0
2025-01-16,SKU-EA-01,Electronics-Accessories,12,0
2025-01-17,SKU-EA-01,Electronics-Accessories,8,0
2025-01-18,SKU-EA-01,Electronics-Accessories,30,0
2025-01-19,SKU-EA-01,Electronics-Accessories,22,0
2025-01-20,SKU-EA-01,Electronics-Accessories,24,0
2025-01-21,SKU-EA-01,Electronics-Accessories,7,0
2025-01-22,SKU-EA-01,Electronics-Accessories,11,0
2025-01-23,SKU-EA-01,Electronics-Accessories,4,0
2025-01-24,SKU-EA-01,Electronics-Accessories,21,0
2025-01-25,SKU-EA-01,Electronics-Accessories,10,0
2025-01-26,SKU-EA-01,Electronics-Accessories,25,0
2025-01-27,SKU-EA-01,Electronics-Accessories,7,0
2025-01-28,SKU-EA-01,Electronics-Accessories,8,0
2025-01-29,SKU-EA-01,Electronics-Accessories,13,0
2025-01-30,SKU-EA-01,Electronics-Accessories,13,0
2025-01-31,SKU-EA-01,Electronics-Accessories,15,0
2025-02-01,SKU-EA-01,Electronics-Accessories,45,0
2025-02-02,SKU-EA-01,Electronics-Accessories,26,0
2025-02-03,SKU-EA-01,Electronics-Accessories,20,0
2025-02-04,SKU-EA-01,Electronics-Accessories,11,0
2025-02-05,SKU-EA-01,Electronics-Accessories,6,0
2025-02-06,SKU-EA-01,Electronics-Accessories,29,0
2025-02-07,SKU-EA-01,Electronics-Accessories,22,0
2025-02-08,SKU-EA-01,Electronics-Accessories,19,0
2025-02-09,SKU-EA-01,Electronics-Accessories,25,0
2025-02-10,SKU-EA-01,Electronics-Accessories,13,0
2025-02-11,SKU-EA-01,Electronics-Accessories,9,0
2025-02-12,SKU-EA-01,Electronics-Accessories,19,0
2025-02-13,SKU-EA-01,Electronics-Accessories,6,0
2025-02-14,SKU-EA-01,Electronics-Accessories,14,0
2025-02-15,SKU-EA-01,Electronics-Accessories,22,0
2025-02-16,SKU-EA-01,Electronics-Accessories,18,0
2025-02-17,SKU-EA-01,Electronics-Accessories,12,0
2025-02-18,SKU-EA-01,Electronics-Accessories,19,0
2025-02-19,SKU-EA-01,Electronics-Accessories,9,0
2025-02-20,SKU-EA-01,Electronics-Accessories,14,0
2025-02-21,SKU-EA-01,Electronics-Accessories,21,1
2025-02-22,SKU-EA-01,Electronics-Accessories,24,0
2025-02-23,SKU-EA-01,Electronics-Accessories,14,0
2025-02-24,SKU-EA-01,Electronics-Accessories,7,0
2025-02-25,SKU-EA-01,Electronics-Accessories,9,0
2025-02-26,SKU-EA-01,Electronics-Accessories,9,0
2025-02-27,SKU-EA-01,Electronics-Accessories,5,0
2025-02-28,SKU-EA-01,Electronics-Accessories,8,0
2025-03-01,SKU-EA-01,Electronics-Accessories,4,0
2025-03-02,SKU-EA-01,Electronics-Accessories,36,0
2025-03-03,SKU-EA-01,Electronics-Accessories,5,0
2025-03-04,SKU-EA-01,Electronics-Accessories,6,0
2025-03-05,SKU-EA-01,Electronics-Accessories,7,0
2025-03-06,SKU-EA-01,Electronics-Accessories,5,0
2025-03-07,SKU-EA-01,Electronics-Accessories,3,0
2025-03-08,SKU-EA-01,Electronics-Accessories,8,0
2025-03-09,SKU-EA-01,Electronics-Accessories,24,0
2025-03-10,SKU-EA-01,Electronics-Accessories,9,0
2025-03-11,SKU-EA-01,Electronics-Accessories,16,0
2025-03-12,SKU-EA-01,Electronics-Accessories,11,0
2025-03-13,SKU-EA-01,Electronics-Accessories,8,0
2025-03-14,SKU-EA-01,Electronics-Accessories,21,0
2025-03-15,SKU-EA-01,Electronics-Accessories,48,0
2025-03-16,SKU-EA-01,Electronics-Accessories,4,0
2025-03-17,SKU-EA-01,Electronics-Accessories,11,0
2025-03-18,SKU-EA-01,Electronics-Accessories,21,0
2025-03-19,SKU-EA-01,Electronics-Accessories,5,0
2025-03-20,SKU-EA-01,Electronics-Accessories,8,0
2025-03-21,SKU-EA-01,Electronics-Accessories,41,0
2025-03-22,SKU-EA-01,Electronics-Accessories,24,0
2025-03-23,SKU-EA-01,Electronics-Accessories,10,0
2025-03-24,SKU-EA-01,Electronics-Accessories,9,1
2025-03-25,SKU-EA-01,Electronics-Accessories,4,0
2025-03-26,SKU-EA-01,Electronics-Accessories,6,0
2025-03-27,SKU-EA-01,Electronics-Accessories,12,0
2025-03-28,SKU-EA-01,Electronics-Accessories,8,0
2025-03-29,SKU-EA-01,Electronics-Accessories,17,0
2025-03-30,SKU-EA-01,Electronics-Accessories,27,0
2025-03-31,SKU-EA-01,Electronics-Accessories,16,0
2025-04-01,SKU-EA-01,Electronics-Accessories,3,0
2025-04-02,SKU-EA-01,Electronics-Accessories,6,0
2025-04-03,SKU-EA-01,Electronics-Accessories,22,0
2025-04-04,SKU-EA-01,Electronics-Accessories,16,0
2025-04-05,SKU-EA-01,Electronics-Accessories,9,0
2025-04-06,SKU-EA-01,Electronics-Accessories,31,0
2025-04-07,SKU-EA-01,Electronics-Accessories,13,0
2025-04-08,SKU-EA-01,Electronics-Accessories,15,0
2025-04-09,SKU-EA-01,Electronics-Accessories,10,0
2025-04-10,SKU-EA-01,Electronics-Accessories,5,0
2025-04-11,SKU-EA-01,Electronics-Accessories,12,0
2025-04-12,SKU-EA-01,Electronics-Accessories,16,0
2025-04-13,SKU-EA-01,Electronics-Accessories,4,0
2025-04-14,SKU-EA-01,Electronics-Accessories,10,0
2025-04-15,SKU-EA-01,Electronics-Accessories,21,0
2025-04-16,SKU-EA-01,Electronics-Accessories,23,0
2025-04-17,SKU-EA-01,Electronics-Accessories,9,0
2025-04-18,SKU-EA-01,Electronics-Accessories,34,0
2025-04-19,SKU-EA-01,Electronics-Accessories,7,0
2025-04-20,SKU-EA-01,Electronics-Accessories,41,0
2025-04-21,SKU-EA-01,Electronics-Accessories,1,0
2025-04-22,SKU-EA-01,Electronics-Accessories,12,0
2025-04-23,SKU-EA-01,Electronics-Accessories,7,0
2025-04-24,SKU-EA-01,Electronics-Accessories,22,0
2025-04-25,SKU-EA-01,Electronics-Accessories,20,0
2025-04-26,SKU-EA-01,Electronics-Accessories,24,1
2025-04-27,SKU-EA-01,Electronics-Accessories,11,0
2025-04-28,SKU-EA-01,Electronics-Accessories,11,0
2025-04-29,SKU-EA-01,Electronics-Accessories,17,0
2025-04-30,SKU-EA-01,Electronics-Accessories,18,0
2025-05-01,SKU-EA-01,Electronics-Accessories,12,0
2025-05-02,SKU-EA-01,Electronics-Accessories,8,0
2025-05-03,SKU-EA-01,Electronics-Accessories,49,0
2025-05-04,SKU-EA-01,Electronics-Accessories,77,1
2025-05-05,SKU-EA-01,Electronics-Accessories,7,0
2025-05-06,SKU-EA-01,Electronics-Accessories,24,0
2025-05-07,SKU-EA-01,Electronics-Accessories,18,0
2025-05-08,SKU-EA-01,Electronics-Accessories,2,0
2025-05-09,SKU-EA-01,Electronics-Accessories,18,0
2025-05-10,SKU-EA-01,Electronics-Accessories,26,0
2025-05-11,SKU-EA-01,Electronics-Accessories,5,0
2025-05-12,SKU-EA-01,Electronics-Accessories,36,0
2025-05-13,SKU-EA-01,Electronics-Accessories,16,0
2025-05-14,SKU-EA-01,Electronics-Accessories,63,1
2025-05-15,SKU-EA-01,Electronics-Accessories,15,0
2025-05-16,SKU-EA-01,Electronics-Accessories,17,0
2025-05-17,SKU-EA-01,Electronics-Accessories,24,0
2025-05-18,SKU-EA-01,Electronics-Accessories,14,0
2025-05-19,SKU-EA-01,Electronics-Accessories,34,0
2025-05-20,SKU-EA-01,Electronics-Accessories,10,0
2025-05-21,SKU-EA-01,Electronics-Accessories,14,0
2025-05-22,SKU-EA-01,Electronics-Accessories,11,0
2025-05-23,SKU-EA-01,Electronics-Accessories,12,0
2025-05-24,SKU-EA-01,Electronics-Accessories,26,0
2025-05-25,SKU-EA-01,Electronics-Accessories,28,0
2025-05-26,SKU-EA-01,Electronics-Accessories,15,0
2025-05-27,SKU-EA-01,Electronics-Accessories,22,0
2025-05-28,SKU-EA-01,Electronics-Accessories,10,0
2025-05-29,SKU-EA-01,Electronics-Accessories,21,0
2025-05-30,SKU-EA-01,Electronics-Accessories,30,0
2025-05-31,SKU-EA-01,Electronics-Accessories,10,0
2025-06-01,SKU-EA-01,Electronics-Accessories,12,0
2025-06-02,SKU-EA-01,Electronics-Accessories,8,0
2025-06-03,SKU-EA-01,Electronics-Accessories,9,0
2025-06-04,SKU-EA-01,Electronics-Accessories,7,0
2025-06-05,SKU-EA-01,Electronics-Accessories,4,0
2025-06-06,SKU-EA-01,Electronics-Accessories,22,0
2025-06-07,SKU-EA-01,Electronics-Accessories,11,0
2025-06-08,SKU-EA-01,Electronics-Accessories,11,0
2025-06-09,SKU-EA-01,Electronics-Accessories,22,0
2025-06-10,SKU-EA-01,Electronics-Accessories,16,0
2025-06-11,SKU-EA-01,Electronics-Accessories,5,0
2025-06-12,SKU-EA-01,Electronics-Accessories,28,0
2025-06-13,SKU-EA-01,Electronics-Accessories,40,0
2025-06-14,SKU-EA-01,Electronics-Accessories,8,0
2025-06-15,SKU-EA-01,Electronics-Accessories,7,0
2025-06-16,SKU-EA-01,Electronics-Accessories,18,0
2025-06-17,SKU-EA-01,Electronics-Accessories,2,0
2025-06-18,SKU-EA-01,Electronics-Accessories,2,0
2025-06-19,SKU-EA-01,Electronics-Accessories,12,0
2025-06-20,SKU-EA-01,Electronics-Accessories,14,0
2025-06-21,SKU-EA-01,Electronics-Accessories,42,0
2025-06-22,SKU-EA-01,Electronics-Accessories,10,0
2025-06-23,SKU-EA-01,Electronics-Accessories,2,0
2025-06-24,SKU-EA-01,Electronics-Accessories,4,0
2025-06-25,SKU-EA-01,Electronics-Accessories,10,0
2025-06-26,SKU-EA-01,Electronics-Accessories,14,0
2025-06-27,SKU-EA-01,Electronics-Accessories,15,0
2025-06-28,SKU-EA-01,Electronics-Accessories,21,0
2025-06-29,SKU-EA-01,Electronics-Accessories,24,0
2025-06-30,SKU-EA-01,Electronics-Accessories,26,0
2025-07-01,SKU-EA-01,Electronics-Accessories,8,0
2023-01-01,SKU-EA-02,Electronics-Accessories,28,0
2023-01-02,SKU-EA-02,Electronics-Accessories,40,0
2023-01-03,SKU-EA-02,Electronics-Accessories,48,0
2023-01-04,SKU-EA-02,Electronics-Accessories,56,0
2023-01-05,SKU-EA-02,Electronics-Accessories,1,0
2023-01-06,SKU-EA-02,Electronics-Accessories,27,0
2023-01-07,SKU-EA-02,Electronics-Accessories,41,0
2023-01-08,SKU-EA-02,Electronics-Accessories,33,0
2023-01-09,SKU-EA-02,Electronics-Accessories,16,0
2023-01-10,SKU-EA-02,Electronics-Accessories,9,0
2023-01-11,SKU-EA-02,Electronics-Accessories,15,0
2023-01-12,SKU-EA-02,Electronics-Accessories,7,0
2023-01-13,SKU-EA-02,Electronics-Accessories,34,0
2023-01-14,SKU-EA-02,Electronics-Accessories,27,0
2023-01-15,SKU-EA-02,Electronics-Accessories,11,0
2023-01-16,SKU-EA-02,Electronics-Accessories,27,0
2023-01-17,SKU-EA-02,Electronics-Accessories,5,0
2023-01-18,SKU-EA-02,Electronics-Accessories,17,0
2023-01-19,SKU-EA-02,Electronics-Accessories,0,0
2023-01-20,SKU-EA-02,Electronics-Accessories,5,0
2023-01-21,SKU-EA-02,Electronics-Accessories,52,0
2023-01-22,SKU-EA-02,Electronics-Accessories,29,0
2023-01-23,SKU-EA-02,Electronics-Accessories,36,0
2023-01-24,SKU-EA-02,Electronics-Accessories,13,0
2023-01-25,SKU-EA-02,Electronics-Accessories,33,1
2023-01-26,SKU-EA-02,Electronics-Accessories,17,0
2023-01-27,SKU-EA-02,Electronics-Accessories,18,0
2023-01-28,SKU-EA-02,Electronics-Accessories,8,0
2023-01-29,SKU-EA-02,Electronics-Accessories,28,0
2023-01-30,SKU-EA-02,Electronics-Accessories,7,0
2023-01-31,SKU-EA-02,Electronics-Accessories,7,0
2023-02-01,SKU-EA-02,Electronics-Accessories,32,0
2023-02-02,SKU-EA-02,Electronics-Accessories,10,0
2023-02-03,SKU-EA-02,Electronics-Accessories,36,0
2023-02-04,SKU-EA-02,Electronics-Accessories,26,0
2023-02-05,SKU-EA-02,Electronics-Accessories,11,0
2023-02-06,SKU-EA-02,Electronics-Accessories,4,0
2023-02-07,SKU-EA-02,Electronics-Accessories,17,0
2023-02-08,SKU-EA-02,Electronics-Accessories,15,0
2023-02-09,SKU-EA-02,Electronics-Accessories,30,0
2023-02-10,SKU-EA-02,Electronics-Accessories,0,0
2023-02-11,SKU-EA-02,Electronics-Accessories,28,0
2023-02-12,SKU-EA-02,Electronics-Accessories,37,0
2023-02-13,SKU-EA-02,Electronics-Accessories,15,0
2023-02-14,SKU-EA-02,Electronics-Accessories,34,1
2023-02-15,SKU-EA-02,Electronics-Accessories,4,0
2023-02-16,SKU-EA-02,Electronics-Accessories,23,0
2023-02-17,SKU-EA-02,Electronics-Accessories,39,0
2023-02-18,SKU-EA-02,Electronics-Accessories,5,0
2023-02-19,SKU-EA-02,Electronics-Accessories,25,0
2023-02-20,SKU-EA-02,Electronics-Accessories,28,1
2023-02-21,SKU-EA-02,Electronics-Accessories,44,0
2023-02-22,SKU-EA-02,Electronics-Accessories,1,0
2023-02-23,SKU-EA-02,Electronics-Accessories,18,0
2023-02-24,SKU-EA-02,Electronics-Accessories,19,0
2023-02-25,SKU-EA-02,Electronics-Accessories,56,0
2023-02-26,SKU-EA-02,Electronics-Accessories,11,0
2023-02-27,SKU-EA-02,Electronics-Accessories,28,0
2023-02-28,SKU-EA-02,Electronics-Accessories,4,0
2023-03-01,SKU-EA-02,Electronics-Accessories,14,0
2023-03-02,SKU-EA-02,Electronics-Accessories,13,0
2023-03-03,SKU-EA-02,Electronics-Accessories,15,0
2023-03-04,SKU-EA-02,Electronics-Accessories,51,0
2023-03-05,SKU-EA-02,Electronics-Accessories,20,0
2023-03-06,SKU-EA-02,Electronics-Accessories,11,0
2023-03-07,SKU-EA-02,Electronics-Accessories,12,0
2023-03-08,SKU-EA-02,Electronics-Accessories,27,0
2023-03-09,SKU-EA-02,Electronics-Accessories,3,0
2023-03-10,SKU-EA-02,Electronics-Accessories,17,0
2023-03-11,SKU-EA-02,Electronics-Accessories,24,0
2023-03-12,SKU-EA-02,Electronics-Accessories,39,0
2023-03-13,SKU-EA-02,Electronics-Accessories,19,0
2023-03-14,SKU-EA-02,Electronics-Accessories,20,0
2023-03-15,SKU-EA-02,Electronics-Accessories,13,0
2023-03-16,SKU-EA-02,Electronics-Accessories,22,0
2023-03-17,SKU-EA-02,Electronics-Accessories,6,0
2023-03-18,SKU-EA-02,Electronics-Accessories,14,0
2023-03-19,SKU-EA-02,Electronics-Accessories,41,1
2023-03-20,SKU-EA-02,Electronics-Accessories,7,1
2023-03-21,SKU-EA-02,Electronics-Accessories,16,0
2023-03-22,SKU-EA-02,Electronics-Accessories,26,0
2023-03-23,SKU-EA-02,Electronics-Accessories,23,0
2023-03-24,SKU-EA-02,Electronics-Accessories,3,0
2023-03-25,SKU-EA-02,Electronics-Accessories,36,0
2023-03-26,SKU-EA-02,Electronics-Accessories,5,0
2023-03-27,SKU-EA-02,Electronics-Accessories,13,0
2023-03-28,SKU-EA-02,Electronics-Accessories,16,0
2023-03-29,SKU-EA-02,Electronics-Accessories,11,0
2023-03-30,SKU-EA-02,Electronics-Accessories,34,0
2023-03-31,SKU-EA-02,Electronics-Accessories,18,0
2023-04-01,SKU-EA-02,Electronics-Accessories,5,0
2023-04-02,SKU-EA-02,Electronics-Accessories,33,0
2023-04-03,SKU-EA-02,Electronics-Accessories,19,0
2023-04-04,SKU-EA-02,Electronics-Accessories,7,0
2023-04-05,SKU-EA-02,Electronics-Accessories,5,0
2023-04-06,SKU-EA-02,Electronics-Accessories,12,0
2023-04-07,SKU-EA-02,Electronics-Accessories,13,0
2023-04-08,SKU-EA-02,Electronics-Accessories,25,0
2023-04-09,SKU-EA-02,Electronics-Accessories,83,0
2023-04-10,SKU-EA-02,Electronics-Accessories,35,0
2023-04-11,SKU-EA-02,Electronics-Accessories,16,0
2023-04-12,SKU-EA-02,Electronics-Accessories,13,0
2023-04-13,SKU-EA-02,Electronics-Accessories,11,0
2023-04-14,SKU-EA-02,Electronics-Accessories,8,0
2023-04-15,SKU-EA-02,Electronics-Accessories,44,0
2023-04-16,SKU-EA-02,Electronics-Accessories,50,0
2023-04-17,SKU-EA-02,Electronics-Accessories,1,0
2023-04-18,SKU-EA-02,Electronics-Accessories,26,0
2023-04-19,SKU-EA-02,Electronics-Accessories,13,0
2023-04-20,SKU-EA-02,Electronics-Accessories,5,0
2023-04-21,SKU-EA-02,Electronics-Accessories,38,0
2023-04-22,SKU-EA-02,Electronics-Accessories,9,1
2023-04-23,SKU-EA-02,Electronics-Accessories,7,0
2023-04-24,SKU-EA-02,Electronics-Accessories,19,0
2023-04-25,SKU-EA-02,Electronics-Accessories,19,0
2023-04-26,SKU-EA-02,Electronics-Accessories,44,1
2023-04-27,SKU-EA-02,Electronics-Accessories,22,0
2023-04-28,SKU-EA-02,Electronics-Accessories,2,0
2023-04-29,SKU-EA-02,Electronics-Accessories,15,0
2023-04-30,SKU-EA-02,Electronics-Accessories,26,0
2023-05-01,SKU-EA-02,Electronics-Accessories,17,0
2023-05-02,SKU-EA-02,Electronics-Accessories,24,0
2023-05-03,SKU-EA-02,Electronics-Accessories,1,0
2023-05-04,SKU-EA-02,Electronics-Accessories,10,0
2023-05-05,SKU-EA-02,Electronics-Accessories,16,0
2023-05-06,SKU-EA-02,Electronics-Accessories,24,0
2023-05-07,SKU-EA-02,Electronics-Accessories,9,0
2023-05-08,SKU-EA-02,Electronics-Accessories,13,0
2023-05-09,SKU-EA-02,Electronics-Accessories,32,0
2023-05-10,SKU-EA-02,Electronics-Accessories,2,0
2023-05-11,SKU-EA-02,Electronics-Accessories,42,0
2023-05-12,SKU-EA-02,Electronics-Accessories,43,0
2023-05-13,SKU-EA-02,Electronics-Accessories,9,0
2023-05-14,SKU-EA-02,Electronics-Accessories,45,0
2023-05-15,SKU-EA-02,Electronics-Accessories,11,0
2023-05-16,SKU-EA-02,Electronics-Accessories,13,0
2023-05-17,SKU-EA-02,Electronics-Accessories,7,0
2023-05-18,SKU-EA-02,Electronics-Accessories,27,0
2023-05-19,SKU-EA-02,Electronics-Accessories,25,0
2023-05-20,SKU-EA-02,Electronics-Accessories,23,0
2023-05-21,SKU-EA-02,Electronics-Accessories,22,0
2023-05-22,SKU-EA-02,Electronics-Accessories,5,0
2023-05-23,SKU-EA-02,Electronics-Accessories,12,0
2023-05-24,SKU-EA-02,Electronics-Accessories,3,0
2023-05-25,SKU-EA-02,Electronics-Accessories,13,0
2023-05-26,SKU-EA-02,Electronics-Accessories,23,0
2023-05-27,SKU-EA-02,Electronics-Accessories,5,0
2023-05-28,SKU-EA-02,Electronics-Accessories,27,0
2023-05-29,SKU-EA-02,Electronics-Accessories,19,0
2023-05-30,SKU-EA-02,Electronics-Accessories,33,0
2023-05-31,SKU-EA-02,Electronics-Accessories,19,0
2023-06-01,SKU-EA-02,Electronics-Accessories,16,0
2023-06-02,SKU-EA-02,Electronics-Accessories,16,0
2023-06-03,SKU-EA-02,Electronics-Accessories,63,1
2023-06-04,SKU-EA-02,Electronics-Accessories,5,0
2023-06-05,SKU-EA-02,Electronics-Accessories,5,0
2023-06-06,SKU-EA-02,Electronics-Accessories,21,0
2023-06-07,SKU-EA-02,Electronics-Accessories,15,0
2023-06-08,SKU-EA-02,Electronics-Accessories,19,0
2023-06-09,SKU-EA-02,Electronics-Accessories,34,0
2023-06-10,SKU-EA-02,Electronics-Accessories,17,0
2023-06-11,SKU-EA-02,Electronics-Accessories,8,0
2023-06-12,SKU-EA-02,Electronics-Accessories,18,0
2023-06-13,SKU-EA-02,Electronics-Accessories,38,0
2023-06-14,SKU-EA-02,Electronics-Accessories,16,0
2023-06-15,SKU-EA-02,Electronics-Accessories,25,0
2023-06-16,SKU-EA-02,Electronics-Accessories,25,0
2023-06-17,SKU-EA-02,Electronics-Accessories,22,0
2023-06-18,SKU-EA-02,Electronics-Accessories,13,0
2023-06-19,SKU-EA-02,Electronics-Accessories,15,0
2023-06-20,SKU-EA-02,Electronics-Accessories,141,1
2023-06-21,SKU-EA-02,Electronics-Accessories,29,0
2023-06-22,SKU-EA-02,Electronics-Accessories,44,0
2023-06-23,SKU-EA-02,Electronics-Accessories,15,0
2023-06-24,SKU-EA-02,Electronics-Accessories,20,0
2023-06-25,SKU-EA-02,Electronics-Accessories,23,0
2023-06-26,SKU-EA-02,Electronics-Accessories,42,0
2023-06-27,SKU-EA-02,Electronics-Accessories,38,0
2023-06-28,SKU-EA-02,Electronics-Accessories,4,0
2023-06-29,SKU-EA-02,Electronics-Accessories,16,0
2023-06-30,SKU-EA-02,Electronics-Accessories,16,0
2023-07-01,SKU-EA-02,Electronics-Accessories,9,0
2023-07-02,SKU-EA-02,Electronics-Accessories,30,0
2023-07-03,SKU-EA-02,Electronics-Accessories,3,0
2023-07-04,SKU-EA-02,Electronics-Accessories,33,0
2023-07-05,SKU-EA-02,Electronics-Accessories,21,0
2023-07-06,SKU-EA-02,Electronics-Accessories,47,1
2023-07-07,SKU-EA-02,Electronics-Accessories,22,0
2023-07-08,SKU-EA-02,Electronics-Accessories,25,0
2023-07-09,SKU-EA-02,Electronics-Accessories,29,0
2023-07-10,SKU-EA-02,Electronics-Accessories,38,0
2023-07-11,SKU-EA-02,Electronics-Accessories,18,1
2023-07-12,SKU-EA-02,Electronics-Accessories,8,0
2023-07-13,SKU-EA-02,Electronics-Accessories,22,0
2023-07-14,SKU-EA-02,Electronics-Accessories,8,0
2023-07-15,SKU-EA-02,Electronics-Accessories,7,0
2023-07-16,SKU-EA-02,Electronics-Accessories,25,0
2023-07-17,SKU-EA-02,Electronics-Accessories,3,0
2023-07-18,SKU-EA-02,Electronics-Accessories,45,0
2023-07-19,SKU-EA-02,Electronics-Accessories,13,0
2023-07-20,SKU-EA-02,Electronics-Accessories,31,0
2023-07-21,SKU-EA-02,Electronics-Accessories,59,0
2023-07-22,SKU-EA-02,Electronics-Accessories,36,0
2023-07-23,SKU-EA-02,Electronics-Accessories,24,0
2023-07-24,SKU-EA-02,Electronics-Accessories,12,0
2023-07-25,SKU-EA-02,Electronics-Accessories,33,0
2023-07-26,SKU-EA-02,Electronics-Accessories,2,1
2023-07-27,SKU-EA-02,Electronics-Accessories,9,0
2023-07-28,SKU-EA-02,Electronics-Accessories,15,0
2023-07-29,SKU-EA-02,Electronics-Accessories,37,0
2023-07-30,SKU-EA-02,Electronics-Accessories,48,0
2023-07-31,SKU-EA-02,Electronics-Accessories,36,0
2023-08-01,SKU-EA-02,Electronics-Accessories,6,0
2023-08-02,SKU-EA-02,Electronics-Accessories,54,0
2023-08-03,SKU-EA-02,Electronics-Accessories,12,0
2023-08-04,SKU-EA-02,Electronics-Accessories,30,0
2023-08-05,SKU-EA-02,Electronics-Accessories,12,0
2023-08-06,SKU-EA-02,Electronics-Accessories,59,0
2023-08-07,SKU-EA-02,Electronics-Accessories,19,0
2023-08-08,SKU-EA-02,Electronics-Accessories,17,0
2023-08-09,SKU-EA-02,Electronics-Accessories,7,0
2023-08-10,SKU-EA-02,Electronics-Accessories,21,0
2023-08-11,SKU-EA-02,Electronics-Accessories,22,0
2023-08-12,SKU-EA-02,Electronics-Accessories,85,1
2023-08-13,SKU-EA-02,Electronics-Accessories,18,0
2023-08-14,SKU-EA-02,Electronics-Accessories,22,0
2023-08-15,SKU-EA-02,Electronics-Accessories,27,0
2023-08-16,SKU-EA-02,Electronics-Accessories,64,0
2023-08-17,SKU-EA-02,Electronics-Accessories,43,0
2023-08-18,SKU-EA-02,Electronics-Accessories,55,0
2023-08-19,SKU-EA-02,Electronics-Accessories,23,0
2023-08-20,SKU-EA-02,Electronics-Accessories,32,0
2023-08-21,SKU-EA-02,Electronics-Accessories,10,0
2023-08-22,SKU-EA-02,Electronics-Accessories,12,0
2023-08-23,SKU-EA-02,Electronics-Accessories,23,0
2023-08-24,SKU-EA-02,Electronics-Accessories,32,0
2023-08-25,SKU-EA-02,Electronics-Accessories,6,0
2023-08-26,SKU-EA-02,Electronics-Accessories,33,0
2023-08-27,SKU-EA-02,Electronics-Accessories,40,0
2023-08-28,SKU-EA-02,Electronics-Accessories,3,0
2023-08-29,SKU-EA-02,Electronics-Accessories,17,1
2023-08-30,SKU-EA-02,Electronics-Accessories,19,0
2023-08-31,SKU-EA-02,Electronics-Accessories,15,0
2023-09-01,SKU-EA-02,Electronics-Accessories,54,0
2023-09-02,SKU-EA-02,Electronics-Accessories,18,0
2023-09-03,SKU-EA-02,Electronics-Accessories,35,0
2023-09-04,SKU-EA-02,Electronics-Accessories,5,0
2023-09-05,SKU-EA-02,Electronics-Accessories,21,0
2023-09-06,SKU-EA-02,Electronics-Accessories,6,0
2023-09-07,SKU-EA-02,Electronics-Accessories,21,0
2023-09-08,SKU-EA-02,Electronics-Accessories,66,0
2023-09-09,SKU-EA-02,Electronics-Accessories,15,0
2023-09-10,SKU-EA-02,Electronics-Accessories,22,0
2023-09-11,SKU-EA-02,Electronics-Accessories,8,0
2023-09-12,SKU-EA-02,Electronics-Accessories,51,0
2023-09-13,SKU-EA-02,Electronics-Accessories,8,0
2023-09-14,SKU-EA-02,Electronics-Accessories,46,0
2023-09-15,SKU-EA-02,Electronics-Accessories,33,0
2023-09-16,SKU-EA-02,Electronics-Accessories,37,0
2023-09-17,SKU-EA-02,Electronics-Accessories,35,0
2023-09-18,SKU-EA-02,Electronics-Accessories,1,0
2023-09-19,SKU-EA-02,Electronics-Accessories,23,0
2023-09-20,SKU-EA-02,Electronics-Accessories,10,0
2023-09-21,SKU-EA-02,Electronics-Accessories,8,0
2023-09-22,SKU-EA-02,Electronics-Accessories,15,0
2023-09-23,SKU-EA-02,Electronics-Accessories,11,0
2023-09-24,SKU-EA-02,Electronics-Accessories,22,0
2023-09-25,SKU-EA-02,Electronics-Accessories,26,0
2023-09-26,SKU-EA-02,Electronics-Accessories,10,0
2023-09-27,SKU-EA-02,Electronics-Accessories,9,0
2023-09-28,SKU-EA-02,Electronics-Accessories,18,0
2023-09-29,SKU-EA-02,Electronics-Accessories,55,0
2023-09-30,SKU-EA-02,Electronics-Accessories,19,0
2023-10-01,SKU-EA-02,Electronics-Accessories,37,0
2023-10-02,SKU-EA-02,Electronics-Accessories,18,0
2023-10-03,SKU-EA-02,Electronics-Accessories,23,0
2023-10-04,SKU-EA-02,Electronics-Accessories,18,0
2023-10-05,SKU-EA-02,Electronics-Accessories,8,0
2023-10-06,SKU-EA-02,Electronics-Accessories,1,0
2023-10-07,SKU-EA-02,Electronics-Accessories,41,0
2023-10-08,SKU-EA-02,Electronics-Accessories,18,0
2023-10-09,SKU-EA-02,Electronics-Accessories,36,0
2023-10-10,SKU-EA-02,Electronics-Accessories,10,0
2023-10-11,SKU-EA-02,Electronics-Accessories,25,1
2023-10-12,SKU-EA-02,Electronics-Accessories,10,0
2023-10-13,SKU-EA-02,Electronics-Accessories,39,0
2023-10-14,SKU-EA-02,Electronics-Accessories,61,0
2023-10-15,SKU-EA-02,Electronics-Accessories,29,0
2023-10-16,SKU-EA-02,Electronics-Accessories,11,0
2023-10-17,SKU-EA-02,Electronics-Accessories,46,0
2023-10-18,SKU-EA-02,Electronics-Accessories,192,1
2023-10-19,SKU-EA-02,Electronics-Accessories,7,0
2023-10-20,SKU-EA-02,Electronics-Accessories,133,0
2023-10-21,SKU-EA-02,Electronics-Accessories,24,0
2023-10-22,SKU-EA-02,Electronics-Accessories,40,0
2023-10-23,SKU-EA-02,Electronics-Accessories,9,0
2023-10-24,SKU-EA-02,Electronics-Accessories,28,0
2023-10-25,SKU-EA-02,Electronics-Accessories,31,0
2023-10-26,SKU-EA-02,Electronics-Accessories,30,0
2023-10-27,SKU-EA-02,Electronics-Accessories,32,0
2023-10-28,SKU-EA-02,Electronics-Accessories,75,0
2023-10-29,SKU-EA-02,Electronics-Accessories,72,0
2023-10-30,SKU-EA-02,Electronics-Accessories,24,0
2023-10-31,SKU-EA-02,Electronics-Accessories,5,0
2023-11-01,SKU-EA-02,Electronics-Accessories,0,0
2023-11-02,SKU-EA-02,Electronics-Accessories,5,0
2023-11-03,SKU-EA-02,Electronics-Accessories,22,0
2023-11-04,SKU-EA-02,Electronics-Accessories,19,0
2023-11-05,SKU-EA-02,Electronics-Accessories,64,0
2023-11-06,SKU-EA-02,Electronics-Accessories,59,0
2023-11-07,SKU-EA-02,Electronics-Accessories,63,0
2023-11-08,SKU-EA-02,Electronics-Accessories,58,0
2023-11-09,SKU-EA-02,Electronics-Accessories,40,0
2023-11-10,SKU-EA-02,Electronics-Accessories,27,0
2023-11-11,SKU-EA-02,Electronics-Accessories,333,1
2023-11-12,SKU-EA-02,Electronics-Accessories,24,0
2023-11-13,SKU-EA-02,Electronics-Accessories,61,0
2023-11-14,SKU-EA-02,Electronics-Accessories,33,0
2023-11-15,SKU-EA-02,Electronics-Accessories,56,0
2023-11-16,SKU-EA-02,Electronics-Accessories,26,0
2023-11-17,SKU-EA-02,Electronics-Accessories,105,0
2023-11-18,SKU-EA-02,Electronics-Accessories,81,0
2023-11-19,SKU-EA-02,Electronics-Accessories,18,0
2023-11-20,SKU-EA-02,Electronics-Accessories,55,0
2023-11-21,SKU-EA-02,Electronics-Accessories,30,0
2023-11-22,SKU-EA-02,Electronics-Accessories,4,0
2023-11-23,SKU-EA-02,Electronics-Accessories,69,0
2023-11-24,SKU-EA-02,Electronics-Accessories,50,0
2023-11-25,SKU-EA-02,Electronics-Accessories,16,0
2023-11-26,SKU-EA-02,Electronics-Accessories,29,0
2023-11-27,SKU-EA-02,Electronics-Accessories,23,0
2023-11-28,SKU-EA-02,Electronics-Accessories,42,0
2023-11-29,SKU-EA-02,Electronics-Accessories,17,0
2023-11-30,SKU-EA-02,Electronics-Accessories,42,0
2023-12-01,SKU-EA-02,Electronics-Accessories,61,0
2023-12-02,SKU-EA-02,Electronics-Accessories,63,0
2023-12-03,SKU-EA-02,Electronics-Accessories,19,0
2023-12-04,SKU-EA-02,Electronics-Accessories,107,0
2023-12-05,SKU-EA-02,Electronics-Accessories,63,0
2023-12-06,SKU-EA-02,Electronics-Accessories,46,0
2023-12-07,SKU-EA-02,Electronics-Accessories,60,0
2023-12-08,SKU-EA-02,Electronics-Accessories,17,0
2023-12-09,SKU-EA-02,Electronics-Accessories,55,0
2023-12-10,SKU-EA-02,Electronics-Accessories,100,0
2023-12-11,SKU-EA-02,Electronics-Accessories,27,0
2023-12-12,SKU-EA-02,Electronics-Accessories,3,0
2023-12-13,SKU-EA-02,Electronics-Accessories,25,0
2023-12-14,SKU-EA-02,Electronics-Accessories,27,0
2023-12-15,SKU-EA-02,Electronics-Accessories,18,0
2023-12-16,SKU-EA-02,Electronics-Accessories,44,0
2023-12-17,SKU-EA-02,Electronics-Accessories,25,0
2023-12-18,SKU-EA-02,Electronics-Accessories,10,0
2023-12-19,SKU-EA-02,Electronics-Accessories,21,0
2023-12-20,SKU-EA-02,Electronics-Accessories,13,0
2023-12-21,SKU-EA-02,Electronics-Accessories,25,0
2023-12-22,SKU-EA-02,Electronics-Accessories,38,0
2023-12-23,SKU-EA-02,Electronics-Accessories,213,0
2023-12-24,SKU-EA-02,Electronics-Accessories,175,0
2023-12-25,SKU-EA-02,Electronics-Accessories,58,0
2023-12-26,SKU-EA-02,Electronics-Accessories,69,0
2023-12-27,SKU-EA-02,Electronics-Accessories,102,0
2023-12-28,SKU-EA-02,Electronics-Accessories,44,0
2023-12-29,SKU-EA-02,Electronics-Accessories,70,0
2023-12-30,SKU-EA-02,Electronics-Accessories,17,0
2023-12-31,SKU-EA-02,Electronics-Accessories,72,0
2024-01-01,SKU-EA-02,Electronics-Accessories,8,0
2024-01-02,SKU-EA-02,Electronics-Accessories,78,0
2024-01-03,SKU-EA-02,Electronics-Accessories,4,0
2024-01-04,SKU-EA-02,Electronics-Accessories,23,0
2024-01-05,SKU-EA-02,Electronics-Accessories,31,0
2024-01-06,SKU-EA-02,Electronics-Accessories,51,0
2024-01-07,SKU-EA-02,Electronics-Accessories,36,0
2024-01-08,SKU-EA-02,Electronics-Accessories,48,0
2024-01-09,SKU-EA-02,Electronics-Accessories,23,0
2024-01-10,SKU-EA-02,Electronics-Accessories,62,0
2024-01-11,SKU-EA-02,Electronics-Accessories,149,0
2024-01-12,SKU-EA-02,Electronics-Accessories,74,0
2024-01-13,SKU-EA-02,Electronics-Accessories,17,0
2024-01-14,SKU-EA-02,Electronics-Accessories,39,0
2024-01-15,SKU-EA-02,Electronics-Accessories,8,0
2024-01-16,SKU-EA-02,Electronics-Accessories,22,0
2024-01-17,SKU-EA-02,Electronics-Accessories,13,0
2024-01-18,SKU-EA-02,Electronics-Accessories,66,0
2024-01-19,SKU-EA-02,Electronics-Accessories,82,0
2024-01-20,SKU-EA-02,Electronics-Accessories,18,0
2024-01-21,SKU-EA-02,Electronics-Accessories,50,0
2024-01-22,SKU-EA-02,Electronics-Accessories,30,0
2024-01-23,SKU-EA-02,Electronics-Accessories,4,0
2024-01-24,SKU-EA-02,Electronics-Accessories,6,0
2024-01-25,SKU-EA-02,Electronics-Accessories,18,0
2024-01-26,SKU-EA-02,Electronics-Accessories,36,0
2024-01-27,SKU-EA-02,Electronics-Accessories,30,0
2024-01-28,SKU-EA-02,Electronics-Accessories,15,0
2024-01-29,SKU-EA-02,Electronics-Accessories,18,0
2024-01-30,SKU-EA-02,Electronics-Accessories,17,0
2024-01-31,SKU-EA-02,Electronics-Accessories,1,0
2024-02-01,SKU-EA-02,Electronics-Accessories,22,0
2024-02-02,SKU-EA-02,Electronics-Accessories,36,0
2024-02-03,SKU-EA-02,Electronics-Accessories,88,0
2024-02-04,SKU-EA-02,Electronics-Accessories,25,0
2024-02-05,SKU-EA-02,Electronics-Accessories,21,0
2024-02-06,SKU-EA-02,Electronics-Accessories,29,0
2024-02-07,SKU-EA-02,Electronics-Accessories,1,0
2024-02-08,SKU-EA-02,Electronics-Accessories,11,0
2024-02-09,SKU-EA-02,Electronics-Accessories,8,0
2024-02-10,SKU-EA-02,Electronics-Accessories,32,0
2024-02-11,SKU-EA-02,Electronics-Accessories,10,0
2024-02-12,SKU-EA-02,Electronics-Accessories,16,0
2024-02-13,SKU-EA-02,Electronics-Accessories,7,0
2024-02-14,SKU-EA-02,Electronics-Accessories,45,0
2024-02-15,SKU-EA-02,Electronics-Accessories,14,0
2024-02-16,SKU-EA-02,Electronics-Accessories,13,1
2024-02-17,SKU-EA-02,Electronics-Accessories,13,0
2024-02-18,SKU-EA-02,Electronics-Accessories,34,0
2024-02-19,SKU-EA-02,Electronics-Accessories,40,0
2024-02-20,SKU-EA-02,Electronics-Accessories,24,0
2024-02-21,SKU-EA-02,Electronics-Accessories,16,0
2024-02-22,SKU-EA-02,Electronics-Accessories,10,0
2024-02-23,SKU-EA-02,Electronics-Accessories,141,1
2024-02-24,SKU-EA-02,Electronics-Accessories,38,0
2024-02-25,SKU-EA-02,Electronics-Accessories,13,0
2024-02-26,SKU-EA-02,Electronics-Accessories,44,0
2024-02-27,SKU-EA-02,Electronics-Accessories,31,0
2024-02-28,SKU-EA-02,Electronics-Accessories,7,0
2024-02-29,SKU-EA-02,Electronics-Accessories,28,0
2024-03-01,SKU-EA-02,Electronics-Accessories,8,0
2024-03-02,SKU-EA-02,Electronics-Accessories,55,0
2024-03-03,SKU-EA-02,Electronics-Accessories,5,0
2024-03-04,SKU-EA-02,Electronics-Accessories,8,0
2024-03-05,SKU-EA-02,Electronics-Accessories,21,0
2024-03-06,SKU-EA-02,Electronics-Accessories,17,0
2024-03-07,SKU-EA-02,Electronics-Accessories,75,0
2024-03-08,SKU-EA-02,Electronics-Accessories,35,0
2024-03-09,SKU-EA-02,Electronics-Accessories,117,0
2024-03-10,SKU-EA-02,Electronics-Accessories,5,0
2024-03-11,SKU-EA-02,Electronics-Accessories,7,0
2024-03-12,SKU-EA-02,Electronics-Accessories,2,0
2024-03-13,SKU-EA-02,Electronics-Accessories,25,0
2024-03-14,SKU-EA-02,Electronics-Accessories,15,0
2024-03-15,SKU-EA-02,Electronics-Accessories,76,1
2024-03-16,SKU-EA-02,Electronics-Accessories,26,0
2024-03-17,SKU-EA-02,Electronics-Accessories,43,0
2024-03-18,SKU-EA-02,Electronics-Accessories,23,0
2024-03-19,SKU-EA-02,Electronics-Accessories,8,0
2024-03-20,SKU-EA-02,Electronics-Accessories,6,0
2024-03-21,SKU-EA-02,Electronics-Accessories,4,0
2024-03-22,SKU-EA-02,Electronics-Accessories,15,0
2024-03-23,SKU-EA-02,Electronics-Accessories,10,0
2024-03-24,SKU-EA-02,Electronics-Accessories,4,0
2024-03-25,SKU-EA-02,Electronics-Accessories,11,0
2024-03-26,SKU-EA-02,Electronics-Accessories,24,0
2024-03-27,SKU-EA-02,Electronics-Accessories,22,0
2024-03-28,SKU-EA-02,Electronics-Accessories,7,0
2024-03-29,SKU-EA-02,Electronics-Accessories,19,0
2024-03-30,SKU-EA-02,Electronics-Accessories,27,0
2024-03-31,SKU-EA-02,Electronics-Accessories,60,0
2024-04-01,SKU-EA-02,Electronics-Accessories,11,0
2024-04-02,SKU-EA-02,Electronics-Accessories,42,0
2024-04-03,SKU-EA-02,Electronics-Accessories,6,0
2024-04-04,SKU-EA-02,Electronics-Accessories,12,0
2024-04-05,SKU-EA-02,Electronics-Accessories,4,0
2024-04-06,SKU-EA-02,Electronics-Accessories,0,0
2024-04-07,SKU-EA-02,Electronics-Accessories,38,0
2024-04-08,SKU-EA-02,Electronics-Accessories,3,0
2024-04-09,SKU-EA-02,Electronics-Accessories,9,0
2024-04-10,SKU-EA-02,Electronics-Accessories,25,1
2024-04-11,SKU-EA-02,Electronics-Accessories,29,0
2024-04-12,SKU-EA-02,Electronics-Accessories,23,0
2024-04-13,SKU-EA-02,Electronics-Accessories,88,0
2024-04-14,SKU-EA-02,Electronics-Accessories,21,0
2024-04-15,SKU-EA-02,Electronics-Accessories,24,0
2024-04-16,SKU-EA-02,Electronics-Accessories,60,0
2024-04-17,SKU-EA-02,Electronics-Accessories,7,0
2024-04-18,SKU-EA-02,Electronics-Accessories,21,0
2024-04-19,SKU-EA-02,Electronics-Accessories,39,0
2024-04-20,SKU-EA-02,Electronics-Accessories,2,0
2024-04-21,SKU-EA-02,Electronics-Accessories,74,0
2024-04-22,SKU-EA-02,Electronics-Accessories,13,0
2024-04-23,SKU-EA-02,Electronics-Accessories,16,0
2024-04-24,SKU-EA-02,Electronics-Accessories,17,0
2024-04-25,SKU-EA-02,Electronics-Accessories,51,0
2024-04-26,SKU-EA-02,Electronics-Accessories,70,0
2024-04-27,SKU-EA-02,Electronics-Accessories,4,0
2024-04-28,SKU-EA-02,Electronics-Accessories,107,0
2024-04-29,SKU-EA-02,Electronics-Accessories,28,0
2024-04-30,SKU-EA-02,Electronics-Accessories,13,0
2024-05-01,SKU-EA-02,Electronics-Accessories,18,0
2024-05-02,SKU-EA-02,Electronics-Accessories,10,0
2024-05-03,SKU-EA-02,Electronics-Accessories,24,0
2024-05-04,SKU-EA-02,Electronics-Accessories,62,0
2024-05-05,SKU-EA-02,Electronics-Accessories,31,0
2024-05-06,SKU-EA-02,Electronics-Accessories,7,0
2024-05-07,SKU-EA-02,Electronics-Accessories,12,0
2024-05-08,SKU-EA-02,Electronics-Accessories,48,0
2024-05-09,SKU-EA-02,Electronics-Accessories,12,0
2024-05-10,SKU-EA-02,Electronics-Accessories,20,0
2024-05-11,SKU-EA-02,Electronics-Accessories,27,0
2024-05-12,SKU-EA-02,Electronics-Accessories,20,0
2024-05-13,SKU-EA-02,Electronics-Accessories,3,0
2024-05-14,SKU-EA-02,Electronics-Accessories,12,0
2024-05-15,SKU-EA-02,Electronics-Accessories,8,0
2024-05-16,SKU-EA-02,Electronics-Accessories,18,0
2024-05-17,SKU-EA-02,Electronics-Accessories,3,0
2024-05-18,SKU-EA-02,Electronics-Accessories,121,0
2024-05-19,SKU-EA-02,Electronics-Accessories,14,0
2024-05-20,SKU-EA-02,Electronics-Accessories,57,0
2024-05-21,SKU-EA-02,Electronics-Accessories,11,0
2024-05-22,SKU-EA-02,Electronics-Accessories,2,0
2024-05-23,SKU-EA-02,Electronics-Accessories,1,0
2024-05-24,SKU-EA-02,Electronics-Accessories,23,0
2024-05-25,SKU-EA-02,Electronics-Accessories,34,0
2024-05-26,SKU-EA-02,Electronics-Accessories,17,0
2024-05-27,SKU-EA-02,Electronics-Accessories,7,0
2024-05-28,SKU-EA-02,Electronics-Accessories,8,0
2024-05-29,SKU-EA-02,Electronics-Accessories,10,0
2024-05-30,SKU-EA-02,Electronics-Accessories,24,0
2024-05-31,SKU-EA-02,Electronics-Accessories,20,0
2024-06-01,SKU-EA-02,Electronics-Accessories,20,0
2024-06-02,SKU-EA-02,Electronics-Accessories,55,0
2024-06-03,SKU-EA-02,Electronics-Accessories,13,0
2024-06-04,SKU-EA-02,Electronics-Accessories,24,0
2024-06-05,SKU-EA-02,Electronics-Accessories,18,0
2024-06-06,SKU-EA-02,Electronics-Accessories,25,0
2024-06-07,SKU-EA-02,Electronics-Accessories,31,0
2024-06-08,SKU-EA-02,Electronics-Accessories,73,0
2024-06-09,SKU-EA-02,Electronics-Accessories,56,0
2024-06-10,SKU-EA-02,Electronics-Accessories,9,0
2024-06-11,SKU-EA-02,Electronics-Accessories,12,0
2024-06-12,SKU-EA-02,Electronics-Accessories,23,0
2024-06-13,SKU-EA-02,Electronics-Accessories,18,0
2024-06-14,SKU-EA-02,Electronics-Accessories,24,0
2024-06-15,SKU-EA-02,Electronics-Accessories,29,0
2024-06-16,SKU-EA-02,Electronics-Accessories,13,0
2024-06-17,SKU-EA-02,Electronics-Accessories,4,0
2024-06-18,SKU-EA-02,Electronics-Accessories,7,0
2024-06-19,SKU-EA-02,Electronics-Accessories,24,0
2024-06-20,SKU-EA-02,Electronics-Accessories,15,0
2024-06-21,SKU-EA-02,Electronics-Accessories,14,0
2024-06-22,SKU-EA-02,Electronics-Accessories,65,0
2024-06-23,SKU-EA-02,Electronics-Accessories,15,0
2024-06-24,SKU-EA-02,Electronics-Accessories,14,0
2024-06-25,SKU-EA-02,Electronics-Accessories,6,0
2024-06-26,SKU-EA-02,Electronics-Accessories,3,0
2024-06-27,SKU-EA-02,Electronics-Accessories,2,0
2024-06-28,SKU-EA-02,Electronics-Accessories,26,0
2024-06-29,SKU-EA-02,Electronics-Accessories,21,0
2024-06-30,SKU-EA-02,Electronics-Accessories,14,0
2024-07-01,SKU-EA-02,Electronics-Accessories,29,0
2024-07-02,SKU-EA-02,Electronics-Accessories,9,0
2024-07-03,SKU-EA-02,Electronics-Accessories,24,0
2024-07-04,SKU-EA-02,Electronics-Accessories,22,0
2024-07-05,SKU-EA-02,Electronics-Accessories,43,0
2024-07-06,SKU-EA-02,Electronics-Accessories,32,0
2024-07-07,SKU-EA-02,Electronics-Accessories,3,0
2024-07-08,SKU-EA-02,Electronics-Accessories,10,0
2024-07-09,SKU-EA-02,Electronics-Accessories,4,0
2024-07-10,SKU-EA-02,Electronics-Accessories,16,0
2024-07-11,SKU-EA-02,Electronics-Accessories,38,1
2024-07-12,SKU-EA-02,Electronics-Accessories,7,0
2024-07-13,SKU-EA-02,Electronics-Accessories,33,0
2024-07-14,SKU-EA-02,Electronics-Accessories,6,0
2024-07-15,SKU-EA-02,Electronics-Accessories,23,0
2024-07-16,SKU-EA-02,Electronics-Accessories,13,0
2024-07-17,SKU-EA-02,Electronics-Accessories,32,0
2024-07-18,SKU-EA-02,Electronics-Accessories,21,0
2024-07-19,SKU-EA-02,Electronics-Accessories,13,0
2024-07-20,SKU-EA-02,Electronics-Accessories,16,0
2024-07-21,SKU-EA-02,Electronics-Accessories,80,0
2024-07-22,SKU-EA-02,Electronics-Accessories,21,0
2024-07-23,SKU-EA-02,Electronics-Accessories,8,0
2024-07-24,SKU-EA-02,Electronics-Accessories,43,1
2024-07-25,SKU-EA-02,Electronics-Accessories,18,0
2024-07-26,SKU-EA-02,Electronics-Accessories,29,0
2024-07-27,SKU-EA-02,Electronics-Accessories,8,0
2024-07-28,SKU-EA-02,Electronics-Accessories,16,0
2024-07-29,SKU-EA-02,Electronics-Accessories,39,0
2024-07-30,SKU-EA-02,Electronics-Accessories,25,0
2024-07-31,SKU-EA-02,Electronics-Accessories,5,0
2024-08-01,SKU-EA-02,Electronics-Accessories,20,0
2024-08-02,SKU-EA-02,Electronics-Accessories,44,0
2024-08-03,SKU-EA-02,Electronics-Accessories,60,0
2024-08-04,SKU-EA-02,Electronics-Accessories,26,0
2024-08-05,SKU-EA-02,Electronics-Accessories,35,0
2024-08-06,SKU-EA-02,Electronics-Accessories,11,0
2024-08-07,SKU-EA-02,Electronics-Accessories,47,0
2024-08-08,SKU-EA-02,Electronics-Accessories,35,0
2024-08-09,SKU-EA-02,Electronics-Accessories,42,0
2024-08-10,SKU-EA-02,Electronics-Accessories,37,0
2024-08-11,SKU-EA-02,Electronics-Accessories,48,0
2024-08-12,SKU-EA-02,Electronics-Accessories,27,0
2024-08-13,SKU-EA-02,Electronics-Accessories,6,0
2024-08-14,SKU-EA-02,Electronics-Accessories,9,0
2024-08-15,SKU-EA-02,Electronics-Accessories,24,0
2024-08-16,SKU-EA-02,Electronics-Accessories,65,0
2024-08-17,SKU-EA-02,Electronics-Accessories,67,0
2024-08-18,SKU-EA-02,Electronics-Accessories,53,0
2024-08-19,SKU-EA-02,Electronics-Accessories,2,0
2024-08-20,SKU-EA-02,Electronics-Accessories,20,0
2024-08-21,SKU-EA-02,Electronics-Accessories,19,0
2024-08-22,SKU-EA-02,Electronics-Accessories,23,0
2024-08-23,SKU-EA-02,Electronics-Accessories,4,0
2024-08-24,SKU-EA-02,Electronics-Accessories,40,0
2024-08-25,SKU-EA-02,Electronics-Accessories,23,0
2024-08-26,SKU-EA-02,Electronics-Accessories,1,0
2024-08-27,SKU-EA-02,Electronics-Accessories,19,0
2024-08-28,SKU-EA-02,Electronics-Accessories,34,0
2024-08-29,SKU-EA-02,Electronics-Accessories,10,0
2024-08-30,SKU-EA-02,Electronics-Accessories,7,0
2024-08-31,SKU-EA-02,Electronics-Accessories,105,0
2024-09-01,SKU-EA-02,Electronics-Accessories,28,0
2024-09-02,SKU-EA-02,Electronics-Accessories,18,0
2024-09-03,SKU-EA-02,Electronics-Accessories,22,0
2024-09-04,SKU-EA-02,Electronics-Accessories,32,0
2024-09-05,SKU-EA-02,Electronics-Accessories,22,0
2024-09-06,SKU-EA-02,Electronics-Accessories,69,0
2024-09-07,SKU-EA-02,Electronics-Accessories,38,1
2024-09-08,SKU-EA-02,Electronics-Accessories,56,0
2024-09-09,SKU-EA-02,Electronics-Accessories,2,0
2024-09-10,SKU-EA-02,Electronics-Accessories,22,0
2024-09-11,SKU-EA-02,Electronics-Accessories,19,0
2024-09-12,SKU-EA-02,Electronics-Accessories,55,0
2024-09-13,SKU-EA-02,Electronics-Accessories,25,0
2024-09-14,SKU-EA-02,Electronics-Accessories,6,0
2024-09-15,SKU-EA-02,Electronics-Accessories,17,0
2024-09-16,SKU-EA-02,Electronics-Accessories,18,0
2024-09-17,SKU-EA-02,Electronics-Accessories,8,0
2024-09-18,SKU-EA-02,Electronics-Accessories,14,0
2024-09-19,SKU-EA-02,Electronics-Accessories,17,0
2024-09-20,SKU-EA-02,Electronics-Accessories,40,0
2024-09-21,SKU-EA-02,Electronics-Accessories,40,0
2024-09-22,SKU-EA-02,Electronics-Accessories,51,0
2024-09-23,SKU-EA-02,Electronics-Accessories,2,0
2024-09-24,SKU-EA-02,Electronics-Accessories,18,0
2024-09-25,SKU-EA-02,Electronics-Accessories,59,0
2024-09-26,SKU-EA-02,Electronics-Accessories,31,0
2024-09-27,SKU-EA-02,Electronics-Accessories,39,0
2024-09-28,SKU-EA-02,Electronics-Accessories,9,0
2024-09-29,SKU-EA-02,Electronics-Accessories,29,0
2024-09-30,SKU-EA-02,Electronics-Accessories,21,0
2024-10-01,SKU-EA-02,Electronics-Accessories,23,0
2024-10-02,SKU-EA-02,Electronics-Accessories,32,0
2024-10-03,SKU-EA-02,Electronics-Accessories,42,0
2024-10-04,SKU-EA-02,Electronics-Accessories,37,0
2024-10-05,SKU-EA-02,Electronics-Accessories,52,0
2024-10-06,SKU-EA-02,Electronics-Accessories,88,0
2024-10-07,SKU-EA-02,Electronics-Accessories,24,0
2024-10-08,SKU-EA-02,Electronics-Accessories,15,0
2024-10-09,SKU-EA-02,Electronics-Accessories,29,0
2024-10-10,SKU-EA-02,Electronics-Accessories,28,0
2024-10-11,SKU-EA-02,Electronics-Accessories,14,0
2024-10-12,SKU-EA-02,Electronics-Accessories,54,0
2024-10-13,SKU-EA-02,Electronics-Accessories,47,0
2024-10-14,SKU-EA-02,Electronics-Accessories,44,1
2024-10-15,SKU-EA-02,Electronics-Accessories,26,0
2024-10-16,SKU-EA-02,Electronics-Accessories,20,0
2024-10-17,SKU-EA-02,Electronics-Accessories,12,0
2024-10-18,SKU-EA-02,Electronics-Accessories,29,0
2024-10-19,SKU-EA-02,Electronics-Accessories,20,0
2024-10-20,SKU-EA-02,Electronics-Accessories,75,0
2024-10-21,SKU-EA-02,Electronics-Accessories,16,0
2024-10-22,SKU-EA-02,Electronics-Accessories,53,0
2024-10-23,SKU-EA-02,Electronics-Accessories,34,0
2024-10-24,SKU-EA-02,Electronics-Accessories,36,0
2024-10-25,SKU-EA-02,Electronics-Accessories,31,0
2024-10-26,SKU-EA-02,Electronics-Accessories,10,0
2024-10-27,SKU-EA-02,Electronics-Accessories,158,0
2024-10-28,SKU-EA-02,Electronics-Accessories,27,0
2024-10-29,SKU-EA-02,Electronics-Accessories,26,0
2024-10-30,SKU-EA-02,Electronics-Accessories,16,0
2024-10-31,SKU-EA-02,Electronics-Accessories,158,1
2024-11-01,SKU-EA-02,Electronics-Accessories,46,0
2024-11-02,SKU-EA-02,Electronics-Accessories,166,0
2024-11-03,SKU-EA-02,Electronics-Accessories,4,0
2024-11-04,SKU-EA-02,Electronics-Accessories,27,0
2024-11-05,SKU-EA-02,Electronics-Accessories,43,0
2024-11-06,SKU-EA-02,Electronics-Accessories,56,0
2024-11-07,SKU-EA-02,Electronics-Accessories,64,0
2024-11-08,SKU-EA-02,Electronics-Accessories,141,0
2024-11-09,SKU-EA-02,Electronics-Accessories,53,0
2024-11-10,SKU-EA-02,Electronics-Accessories,74,0
2024-11-11,SKU-EA-02,Electronics-Accessories,38,0
2024-11-12,SKU-EA-02,Electronics-Accessories,10,0
2024-11-13,SKU-EA-02,Electronics-Accessories,49,0
2024-11-14,SKU-EA-02,Electronics-Accessories,57,0
2024-11-15,SKU-EA-02,Electronics-Accessories,56,0
2024-11-16,SKU-EA-02,Electronics-Accessories,112,0
2024-11-17,SKU-EA-02,Electronics-Accessories,32,0
2024-11-18,SKU-EA-02,Electronics-Accessories,33,0
2024-11-19,SKU-EA-02,Electronics-Accessories,82,0
2024-11-20,SKU-EA-02,Electronics-Accessories,84,0
2024-11-21,SKU-EA-02,Electronics-Accessories,40,0
2024-11-22,SKU-EA-02,Electronics-Accessories,36,0
2024-11-23,SKU-EA-02,Electronics-Accessories,100,0
2024-11-24,SKU-EA-02,Electronics-Accessories,70,0
2024-11-25,SKU-EA-02,Electronics-Accessories,85,1
2024-11-26,SKU-EA-02,Electronics-Accessories,25,0
2024-11-27,SKU-EA-02,Electronics-Accessories,32,0
2024-11-28,SKU-EA-02,Electronics-Accessories,43,0
2024-11-29,SKU-EA-02,Electronics-Accessories,42,0
2024-11-30,SKU-EA-02,Electronics-Accessories,238,1
2024-12-01,SKU-EA-02,Electronics-Accessories,65,0
2024-12-02,SKU-EA-02,Electronics-Accessories,79,0
2024-12-03,SKU-EA-02,Electronics-Accessories,14,0
2024-12-04,SKU-EA-02,Electronics-Accessories,30,0
2024-12-05,SKU-EA-02,Electronics-Accessories,108,0
2024-12-06,SKU-EA-02,Electronics-Accessories,7,0
2024-12-07,SKU-EA-02,Electronics-Accessories,263,0
2024-12-08,SKU-EA-02,Electronics-Accessories,83,0
2024-12-09,SKU-EA-02,Electronics-Accessories,19,0
2024-12-10,SKU-EA-02,Electronics-Accessories,26,0
2024-12-11,SKU-EA-02,Electronics-Accessories,28,0
2024-12-12,SKU-EA-02,Electronics-Accessories,28,0
2024-12-13,SKU-EA-02,Electronics-Accessories,66,0
2024-12-14,SKU-EA-02,Electronics-Accessories,100,0
2024-12-15,SKU-EA-02,Electronics-Accessories,21,0
2024-12-16,SKU-EA-02,Electronics-Accessories,5,0
2024-12-17,SKU-EA-02,Electronics-Accessories,35,0
2024-12-18,SKU-EA-02,Electronics-Accessories,34,0
2024-12-19,SKU-EA-02,Electronics-Accessories,2,0
2024-12-20,SKU-EA-02,Electronics-Accessories,49,0
2024-12-21,SKU-EA-02,Electronics-Accessories,123,0
2024-12-22,SKU-EA-02,Electronics-Accessories,44,0
2024-12-23,SKU-EA-02,Electronics-Accessories,28,0
2024-12-24,SKU-EA-02,Electronics-Accessories,7,0
2024-12-25,SKU-EA-02,Electronics-Accessories,147,1
2024-12-26,SKU-EA-02,Electronics-Accessories,32,0
2024-12-27,SKU-EA-02,Electronics-Accessories,132,0
2024-12-28,SKU-EA-02,Electronics-Accessories,138,0
2024-12-29,SKU-EA-02,Electronics-Accessories,79,0
2024-12-30,SKU-EA-02,Electronics-Accessories,106,0
2024-12-31,SKU-EA-02,Electronics-Accessories,16,0
2025-01-01,SKU-EA-02,Electronics-Accessories,40,0
2025-01-02,SKU-EA-02,Electronics-Accessories,14,0
2025-01-03,SKU-EA-02,Electronics-Accessories,90,0
2025-01-04,SKU-EA-02,Electronics-Accessories,28,0
2025-01-05,SKU-EA-02,Electronics-Accessories,56,0
2025-01-06,SKU-EA-02,Electronics-Accessories,95,0
2025-01-07,SKU-EA-02,Electronics-Accessories,30,0
2025-01-08,SKU-EA-02,Electronics-Accessories,20,0
2025-01-09,SKU-EA-02,Electronics-Accessories,22,0
2025-01-10,SKU-EA-02,Electronics-Accessories,37,0
2025-01-11,SKU-EA-02,Electronics-Accessories,24,0
2025-01-12,SKU-EA-02,Electronics-Accessories,35,0
2025-01-13,SKU-EA-02,Electronics-Accessories,31,0
2025-01-14,SKU-EA-02,Electronics-Accessories,0,0
2025-01-15,SKU-EA-02,Electronics-Accessories,81,0
2025-01-16,SKU-EA-02,Electronics-Accessories,19,0
2025-01-17,SKU-EA-02,Electronics-Accessories,83,0
2025-01-18,SKU-EA-02,Electronics-Accessories,62,0
2025-01-19,SKU-EA-02,Electronics-Accessories,37,0
2025-01-20,SKU-EA-02,Electronics-Accessories,51,0
2025-01-21,SKU-EA-02,Electronics-Accessories,45,0
2025-01-22,SKU-EA-02,Electronics-Accessories,21,0
2025-01-23,SKU-EA-02,Electronics-Accessories,7,0
2025-01-24,SKU-EA-02,Electronics-Accessories,41,0
2025-01-25,SKU-EA-02,Electronics-Accessories,83,0
2025-01-26,SKU-EA-02,Electronics-Accessories,76,0
2025-01-27,SKU-EA-02,Electronics-Accessories,5,0
2025-01-28,SKU-EA-02,Electronics-Accessories,33,0
2025-01-29,SKU-EA-02,Electronics-Accessories,37,0
2025-01-30,SKU-EA-02,Electronics-Accessories,41,0
2025-01-31,SKU-EA-02,Electronics-Accessories,41,0
2025-02-01,SKU-EA-02,Electronics-Accessories,19,0
2025-02-02,SKU-EA-02,Electronics-Accessories,72,0
2025-02-03,SKU-EA-02,Electronics-Accessories,86,0
2025-02-04,SKU-EA-02,Electronics-Accessories,20,0
2025-02-05,SKU-EA-02,Electronics-Accessories,10,0
2025-02-06,SKU-EA-02,Electronics-Accessories,32,0
2025-02-07,SKU-EA-02,Electronics-Accessories,6,0
2025-02-08,SKU-EA-02,Electronics-Accessories,22,0
2025-02-09,SKU-EA-02,Electronics-Accessories,66,1
2025-02-10,SKU-EA-02,Electronics-Accessories,19,0
2025-02-11,SKU-EA-02,Electronics-Accessories,21,0
2025-02-12,SKU-EA-02,Electronics-Accessories,15,0
2025-02-13,SKU-EA-02,Electronics-Accessories,40,1
2025-02-14,SKU-EA-02,Electronics-Accessories,32,0
2025-02-15,SKU-EA-02,Electronics-Accessories,76,0
2025-02-16,SKU-EA-02,Electronics-Accessories,50,0
2025-02-17,SKU-EA-02,Electronics-Accessories,29,0
2025-02-18,SKU-EA-02,Electronics-Accessories,10,0
2025-02-19,SKU-EA-02,Electronics-Accessories,26,0
2025-02-20,SKU-EA-02,Electronics-Accessories,25,0
2025-02-21,SKU-EA-02,Electronics-Accessories,22,0
2025-02-22,SKU-EA-02,Electronics-Accessories,21,0
2025-02-23,SKU-EA-02,Electronics-Accessories,6,0
2025-02-24,SKU-EA-02,Electronics-Accessories,2,0
2025-02-25,SKU-EA-02,Electronics-Accessories,24,0
2025-02-26,SKU-EA-02,Electronics-Accessories,5,0
2025-02-27,SKU-EA-02,Electronics-Accessories,40,0
2025-02-28,SKU-EA-02,Electronics-Accessories,39,0
2025-03-01,SKU-EA-02,Electronics-Accessories,62,1
2025-03-02,SKU-EA-02,Electronics-Accessories,65,1
2025-03-03,SKU-EA-02,Electronics-Accessories,16,1
2025-03-04,SKU-EA-02,Electronics-Accessories,2,0
2025-03-05,SKU-EA-02,Electronics-Accessories,37,0
2025-03-06,SKU-EA-02,Electronics-Accessories,29,0
2025-03-07,SKU-EA-02,Electronics-Accessories,10,0
2025-03-08,SKU-EA-02,Electronics-Accessories,18,0
2025-03-09,SKU-EA-02,Electronics-Accessories,61,0
2025-03-10,SKU-EA-02,Electronics-Accessories,1,0
2025-03-11,SKU-EA-02,Electronics-Accessories,22,0
2025-03-12,SKU-EA-02,Electronics-Accessories,40,1
2025-03-13,SKU-EA-02,Electronics-Accessories,3,0
2025-03-14,SKU-EA-02,Electronics-Accessories,23,1
2025-03-15,SKU-EA-02,Electronics-Accessories,71,0
2025-03-16,SKU-EA-02,Electronics-Accessories,2,0
2025-03-17,SKU-EA-02,Electronics-Accessories,20,0
2025-03-18,SKU-EA-02,Electronics-Accessories,5,0
2025-03-19,SKU-EA-02,Electronics-Accessories,27,0
2025-03-20,SKU-EA-02,Electronics-Accessories,25,0
2025-03-21,SKU-EA-02,Electronics-Accessories,28,0
2025-03-22,SKU-EA-02,Electronics-Accessories,45,0
2025-03-23,SKU-EA-02,Electronics-Accessories,100,0
2025-03-24,SKU-EA-02,Electronics-Accessories,8,0
2025-03-25,SKU-EA-02,Electronics-Accessories,17,0
2025-03-26,SKU-EA-02,Electronics-Accessories,15,0
2025-03-27,SKU-EA-02,Electronics-Accessories,19,0
2025-03-28,SKU-EA-02,Electronics-Accessories,115,1
2025-03-29,SKU-EA-02,Electronics-Accessories,8,0
2025-03-30,SKU-EA-02,Electronics-Accessories,129,0
2025-03-31,SKU-EA-02,Electronics-Accessories,29,0
2025-04-01,SKU-EA-02,Electronics-Accessories,9,0
2025-04-02,SKU-EA-02,Electronics-Accessories,25,0
2025-04-03,SKU-EA-02,Electronics-Accessories,13,0
2025-04-04,SKU-EA-02,Electronics-Accessories,6,0
2025-04-05,SKU-EA-02,Electronics-Accessories,85,0
2025-04-06,SKU-EA-02,Electronics-Accessories,111,1
2025-04-07,SKU-EA-02,Electronics-Accessories,26,0
2025-04-08,SKU-EA-02,Electronics-Accessories,53,0
2025-04-09,SKU-EA-02,Electronics-Accessories,41,0
2025-04-10,SKU-EA-02,Electronics-Accessories,17,0
2025-04-11,SKU-EA-02,Electronics-Accessories,18,0
2025-04-12,SKU-EA-02,Electronics-Accessories,6,0
2025-04-13,SKU-EA-02,Electronics-Accessories,6,0
2025-04-14,SKU-EA-02,Electronics-Accessories,14,0
2025-04-15,SKU-EA-02,Electronics-Accessories,17,0
2025-04-16,SKU-EA-02,Electronics-Accessories,17,0
2025-04-17,SKU-EA-02,Electronics-Accessories,20,0
2025-04-18,SKU-EA-02,Electronics-Accessories,31,0
2025-04-19,SKU-EA-02,Electronics-Accessories,45,0
2025-04-20,SKU-EA-02,Electronics-Accessories,72,0
2025-04-21,SKU-EA-02,Electronics-Accessories,13,0
2025-04-22,SKU-EA-02,Electronics-Accessories,26,0
2025-04-23,SKU-EA-02,Electronics-Accessories,2,0
2025-04-24,SKU-EA-02,Electronics-Accessories,12,0
2025-04-25,SKU-EA-02,Electronics-Accessories,40,0
2025-04-26,SKU-EA-02,Electronics-Accessories,39,0
2025-04-27,SKU-EA-02,Electronics-Accessories,8,0
2025-04-28,SKU-EA-02,Electronics-Accessories,17,0
2025-04-29,SKU-EA-02,Electronics-Accessories,54,0
2025-04-30,SKU-EA-02,Electronics-Accessories,29,0
2025-05-01,SKU-EA-02,Electronics-Accessories,60,0
2025-05-02,SKU-EA-02,Electronics-Accessories,37,0
2025-05-03,SKU-EA-02,Electronics-Accessories,56,0
2025-05-04,SKU-EA-02,Electronics-Accessories,27,0
2025-05-05,SKU-EA-02,Electronics-Accessories,9,0
2025-05-06,SKU-EA-02,Electronics-Accessories,18,0
2025-05-07,SKU-EA-02,Electronics-Accessories,14,0
2025-05-08,SKU-EA-02,Electronics-Accessories,4,0
2025-05-09,SKU-EA-02,Electronics-Accessories,15,0
2025-05-10,SKU-EA-02,Electronics-Accessories,21,0
2025-05-11,SKU-EA-02,Electronics-Accessories,66,0
2025-05-12,SKU-EA-02,Electronics-Accessories,53,0
2025-05-13,SKU-EA-02,Electronics-Accessories,30,0
2025-05-14,SKU-EA-02,Electronics-Accessories,22,0
2025-05-15,SKU-EA-02,Electronics-Accessories,44,0
2025-05-16,SKU-EA-02,Electronics-Accessories,70,0
2025-05-17,SKU-EA-02,Electronics-Accessories,5,0
2025-05-18,SKU-EA-02,Electronics-Accessories,6,0
2025-05-19,SKU-EA-02,Electronics-Accessories,37,0
2025-05-20,SKU-EA-02,Electronics-Accessories,9,0
2025-05-21,SKU-EA-02,Electronics-Accessories,29,0
2025-05-22,SKU-EA-02,Electronics-Accessories,50,0
2025-05-23,SKU-EA-02,Electronics-Accessories,9,0
2025-05-24,SKU-EA-02,Electronics-Accessories,35,0
2025-05-25,SKU-EA-02,Electronics-Accessories,14,0
2025-05-26,SKU-EA-02,Electronics-Accessories,26,0
2025-05-27,SKU-EA-02,Electronics-Accessories,12,0
2025-05-28,SKU-EA-02,Electronics-Accessories,48,0
2025-05-29,SKU-EA-02,Electronics-Accessories,13,0
2025-05-30,SKU-EA-02,Electronics-Accessories,5,0
2025-05-31,SKU-EA-02,Electronics-Accessories,9,0
2025-06-01,SKU-EA-02,Electronics-Accessories,45,0
2025-06-02,SKU-EA-02,Electronics-Accessories,6,0
2025-06-03,SKU-EA-02,Electronics-Accessories,16,0
2025-06-04,SKU-EA-02,Electronics-Accessories,34,1
2025-06-05,SKU-EA-02,Electronics-Accessories,3,0
2025-06-06,SKU-EA-02,Electronics-Accessories,37,0
2025-06-07,SKU-EA-02,Electronics-Accessories,20,0
2025-06-08,SKU-EA-02,Electronics-Accessories,63,1
2025-06-09,SKU-EA-02,Electronics-Accessories,10,0
2025-06-10,SKU-EA-02,Electronics-Accessories,24,0
2025-06-11,SKU-EA-02,Electronics-Accessories,51,0
2025-06-12,SKU-EA-02,Electronics-Accessories,48,0
2025-06-13,SKU-EA-02,Electronics-Accessories,49,0
2025-06-14,SKU-EA-02,Electronics-Accessories,28,0
2025-06-15,SKU-EA-02,Electronics-Accessories,48,0
2025-06-16,SKU-EA-02,Electronics-Accessories,21,0
2025-06-17,SKU-EA-02,Electronics-Accessories,9,0
2025-06-18,SKU-EA-02,Electronics-Accessories,22,0
2025-06-19,SKU-EA-02,Electronics-Accessories,6,0
2025-06-20,SKU-EA-02,Electronics-Accessories,21,0
2025-06-21,SKU-EA-02,Electronics-Accessories,90,0
2025-06-22,SKU-EA-02,Electronics-Accessories,41,0
2025-06-23,SKU-EA-02,Electronics-Accessories,55,0
2025-06-24,SKU-EA-02,Electronics-Accessories,4,0
2025-06-25,SKU-EA-02,Electronics-Accessories,11,0
2025-06-26,SKU-EA-02,Electronics-Accessories,18,0
2025-06-27,SKU-EA-02,Electronics-Accessories,41,0
2025-06-28,SKU-EA-02,Electronics-Accessories,19,0
2025-06-29,SKU-EA-02,Electronics-Accessories,26,0
2025-06-30,SKU-EA-02,Electronics-Accessories,4,0
2025-07-01,SKU-EA-02,Electronics-Accessories,2,0
2023-01-01,SKU-EA-03,Electronics-Accessories,9,0
2023-01-02,SKU-EA-03,Electronics-Accessories,37,0
2023-01-03,SKU-EA-03,Electronics-Accessories,23,0
2023-01-04,SKU-EA-03,Electronics-Accessories,30,0
2023-01-05,SKU-EA-03,Electronics-Accessories,31,0
2023-01-06,SKU-EA-03,Electronics-Accessories,35,0
2023-01-07,SKU-EA-03,Electronics-Accessories,75,0
2023-01-08,SKU-EA-03,Electronics-Accessories,29,0
2023-01-09,SKU-EA-03,Electronics-Accessories,15,0
2023-01-10,SKU-EA-03,Electronics-Accessories,18,0
2023-01-11,SKU-EA-03,Electronics-Accessories,20,0
2023-01-12,SKU-EA-03,Electronics-Accessories,49,0
2023-01-13,SKU-EA-03,Electronics-Accessories,70,0
2023-01-14,SKU-EA-03,Electronics-Accessories,33,0
2023-01-15,SKU-EA-03,Electronics-Accessories,15,0
2023-01-16,SKU-EA-03,Electronics-Accessories,42,0
2023-01-17,SKU-EA-03,Electronics-Accessories,8,0
2023-01-18,SKU-EA-03,Electronics-Accessories,11,0
2023-01-19,SKU-EA-03,Electronics-Accessories,66,1
2023-01-20,SKU-EA-03,Electronics-Accessories,23,0
2023-01-21,SKU-EA-03,Electronics-Accessories,23,0
2023-01-22,SKU-EA-03,Electronics-Accessories,30,0
2023-01-23,SKU-EA-03,Electronics-Accessories,53,1
2023-01-24,SKU-EA-03,Electronics-Accessories,18,0
2023-01-25,SKU-EA-03,Electronics-Accessories,12,0
2023-01-26,SKU-EA-03,Electronics-Accessories,21,0
2023-01-27,SKU-EA-03,Electronics-Accessories,50,0
2023-01-28,SKU-EA-03,Electronics-Accessories,11,0
2023-01-29,SKU-EA-03,Electronics-Accessories,34,0
2023-01-30,SKU-EA-03,Electronics-Accessories,9,0
2023-01-31,SKU-EA-03,Electronics-Accessories,11,0
2023-02-01,SKU-EA-03,Electronics-Accessories,14,0
2023-02-02,SKU-EA-03,Electronics-Accessories,14,0
2023-02-03,SKU-EA-03,Electronics-Accessories,18,0
2023-02-04,SKU-EA-03,Electronics-Accessories,58,0
2023-02-05,SKU-EA-03,Electronics-Accessories,54,0
2023-02-06,SKU-EA-03,Electronics-Accessories,8,0
2023-02-07,SKU-EA-03,Electronics-Accessories,22,0
2023-02-08,SKU-EA-03,Electronics-Accessories,27,0
2023-02-09,SKU-EA-03,Electronics-Accessories,11,0
2023-02-10,SKU-EA-03,Electronics-Accessories,47,0
2023-02-11,SKU-EA-03,Electronics-Accessories,58,0
2023-02-12,SKU-EA-03,Electronics-Accessories,114,0
2023-02-13,SKU-EA-03,Electronics-Accessories,25,0
2023-02-14,SKU-EA-03,Electronics-Accessories,27,0
2023-02-15,SKU-EA-03,Electronics-Accessories,30,0
2023-02-16,SKU-EA-03,Electronics-Accessories,28,0
2023-02-17,SKU-EA-03,Electronics-Accessories,32,0
2023-02-18,SKU-EA-03,Electronics-Accessories,15,0
2023-02-19,SKU-EA-03,Electronics-Accessories,30,0
2023-02-20,SKU-EA-03,Electronics-Accessories,12,0
2023-02-21,SKU-EA-03,Electronics-Accessories,13,0
2023-02-22,SKU-EA-03,Electronics-Accessories,15,0
2023-02-23,SKU-EA-03,Electronics-Accessories,14,0
2023-02-24,SKU-EA-03,Electronics-Accessories,16,0
2023-02-25,SKU-EA-03,Electronics-Accessories,40,0
2023-02-26,SKU-EA-03,Electronics-Accessories,27,0
2023-02-27,SKU-EA-03,Electronics-Accessories,17,0
2023-02-28,SKU-EA-03,Electronics-Accessories,18,0
2023-03-01,SKU-EA-03,Electronics-Accessories,8,0
2023-03-02,SKU-EA-03,Electronics-Accessories,43,0
2023-03-03,SKU-EA-03,Electronics-Accessories,44,1
2023-03-04,SKU-EA-03,Electronics-Accessories,25,0
2023-03-05,SKU-EA-03,Electronics-Accessories,25,0
2023-03-06,SKU-EA-03,Electronics-Accessories,21,0
2023-03-07,SKU-EA-03,Electronics-Accessories,19,0
2023-03-08,SKU-EA-03,Electronics-Accessories,7,0
2023-03-09,SKU-EA-03,Electronics-Accessories,5,0
2023-03-10,SKU-EA-03,Electronics-Accessories,7,0
2023-03-11,SKU-EA-03,Electronics-Accessories,18,0
2023-03-12,SKU-EA-03,Electronics-Accessories,16,0
2023-03-13,SKU-EA-03,Electronics-Accessories,17,0
2023-03-14,SKU-EA-03,Electronics-Accessories,18,0
2023-03-15,SKU-EA-03,Electronics-Accessories,31,0
2023-03-16,SKU-EA-03,Electronics-Accessories,13,0
2023-03-17,SKU-EA-03,Electronics-Accessories,4,0
2023-03-18,SKU-EA-03,Electronics-Accessories,54,0
2023-03-19,SKU-EA-03,Electronics-Accessories,38,0
2023-03-20,SKU-EA-03,Electronics-Accessories,20,0
2023-03-21,SKU-EA-03,Electronics-Accessories,26,0
2023-03-22,SKU-EA-03,Electronics-Accessories,32,0
2023-03-23,SKU-EA-03,Electronics-Accessories,7,0
2023-03-24,SKU-EA-03,Electronics-Accessories,8,0
2023-03-25,SKU-EA-03,Electronics-Accessories,11,0
2023-03-26,SKU-EA-03,Electronics-Accessories,18,0
2023-03-27,SKU-EA-03,Electronics-Accessories,2,0
2023-03-28,SKU-EA-03,Electronics-Accessories,7,0
2023-03-29,SKU-EA-03,Electronics-Accessories,12,0
2023-03-30,SKU-EA-03,Electronics-Accessories,3,0
2023-03-31,SKU-EA-03,Electronics-Accessories,27,0
2023-04-01,SKU-EA-03,Electronics-Accessories,16,0
2023-04-02,SKU-EA-03,Electronics-Accessories,28,0
2023-04-03,SKU-EA-03,Electronics-Accessories,11,0
2023-04-04,SKU-EA-03,Electronics-Accessories,7,0
2023-04-05,SKU-EA-03,Electronics-Accessories,15,0
2023-04-06,SKU-EA-03,Electronics-Accessories,19,0
2023-04-07,SKU-EA-03,Electronics-Accessories,52,1
2023-04-08,SKU-EA-03,Electronics-Accessories,28,0
2023-04-09,SKU-EA-03,Electronics-Accessories,23,0
2023-04-10,SKU-EA-03,Electronics-Accessories,13,0
2023-04-11,SKU-EA-03,Electronics-Accessories,24,0
2023-04-12,SKU-EA-03,Electronics-Accessories,7,0
2023-04-13,SKU-EA-03,Electronics-Accessories,41,1
2023-04-14,SKU-EA-03,Electronics-Accessories,25,0
2023-04-15,SKU-EA-03,Electronics-Accessories,22,0
2023-04-16,SKU-EA-03,Electronics-Accessories,21,0
2023-04-17,SKU-EA-03,Electronics-Accessories,21,0
2023-04-18,SKU-EA-03,Electronics-Accessories,22,0
2023-04-19,SKU-EA-03,Electronics-Accessories,10,0
2023-04-20,SKU-EA-03,Electronics-Accessories,36,0
2023-04-21,SKU-EA-03,Electronics-Accessories,26,0
2023-04-22,SKU-EA-03,Electronics-Accessories,12,0
2023-04-23,SKU-EA-03,Electronics-Accessories,45,0
2023-04-24,SKU-EA-03,Electronics-Accessories,7,0
2023-04-25,SKU-EA-03,Electronics-Accessories,20,0
2023-04-26,SKU-EA-03,Electronics-Accessories,43,0
2023-04-27,SKU-EA-03,Electronics-Accessories,32,0
2023-04-28,SKU-EA-03,Electronics-Accessories,20,0
2023-04-29,SKU-EA-03,Electronics-Accessories,32,0
2023-04-30,SKU-EA-03,Electronics-Accessories,66,0
2023-05-01,SKU-EA-03,Electronics-Accessories,11,0
2023-05-02,SKU-EA-03,Electronics-Accessories,28,0
2023-05-03,SKU-EA-03,Electronics-Accessories,30,0
2023-05-04,SKU-EA-03,Electronics-Accessories,14,0
2023-05-05,SKU-EA-03,Electronics-Accessories,31,0
2023-05-06,SKU-EA-03,Electronics-Accessories,39,0
2023-05-07,SKU-EA-03,Electronics-Accessories,37,0
2023-05-08,SKU-EA-03,Electronics-Accessories,21,0
2023-05-09,SKU-EA-03,Electronics-Accessories,22,0
2023-05-10,SKU-EA-03,Electronics-Accessories,16,0
2023-05-11,SKU-EA-03,Electronics-Accessories,6,0
2023-05-12,SKU-EA-03,Electronics-Accessories,23,0
2023-05-13,SKU-EA-03,Electronics-Accessories,25,0
2023-05-14,SKU-EA-03,Electronics-Accessories,20,0
2023-05-15,SKU-EA-03,Electronics-Accessories,9,0
2023-05-16,SKU-EA-03,Electronics-Accessories,26,0
2023-05-17,SKU-EA-03,Electronics-Accessories,8,0
2023-05-18,SKU-EA-03,Electronics-Accessories,24,0
2023-05-19,SKU-EA-03,Electronics-Accessories,22,0
2023-05-20,SKU-EA-03,Electronics-Accessories,70,0
2023-05-21,SKU-EA-03,Electronics-Accessories,41,0
2023-05-22,SKU-EA-03,Electronics-Accessories,2,0
2023-05-23,SKU-EA-03,Electronics-Accessories,11,0
2023-05-24,SKU-EA-03,Electronics-Accessories,16,0
2023-05-25,SKU-EA-03,Electronics-Accessories,31,0
2023-05-26,SKU-EA-03,Electronics-Accessories,17,0
2023-05-27,SKU-EA-03,Electronics-Accessories,34,0
2023-05-28,SKU-EA-03,Electronics-Accessories,61,0
2023-05-29,SKU-EA-03,Electronics-Accessories,28,0
2023-05-30,SKU-EA-03,Electronics-Accessories,10,0
2023-05-31,SKU-EA-03,Electronics-Accessories,34,0
2023-06-01,SKU-EA-03,Electronics-Accessories,24,0
2023-06-02,SKU-EA-03,Electronics-Accessories,15,0
2023-06-03,SKU-EA-03,Electronics-Accessories,19,0
2023-06-04,SKU-EA-03,Electronics-Accessories,18,0
2023-06-05,SKU-EA-03,Electronics-Accessories,32,0
2023-06-06,SKU-EA-03,Electronics-Accessories,6,0
2023-06-07,SKU-EA-03,Electronics-Accessories,16,0
2023-06-08,SKU-EA-03,Electronics-Accessories,12,0
2023-06-09,SKU-EA-03,Electronics-Accessories,31,0
2023-06-10,SKU-EA-03,Electronics-Accessories,41,0
2023-06-11,SKU-EA-03,Electronics-Accessories,35,0
2023-06-12,SKU-EA-03,Electronics-Accessories,14,1
2023-06-13,SKU-EA-03,Electronics-Accessories,13,0
2023-06-14,SKU-EA-03,Electronics-Accessories,34,0
2023-06-15,SKU-EA-03,Electronics-Accessories,19,0
2023-06-16,SKU-EA-03,Electronics-Accessories,15,0
2023-06-17,SKU-EA-03,Electronics-Accessories,39,0
2023-06-18,SKU-EA-03,Electronics-Accessories,26,0
2023-06-19,SKU-EA-03,Electronics-Accessories,64,1
2023-06-20,SKU-EA-03,Electronics-Accessories,28,0
2023-06-21,SKU-EA-03,Electronics-Accessories,12,0
2023-06-22,SKU-EA-03,Electronics-Accessories,6,0
2023-06-23,SKU-EA-03,Electronics-Accessories,24,0
2023-06-24,SKU-EA-03,Electronics-Accessories,11,0
2023-06-25,SKU-EA-03,Electronics-Accessories,18,1
2023-06-26,SKU-EA-03,Electronics-Accessories,27,0
2023-06-27,SKU-EA-03,Electronics-Accessories,32,1
2023-06-28,SKU-EA-03,Electronics-Accessories,24,0
2023-06-29,SKU-EA-03,Electronics-Accessories,25,0
2023-06-30,SKU-EA-03,Electronics-Accessories,30,0
2023-07-01,SKU-EA-03,Electronics-Accessories,26,0
2023-07-02,SKU-EA-03,Electronics-Accessories,24,0
2023-07-03,SKU-EA-03,Electronics-Accessories,20,0
2023-07-04,SKU-EA-03,Electronics-Accessories,21,0
2023-07-05,SKU-EA-03,Electronics-Accessories,34,0
2023-07-06,SKU-EA-03,Electronics-Accessories,17,0
2023-07-07,SKU-EA-03,Electronics-Accessories,7,0
2023-07-08,SKU-EA-03,Electronics-Accessories,23,0
2023-07-09,SKU-EA-03,Electronics-Accessories,45,0
2023-07-10,SKU-EA-03,Electronics-Accessories,17,0
2023-07-11,SKU-EA-03,Electronics-Accessories,24,0
2023-07-12,SKU-EA-03,Electronics-Accessories,18,0
2023-07-13,SKU-EA-03,Electronics-Accessories,45,0
2023-07-14,SKU-EA-03,Electronics-Accessories,15,0
2023-07-15,SKU-EA-03,Electronics-Accessories,11,0
2023-07-16,SKU-EA-03,Electronics-Accessories,28,0
2023-07-17,SKU-EA-03,Electronics-Accessories,21,0
2023-07-18,SKU-EA-03,Electronics-Accessories,12,0
2023-07-19,SKU-EA-03,Electronics-Accessories,18,0
2023-07-20,SKU-EA-03,Electronics-Accessories,11,0
2023-07-21,SKU-EA-03,Electronics-Accessories,41,0
2023-07-22,SKU-EA-03,Electronics-Accessories,23,0
2023-07-23,SKU-EA-03,Electronics-Accessories,12,0
2023-07-24,SKU-EA-03,Electronics-Accessories,16,0
2023-07-25,SKU-EA-03,Electronics-Accessories,17,0
2023-07-26,SKU-EA-03,Electronics-Accessories,67,1
2023-07-27,SKU-EA-03,Electronics-Accessories,63,0
2023-07-28,SKU-EA-03,Electronics-Accessories,56,0
2023-07-29,SKU-EA-03,Electronics-Accessories,24,0
2023-07-30,SKU-EA-03,Electronics-Accessories,21,0
2023-07-31,SKU-EA-03,Electronics-Accessories,43,0
2023-08-01,SKU-EA-03,Electronics-Accessories,16,0
2023-08-02,SKU-EA-03,Electronics-Accessories,6,0
2023-08-03,SKU-EA-03,Electronics-Accessories,18,0
2023-08-04,SKU-EA-03,Electronics-Accessories,33,0
2023-08-05,SKU-EA-03,Electronics-Accessories,47,0
2023-08-06,SKU-EA-03,Electronics-Accessories,20,0
2023-08-07,SKU-EA-03,Electronics-Accessories,34,0
2023-08-08,SKU-EA-03,Electronics-Accessories,11,0
2023-08-09,SKU-EA-03,Electronics-Accessories,6,0
2023-08-10,SKU-EA-03,Electronics-Accessories,18,0
2023-08-11,SKU-EA-03,Electronics-Accessories,37,0
2023-08-12,SKU-EA-03,Electronics-Accessories,43,0
2023-08-13,SKU-EA-03,Electronics-Accessories,26,0
2023-08-14,SKU-EA-03,Electronics-Accessories,21,0
2023-08-15,SKU-EA-03,Electronics-Accessories,20,0
2023-08-16,SKU-EA-03,Electronics-Accessories,26,0
2023-08-17,SKU-EA-03,Electronics-Accessories,28,0
2023-08-18,SKU-EA-03,Electronics-Accessories,47,0
2023-08-19,SKU-EA-03,Electronics-Accessories,49,0
2023-08-20,SKU-EA-03,Electronics-Accessories,26,0
2023-08-21,SKU-EA-03,Electronics-Accessories,27,0
2023-08-22,SKU-EA-03,Electronics-Accessories,26,0
2023-08-23,SKU-EA-03,Electronics-Accessories,13,0
2023-08-24,SKU-EA-03,Electronics-Accessories,9,0
2023-08-25,SKU-EA-03,Electronics-Accessories,19,0
2023-08-26,SKU-EA-03,Electronics-Accessories,19,0
2023-08-27,SKU-EA-03,Electronics-Accessories,38,0
2023-08-28,SKU-EA-03,Electronics-Accessories,31,0
2023-08-29,SKU-EA-03,Electronics-Accessories,19,0
2023-08-30,SKU-EA-03,Electronics-Accessories,9,0
2023-08-31,SKU-EA-03,Electronics-Accessories,13,0
2023-09-01,SKU-EA-03,Electronics-Accessories,28,0
2023-09-02,SKU-EA-03,Electronics-Accessories,49,0
2023-09-03,SKU-EA-03,Electronics-Accessories,31,0
2023-09-04,SKU-EA-03,Electronics-Accessories,21,0
2023-09-05,SKU-EA-03,Electronics-Accessories,37,0
2023-09-06,SKU-EA-03,Electronics-Accessories,16,0
2023-09-07,SKU-EA-03,Electronics-Accessories,46,0
2023-09-08,SKU-EA-03,Electronics-Accessories,3,0
2023-09-09,SKU-EA-03,Electronics-Accessories,40,0
2023-09-10,SKU-EA-03,Electronics-Accessories,44,0
2023-09-11,SKU-EA-03,Electronics-Accessories,21,0
2023-09-12,SKU-EA-03,Electronics-Accessories,8,0
2023-09-13,SKU-EA-03,Electronics-Accessories,50,0
2023-09-14,SKU-EA-03,Electronics-Accessories,20,0
2023-09-15,SKU-EA-03,Electronics-Accessories,64,0
2023-09-16,SKU-EA-03,Electronics-Accessories,23,0
2023-09-17,SKU-EA-03,Electronics-Accessories,15,0
2023-09-18,SKU-EA-03,Electronics-Accessories,25,0
2023-09-19,SKU-EA-03,Electronics-Accessories,10,1
2023-09-20,SKU-EA-03,Electronics-Accessories,21,0
2023-09-21,SKU-EA-03,Electronics-Accessories,11,0
2023-09-22,SKU-EA-03,Electronics-Accessories,56,0
2023-09-23,SKU-EA-03,Electronics-Accessories,9,0
2023-09-24,SKU-EA-03,Electronics-Accessories,30,0
2023-09-25,SKU-EA-03,Electronics-Accessories,9,0
2023-09-26,SKU-EA-03,Electronics-Accessories,21,0
2023-09-27,SKU-EA-03,Electronics-Accessories,24,0
2023-09-28,SKU-EA-03,Electronics-Accessories,11,0
2023-09-29,SKU-EA-03,Electronics-Accessories,33,0
2023-09-30,SKU-EA-03,Electronics-Accessories,64,0
2023-10-01,SKU-EA-03,Electronics-Accessories,79,0
2023-10-02,SKU-EA-03,Electronics-Accessories,94,1
2023-10-03,SKU-EA-03,Electronics-Accessories,10,0
2023-10-04,SKU-EA-03,Electronics-Accessories,4,0
2023-10-05,SKU-EA-03,Electronics-Accessories,16,0
2023-10-06,SKU-EA-03,Electronics-Accessories,61,0
2023-10-07,SKU-EA-03,Electronics-Accessories,14,0
2023-10-08,SKU-EA-03,Electronics-Accessories,49,0
2023-10-09,SKU-EA-03,Electronics-Accessories,36,0
2023-10-10,SKU-EA-03,Electronics-Accessories,19,0
2023-10-11,SKU-EA-03,Electronics-Accessories,61,1
2023-10-12,SKU-EA-03,Electronics-Accessories,39,0
2023-10-13,SKU-EA-03,Electronics-Accessories,46,0
2023-10-14,SKU-EA-03,Electronics-Accessories,76,0
2023-10-15,SKU-EA-03,Electronics-Accessories,34,0
2023-10-16,SKU-EA-03,Electronics-Accessories,86,0
2023-10-17,SKU-EA-03,Electronics-Accessories,28,0
2023-10-18,SKU-EA-03,Electronics-Accessories,33,0
2023-10-19,SKU-EA-03,Electronics-Accessories,50,0
2023-10-20,SKU-EA-03,Electronics-Accessories,56,0
2023-10-21,SKU-EA-03,Electronics-Accessories,34,0
2023-10-22,SKU-EA-03,Electronics-Accessories,40,0
2023-10-23,SKU-EA-03,Electronics-Accessories,19,0
2023-10-24,SKU-EA-03,Electronics-Accessories,27,0
2023-10-25,SKU-EA-03,Electronics-Accessories,30,0
2023-10-26,SKU-EA-03,Electronics-Accessories,56,0
2023-10-27,SKU-EA-03,Electronics-Accessories,35,0
2023-10-28,SKU-EA-03,Electronics-Accessories,82,0
2023-10-29,SKU-EA-03,Electronics-Accessories,11,0
2023-10-30,SKU-EA-03,Electronics-Accessories,32,0
2023-10-31,SKU-EA-03,Electronics-Accessories,29,0
2023-11-01,SKU-EA-03,Electronics-Accessories,30,0
2023-11-02,SKU-EA-03,Electronics-Accessories,18,0
2023-11-03,SKU-EA-03,Electronics-Accessories,38,0
2023-11-04,SKU-EA-03,Electronics-Accessories,60,0
2023-11-05,SKU-EA-03,Electronics-Accessories,26,0
2023-11-06,SKU-EA-03,Electronics-Accessories,32,0
2023-11-07,SKU-EA-03,Electronics-Accessories,45,0
2023-11-08,SKU-EA-03,Electronics-Accessories,40,0
2023-11-09,SKU-EA-03,Electronics-Accessories,21,0
2023-11-10,SKU-EA-03,Electronics-Accessories,34,0
2023-11-11,SKU-EA-03,Electronics-Accessories,36,0
2023-11-12,SKU-EA-03,Electronics-Accessories,113,0
2023-11-13,SKU-EA-03,Electronics-Accessories,14,1
2023-11-14,SKU-EA-03,Electronics-Accessories,52,0
2023-11-15,SKU-EA-03,Electronics-Accessories,75,1
2023-11-16,SKU-EA-03,Electronics-Accessories,12,0
2023-11-17,SKU-EA-03,Electronics-Accessories,32,0
2023-11-18,SKU-EA-03,Electronics-Accessories,134,1
2023-11-19,SKU-EA-03,Electronics-Accessories,57,0
2023-11-20,SKU-EA-03,Electronics-Accessories,26,0
2023-11-21,SKU-EA-03,Electronics-Accessories,28,0
2023-11-22,SKU-EA-03,Electronics-Accessories,32,0
2023-11-23,SKU-EA-03,Electronics-Accessories,43,0
2023-11-24,SKU-EA-03,Electronics-Accessories,63,0
2023-11-25,SKU-EA-03,Electronics-Accessories,51,0
2023-11-26,SKU-EA-03,Electronics-Accessories,49,0
2023-11-27,SKU-EA-03,Electronics-Accessories,16,0
2023-11-28,SKU-EA-03,Electronics-Accessories,21,0
2023-11-29,SKU-EA-03,Electronics-Accessories,10,0
2023-11-30,SKU-EA-03,Electronics-Accessories,22,0
2023-12-01,SKU-EA-03,Electronics-Accessories,30,0
2023-12-02,SKU-EA-03,Electronics-Accessories,54,0
2023-12-03,SKU-EA-03,Electronics-Accessories,119,0
2023-12-04,SKU-EA-03,Electronics-Accessories,29,0
2023-12-05,SKU-EA-03,Electronics-Accessories,43,0
2023-12-06,SKU-EA-03,Electronics-Accessories,49,0
2023-12-07,SKU-EA-03,Electronics-Accessories,32,0
2023-12-08,SKU-EA-03,Electronics-Accessories,41,0
2023-12-09,SKU-EA-03,Electronics-Accessories,17,0
2023-12-10,SKU-EA-03,Electronics-Accessories,41,0
2023-12-11,SKU-EA-03,Electronics-Accessories,30,0
2023-12-12,SKU-EA-03,Electronics-Accessories,45,0
2023-12-13,SKU-EA-03,Electronics-Accessories,28,0
2023-12-14,SKU-EA-03,Electronics-Accessories,72,0
2023-12-15,SKU-EA-03,Electronics-Accessories,56,0
2023-12-16,SKU-EA-03,Electronics-Accessories,42,0
2023-12-17,SKU-EA-03,Electronics-Accessories,68,0
2023-12-18,SKU-EA-03,Electronics-Accessories,50,0
2023-12-19,SKU-EA-03,Electronics-Accessories,25,0
2023-12-20,SKU-EA-03,Electronics-Accessories,55,0
2023-12-21,SKU-EA-03,Electronics-Accessories,105,1
2023-12-22,SKU-EA-03,Electronics-Accessories,55,0
2023-12-23,SKU-EA-03,Electronics-Accessories,89,0
2023-12-24,SKU-EA-03,Electronics-Accessories,16,0
2023-12-25,SKU-EA-03,Electronics-Accessories,23,0
2023-12-26,SKU-EA-03,Electronics-Accessories,31,0
2023-12-27,SKU-EA-03,Electronics-Accessories,16,0
2023-12-28,SKU-EA-03,Electronics-Accessories,76,0
2023-12-29,SKU-EA-03,Electronics-Accessories,21,0
2023-12-30,SKU-EA-03,Electronics-Accessories,35,0
2023-12-31,SKU-EA-03,Electronics-Accessories,34,0
2024-01-01,SKU-EA-03,Electronics-Accessories,16,0
2024-01-02,SKU-EA-03,Electronics-Accessories,66,0
2024-01-03,SKU-EA-03,Electronics-Accessories,51,0
2024-01-04,SKU-EA-03,Electronics-Accessories,16,0
2024-01-05,SKU-EA-03,Electronics-Accessories,32,0
2024-01-06,SKU-EA-03,Electronics-Accessories,26,0
2024-01-07,SKU-EA-03,Electronics-Accessories,23,0
2024-01-08,SKU-EA-03,Electronics-Accessories,23,0
2024-01-09,SKU-EA-03,Electronics-Accessories,10,0
2024-01-10,SKU-EA-03,Electronics-Accessories,38,0
2024-01-11,SKU-EA-03,Electronics-Accessories,30,0
2024-01-12,SKU-EA-03,Electronics-Accessories,49,0
2024-01-13,SKU-EA-03,Electronics-Accessories,122,0
2024-01-14,SKU-EA-03,Electronics-Accessories,56,0
2024-01-15,SKU-EA-03,Electronics-Accessories,19,0
2024-01-16,SKU-EA-03,Electronics-Accessories,43,0
2024-01-17,SKU-EA-03,Electronics-Accessories,39,1
2024-01-18,SKU-EA-03,Electronics-Accessories,20,0
2024-01-19,SKU-EA-03,Electronics-Accessories,7,0
2024-01-20,SKU-EA-03,Electronics-Accessories,49,0
2024-01-21,SKU-EA-03,Electronics-Accessories,80,0
2024-01-22,SKU-EA-03,Electronics-Accessories,27,0
2024-01-23,SKU-EA-03,Electronics-Accessories,106,1
2024-01-24,SKU-EA-03,Electronics-Accessories,26,0
2024-01-25,SKU-EA-03,Electronics-Accessories,45,0
2024-01-26,SKU-EA-03,Electronics-Accessories,37,0
2024-01-27,SKU-EA-03,Electronics-Accessories,77,0
2024-01-28,SKU-EA-03,Electronics-Accessories,35,0
2024-01-29,SKU-EA-03,Electronics-Accessories,21,0
2024-01-30,SKU-EA-03,Electronics-Accessories,13,0
2024-01-31,SKU-EA-03,Electronics-Accessories,15,0
2024-02-01,SKU-EA-03,Electronics-Accessories,11,0
2024-02-02,SKU-EA-03,Electronics-Accessories,38,0
2024-02-03,SKU-EA-03,Electronics-Accessories,26,0
2024-02-04,SKU-EA-03,Electronics-Accessories,23,0
2024-02-05,SKU-EA-03,Electronics-Accessories,48,0
2024-02-06,SKU-EA-03,Electronics-Accessories,24,0
2024-02-07,SKU-EA-03,Electronics-Accessories,20,0
2024-02-08,SKU-EA-03,Electronics-Accessories,13,0
2024-02-09,SKU-EA-03,Electronics-Accessories,41,0
2024-02-10,SKU-EA-03,Electronics-Accessories,26,0
2024-02-11,SKU-EA-03,Electronics-Accessories,34,0
2024-02-12,SKU-EA-03,Electronics-Accessories,13,0
2024-02-13,SKU-EA-03,Electronics-Accessories,28,1
2024-02-14,SKU-EA-03,Electronics-Accessories,20,0
2024-02-15,SKU-EA-03,Electronics-Accessories,23,0
2024-02-16,SKU-EA-03,Electronics-Accessories,28,0
2024-02-17,SKU-EA-03,Electronics-Accessories,15,0
2024-02-18,SKU-EA-03,Electronics-Accessories,21,0
2024-02-19,SKU-EA-03,Electronics-Accessories,27,0
2024-02-20,SKU-EA-03,Electronics-Accessories,15,0
2024-02-21,SKU-EA-03,Electronics-Accessories,27,0
2024-02-22,SKU-EA-03,Electronics-Accessories,22,0
2024-02-23,SKU-EA-03,Electronics-Accessories,22,0
2024-02-24,SKU-EA-03,Electronics-Accessories,33,0
2024-02-25,SKU-EA-03,Electronics-Accessories,32,0
2024-02-26,SKU-EA-03,Electronics-Accessories,19,0
2024-02-27,SKU-EA-03,Electronics-Accessories,10,0
2024-02-28,SKU-EA-03,Electronics-Accessories,5,0
2024-02-29,SKU-EA-03,Electronics-Accessories,51,0
2024-03-01,SKU-EA-03,Electronics-Accessories,29,1
2024-03-02,SKU-EA-03,Electronics-Accessories,38,0
2024-03-03,SKU-EA-03,Electronics-Accessories,98,0
2024-03-04,SKU-EA-03,Electronics-Accessories,20,0
2024-03-05,SKU-EA-03,Electronics-Accessories,26,0
2024-03-06,SKU-EA-03,Electronics-Accessories,26,0
2024-03-07,SKU-EA-03,Electronics-Accessories,26,0
2024-03-08,SKU-EA-03,Electronics-Accessories,16,0
2024-03-09,SKU-EA-03,Electronics-Accessories,20,0
2024-03-10,SKU-EA-03,Electronics-Accessories,10,0
2024-03-11,SKU-EA-03,Electronics-Accessories,37,0
2024-03-12,SKU-EA-03,Electronics-Accessories,11,0
2024-03-13,SKU-EA-03,Electronics-Accessories,13,0
2024-03-14,SKU-EA-03,Electronics-Accessories,26,0
2024-03-15,SKU-EA-03,Electronics-Accessories,13,0
2024-03-16,SKU-EA-03,Electronics-Accessories,19,0
2024-03-17,SKU-EA-03,Electronics-Accessories,76,0
2024-03-18,SKU-EA-03,Electronics-Accessories,15,0
2024-03-19,SKU-EA-03,Electronics-Accessories,31,0
2024-03-20,SKU-EA-03,Electronics-Accessories,28,0
2024-03-21,SKU-EA-03,Electronics-Accessories,31,0
2024-03-22,SKU-EA-03,Electronics-Accessories,41,0
2024-03-23,SKU-EA-03,Electronics-Accessories,51,0
2024-03-24,SKU-EA-03,Electronics-Accessories,53,0
2024-03-25,SKU-EA-03,Electronics-Accessories,27,0
2024-03-26,SKU-EA-03,Electronics-Accessories,17,0
2024-03-27,SKU-EA-03,Electronics-Accessories,18,0
2024-03-28,SKU-EA-03,Electronics-Accessories,20,0
2024-03-29,SKU-EA-03,Electronics-Accessories,19,0
2024-03-30,SKU-EA-03,Electronics-Accessories,49,0
2024-03-31,SKU-EA-03,Electronics-Accessories,23,0
2024-04-01,SKU-EA-03,Electronics-Accessories,26,0
2024-04-02,SKU-EA-03,Electronics-Accessories,23,0
2024-04-03,SKU-EA-03,Electronics-Accessories,30,0
2024-04-04,SKU-EA-03,Electronics-Accessories,37,0
2024-04-05,SKU-EA-03,Electronics-Accessories,32,0
2024-04-06,SKU-EA-03,Electronics-Accessories,30,0
2024-04-07,SKU-EA-03,Electronics-Accessories,30,0
2024-04-08,SKU-EA-03,Electronics-Accessories,18,0
2024-04-09,SKU-EA-03,Electronics-Accessories,15,0
2024-04-10,SKU-EA-03,Electronics-Accessories,31,0
2024-04-11,SKU-EA-03,Electronics-Accessories,24,0
2024-04-12,SKU-EA-03,Electronics-Accessories,15,0
2024-04-13,SKU-EA-03,Electronics-Accessories,38,0
2024-04-14,SKU-EA-03,Electronics-Accessories,33,0
2024-04-15,SKU-EA-03,Electronics-Accessories,34,0
2024-04-16,SKU-EA-03,Electronics-Accessories,20,0
2024-04-17,SKU-EA-03,Electronics-Accessories,6,0
2024-04-18,SKU-EA-03,Electronics-Accessories,27,0
2024-04-19,SKU-EA-03,Electronics-Accessories,46,0
2024-04-20,SKU-EA-03,Electronics-Accessories,198,1
2024-04-21,SKU-EA-03,Electronics-Accessories,44,0
2024-04-22,SKU-EA-03,Electronics-Accessories,15,0
2024-04-23,SKU-EA-03,Electronics-Accessories,14,0
2024-04-24,SKU-EA-03,Electronics-Accessories,13,0
2024-04-25,SKU-EA-03,Electronics-Accessories,34,0
2024-04-26,SKU-EA-03,Electronics-Accessories,24,0
2024-04-27,SKU-EA-03,Electronics-Accessories,31,0
2024-04-28,SKU-EA-03,Electronics-Accessories,105,0
2024-04-29,SKU-EA-03,Electronics-Accessories,38,0
2024-04-30,SKU-EA-03,Electronics-Accessories,18,0
2024-05-01,SKU-EA-03,Electronics-Accessories,42,0
2024-05-02,SKU-EA-03,Electronics-Accessories,5,0
2024-05-03,SKU-EA-03,Electronics-Accessories,12,0
2024-05-04,SKU-EA-03,Electronics-Accessories,49,0
2024-05-05,SKU-EA-03,Electronics-Accessories,74,0
2024-05-06,SKU-EA-03,Electronics-Accessories,32,0
2024-05-07,SKU-EA-03,Electronics-Accessories,25,0
2024-05-08,SKU-EA-03,Electronics-Accessories,25,0
2024-05-09,SKU-EA-03,Electronics-Accessories,25,0
2024-05-10,SKU-EA-03,Electronics-Accessories,21,0
2024-05-11,SKU-EA-03,Electronics-Accessories,59,0
2024-05-12,SKU-EA-03,Electronics-Accessories,34,0
2024-05-13,SKU-EA-03,Electronics-Accessories,20,0
2024-05-14,SKU-EA-03,Electronics-Accessories,29,0
2024-05-15,SKU-EA-03,Electronics-Accessories,26,0
2024-05-16,SKU-EA-03,Electronics-Accessories,20,0
2024-05-17,SKU-EA-03,Electronics-Accessories,28,0
2024-05-18,SKU-EA-03,Electronics-Accessories,39,0
2024-05-19,SKU-EA-03,Electronics-Accessories,54,0
2024-05-20,SKU-EA-03,Electronics-Accessories,22,0
2024-05-21,SKU-EA-03,Electronics-Accessories,14,0
2024-05-22,SKU-EA-03,Electronics-Accessories,9,0
2024-05-23,SKU-EA-03,Electronics-Accessories,19,0
2024-05-24,SKU-EA-03,Electronics-Accessories,45,0
2024-05-25,SKU-EA-03,Electronics-Accessories,36,0
2024-05-26,SKU-EA-03,Electronics-Accessories,23,0
2024-05-27,SKU-EA-03,Electronics-Accessories,36,0
2024-05-28,SKU-EA-03,Electronics-Accessories,27,0
2024-05-29,SKU-EA-03,Electronics-Accessories,19,0
2024-05-30,SKU-EA-03,Electronics-Accessories,18,0
2024-05-31,SKU-EA-03,Electronics-Accessories,46,0
2024-06-01,SKU-EA-03,Electronics-Accessories,20,0
2024-06-02,SKU-EA-03,Electronics-Accessories,44,0
2024-06-03,SKU-EA-03,Electronics-Accessories,13,0
2024-06-04,SKU-EA-03,Electronics-Accessories,21,0
2024-06-05,SKU-EA-03,Electronics-Accessories,9,0
2024-06-06,SKU-EA-03,Electronics-Accessories,14,0
2024-06-07,SKU-EA-03,Electronics-Accessories,14,0
2024-06-08,SKU-EA-03,Electronics-Accessories,53,0
2024-06-09,SKU-EA-03,Electronics-Accessories,28,0
2024-06-10,SKU-EA-03,Electronics-Accessories,25,0
2024-06-11,SKU-EA-03,Electronics-Accessories,23,0
2024-06-12,SKU-EA-03,Electronics-Accessories,33,0
2024-06-13,SKU-EA-03,Electronics-Accessories,21,0
2024-06-14,SKU-EA-03,Electronics-Accessories,36,0
2024-06-15,SKU-EA-03,Electronics-Accessories,23,0
2024-06-16,SKU-EA-03,Electronics-Accessories,28,0
2024-06-17,SKU-EA-03,Electronics-Accessories,28,0
2024-06-18,SKU-EA-03,Electronics-Accessories,10,0
2024-06-19,SKU-EA-03,Electronics-Accessories,37,0
2024-06-20,SKU-EA-03,Electronics-Accessories,28,0
2024-06-21,SKU-EA-03,Electronics-Accessories,39,0
2024-06-22,SKU-EA-03,Electronics-Accessories,30,0
2024-06-23,SKU-EA-03,Electronics-Accessories,29,0
2024-06-24,SKU-EA-03,Electronics-Accessories,33,0
2024-06-25,SKU-EA-03,Electronics-Accessories,8,0
2024-06-26,SKU-EA-03,Electronics-Accessories,22,0
2024-06-27,SKU-EA-03,Electronics-Accessories,29,0
2024-06-28,SKU-EA-03,Electronics-Accessories,41,0
2024-06-29,SKU-EA-03,Electronics-Accessories,26,0
2024-06-30,SKU-EA-03,Electronics-Accessories,15,0
2024-07-01,SKU-EA-03,Electronics-Accessories,18,0
2024-07-02,SKU-EA-03,Electronics-Accessories,14,0
2024-07-03,SKU-EA-03,Electronics-Accessories,9,0
2024-07-04,SKU-EA-03,Electronics-Accessories,22,0
2024-07-05,SKU-EA-03,Electronics-Accessories,16,0
2024-07-06,SKU-EA-03,Electronics-Accessories,15,0
2024-07-07,SKU-EA-03,Electronics-Accessories,22,0
2024-07-08,SKU-EA-03,Electronics-Accessories,17,0
2024-07-09,SKU-EA-03,Electronics-Accessories,23,0
2024-07-10,SKU-EA-03,Electronics-Accessories,22,0
2024-07-11,SKU-EA-03,Electronics-Accessories,25,0
2024-07-12,SKU-EA-03,Electronics-Accessories,28,0
2024-07-13,SKU-EA-03,Electronics-Accessories,100,0
2024-07-14,SKU-EA-03,Electronics-Accessories,115,1
2024-07-15,SKU-EA-03,Electronics-Accessories,32,0
2024-07-16,SKU-EA-03,Electronics-Accessories,30,0
2024-07-17,SKU-EA-03,Electronics-Accessories,26,0
2024-07-18,SKU-EA-03,Electronics-Accessories,35,0
2024-07-19,SKU-EA-03,Electronics-Accessories,10,0
2024-07-20,SKU-EA-03,Electronics-Accessories,86,1
2024-07-21,SKU-EA-03,Electronics-Accessories,58,0
2024-07-22,SKU-EA-03,Electronics-Accessories,31,0
2024-07-23,SKU-EA-03,Electronics-Accessories,9,0
2024-07-24,SKU-EA-03,Electronics-Accessories,15,0
2024-07-25,SKU-EA-03,Electronics-Accessories,8,0
2024-07-26,SKU-EA-03,Electronics-Accessories,32,0
2024-07-27,SKU-EA-03,Electronics-Accessories,94,1
2024-07-28,SKU-EA-03,Electronics-Accessories,21,0
2024-07-29,SKU-EA-03,Electronics-Accessories,27,0
2024-07-30,SKU-EA-03,Electronics-Accessories,26,0
2024-07-31,SKU-EA-03,Electronics-Accessories,25,0
2024-08-01,SKU-EA-03,Electronics-Accessories,13,0
2024-08-02,SKU-EA-03,Electronics-Accessories,26,0
2024-08-03,SKU-EA-03,Electronics-Accessories,29,0
2024-08-04,SKU-EA-03,Electronics-Accessories,63,0
2024-08-05,SKU-EA-03,Electronics-Accessories,38,0
2024-08-06,SKU-EA-03,Electronics-Accessories,20,0
2024-08-07,SKU-EA-03,Electronics-Accessories,28,0
2024-08-08,SKU-EA-03,Electronics-Accessories,13,0
2024-08-09,SKU-EA-03,Electronics-Accessories,4,0
2024-08-10,SKU-EA-03,Electronics-Accessories,29,0
2024-08-11,SKU-EA-03,Electronics-Accessories,29,0
2024-08-12,SKU-EA-03,Electronics-Accessories,6,0
2024-08-13,SKU-EA-03,Electronics-Accessories,32,0
2024-08-14,SKU-EA-03,Electronics-Accessories,17,0
2024-08-15,SKU-EA-03,Electronics-Accessories,41,0
2024-08-16,SKU-EA-03,Electronics-Accessories,15,0
2024-08-17,SKU-EA-03,Electronics-Accessories,24,0
2024-08-18,SKU-EA-03,Electronics-Accessories,54,1
2024-08-19,SKU-EA-03,Electronics-Accessories,26,0
2024-08-20,SKU-EA-03,Electronics-Accessories,11,0
2024-08-21,SKU-EA-03,Electronics-Accessories,35,0
2024-08-22,SKU-EA-03,Electronics-Accessories,17,0
2024-08-23,SKU-EA-03,Electronics-Accessories,29,0
2024-08-24,SKU-EA-03,Electronics-Accessories,36,0
2024-08-25,SKU-EA-03,Electronics-Accessories,17,0
2024-08-26,SKU-EA-03,Electronics-Accessories,32,0
2024-08-27,SKU-EA-03,Electronics-Accessories,35,0
2024-08-28,SKU-EA-03,Electronics-Accessories,15,0
2024-08-29,SKU-EA-03,Electronics-Accessories,22,0
2024-08-30,SKU-EA-03,Electronics-Accessories,23,0
2024-08-31,SKU-EA-03,Electronics-Accessories,26,0
2024-09-01,SKU-EA-03,Electronics-Accessories,23,0
2024-09-02,SKU-EA-03,Electronics-Accessories,24,0
2024-09-03,SKU-EA-03,Electronics-Accessories,38,0
2024-09-04,SKU-EA-03,Electronics-Accessories,44,0
2024-09-05,SKU-EA-03,Electronics-Accessories,16,0
2024-09-06,SKU-EA-03,Electronics-Accessories,33,0
2024-09-07,SKU-EA-03,Electronics-Accessories,67,1
2024-09-08,SKU-EA-03,Electronics-Accessories,10,0
2024-09-09,SKU-EA-03,Electronics-Accessories,23,0
2024-09-10,SKU-EA-03,Electronics-Accessories,95,0
2024-09-11,SKU-EA-03,Electronics-Accessories,16,0
2024-09-12,SKU-EA-03,Electronics-Accessories,15,0
2024-09-13,SKU-EA-03,Electronics-Accessories,72,0
2024-09-14,SKU-EA-03,Electronics-Accessories,92,0
2024-09-15,SKU-EA-03,Electronics-Accessories,39,0
2024-09-16,SKU-EA-03,Electronics-Accessories,13,0
2024-09-17,SKU-EA-03,Electronics-Accessories,32,0
2024-09-18,SKU-EA-03,Electronics-Accessories,41,0
2024-09-19,SKU-EA-03,Electronics-Accessories,15,0
2024-09-20,SKU-EA-03,Electronics-Accessories,24,0
2024-09-21,SKU-EA-03,Electronics-Accessories,9,0
2024-09-22,SKU-EA-03,Electronics-Accessories,33,0
2024-09-23,SKU-EA-03,Electronics-Accessories,16,0
2024-09-24,SKU-EA-03,Electronics-Accessories,15,0
2024-09-25,SKU-EA-03,Electronics-Accessories,22,0
2024-09-26,SKU-EA-03,Electronics-Accessories,20,0
2024-09-27,SKU-EA-03,Electronics-Accessories,60,0
2024-09-28,SKU-EA-03,Electronics-Accessories,58,0
2024-09-29,SKU-EA-03,Electronics-Accessories,46,0
2024-09-30,SKU-EA-03,Electronics-Accessories,31,0
2024-10-01,SKU-EA-03,Electronics-Accessories,25,0
2024-10-02,SKU-EA-03,Electronics-Accessories,16,0
2024-10-03,SKU-EA-03,Electronics-Accessories,55,0
2024-10-04,SKU-EA-03,Electronics-Accessories,11,0
2024-10-05,SKU-EA-03,Electronics-Accessories,27,0
2024-10-06,SKU-EA-03,Electronics-Accessories,39,0
2024-10-07,SKU-EA-03,Electronics-Accessories,8,0
2024-10-08,SKU-EA-03,Electronics-Accessories,29,0
2024-10-09,SKU-EA-03,Electronics-Accessories,16,0
2024-10-10,SKU-EA-03,Electronics-Accessories,42,0
2024-10-11,SKU-EA-03,Electronics-Accessories,19,0
2024-10-12,SKU-EA-03,Electronics-Accessories,86,0
2024-10-13,SKU-EA-03,Electronics-Accessories,38,0
2024-10-14,SKU-EA-03,Electronics-Accessories,28,0
2024-10-15,SKU-EA-03,Electronics-Accessories,42,0
2024-10-16,SKU-EA-03,Electronics-Accessories,17,0
2024-10-17,SKU-EA-03,Electronics-Accessories,48,0
2024-10-18,SKU-EA-03,Electronics-Accessories,38,0
2024-10-19,SKU-EA-03,Electronics-Accessories,90,1
2024-10-20,SKU-EA-03,Electronics-Accessories,60,0
2024-10-21,SKU-EA-03,Electronics-Accessories,45,0
2024-10-22,SKU-EA-03,Electronics-Accessories,23,0
2024-10-23,SKU-EA-03,Electronics-Accessories,37,0
2024-10-24,SKU-EA-03,Electronics-Accessories,12,0
2024-10-25,SKU-EA-03,Electronics-Accessories,13,0
2024-10-26,SKU-EA-03,Electronics-Accessories,89,0
2024-10-27,SKU-EA-03,Electronics-Accessories,109,0
2024-10-28,SKU-EA-03,Electronics-Accessories,20,0
2024-10-29,SKU-EA-03,Electronics-Accessories,47,0
2024-10-30,SKU-EA-03,Electronics-Accessories,27,1
2024-10-31,SKU-EA-03,Electronics-Accessories,76,1
2024-11-01,SKU-EA-03,Electronics-Accessories,50,0
2024-11-02,SKU-EA-03,Electronics-Accessories,44,0
2024-11-03,SKU-EA-03,Electronics-Accessories,184,1
2024-11-04,SKU-EA-03,Electronics-Accessories,27,0
2024-11-05,SKU-EA-03,Electronics-Accessories,16,0
2024-11-06,SKU-EA-03,Electronics-Accessories,31,0
2024-11-07,SKU-EA-03,Electronics-Accessories,56,0
2024-11-08,SKU-EA-03,Electronics-Accessories,85,0
2024-11-09,SKU-EA-03,Electronics-Accessories,70,0
2024-11-10,SKU-EA-03,Electronics-Accessories,55,0
2024-11-11,SKU-EA-03,Electronics-Accessories,8,0
2024-11-12,SKU-EA-03,Electronics-Accessories,55,0
2024-11-13,SKU-EA-03,Electronics-Accessories,16,0
2024-11-14,SKU-EA-03,Electronics-Accessories,23,0
2024-11-15,SKU-EA-03,Electronics-Accessories,22,0
2024-11-16,SKU-EA-03,Electronics-Accessories,80,0
2024-11-17,SKU-EA-03,Electronics-Accessories,30,0
2024-11-18,SKU-EA-03,Electronics-Accessories,43,0
2024-11-19,SKU-EA-03,Electronics-Accessories,43,0
2024-11-20,SKU-EA-03,Electronics-Accessories,43,0
2024-11-21,SKU-EA-03,Electronics-Accessories,93,0
2024-11-22,SKU-EA-03,Electronics-Accessories,53,0
2024-11-23,SKU-EA-03,Electronics-Accessories,57,0
2024-11-24,SKU-EA-03,Electronics-Accessories,36,0
2024-11-25,SKU-EA-03,Electronics-Accessories,19,0
2024-11-26,SKU-EA-03,Electronics-Accessories,52,0
2024-11-27,SKU-EA-03,Electronics-Accessories,51,0
2024-11-28,SKU-EA-03,Electronics-Accessories,82,0
2024-11-29,SKU-EA-03,Electronics-Accessories,105,0
2024-11-30,SKU-EA-03,Electronics-Accessories,68,0
2024-12-01,SKU-EA-03,Electronics-Accessories,73,0
2024-12-02,SKU-EA-03,Electronics-Accessories,99,1
2024-12-03,SKU-EA-03,Electronics-Accessories,25,0
2024-12-04,SKU-EA-03,Electronics-Accessories,24,0
2024-12-05,SKU-EA-03,Electronics-Accessories,77,0
2024-12-06,SKU-EA-03,Electronics-Accessories,50,0
2024-12-07,SKU-EA-03,Electronics-Accessories,96,0
2024-12-08,SKU-EA-03,Electronics-Accessories,51,0
2024-12-09,SKU-EA-03,Electronics-Accessories,113,0
2024-12-10,SKU-EA-03,Electronics-Accessories,49,0
2024-12-11,SKU-EA-03,Electronics-Accessories,13,0
2024-12-12,SKU-EA-03,Electronics-Accessories,18,0
2024-12-13,SKU-EA-03,Electronics-Accessories,41,0
2024-12-14,SKU-EA-03,Electronics-Accessories,58,0
2024-12-15,SKU-EA-03,Electronics-Accessories,28,0
2024-12-16,SKU-EA-03,Electronics-Accessories,14,0
2024-12-17,SKU-EA-03,Electronics-Accessories,12,0
2024-12-18,SKU-EA-03,Electronics-Accessories,55,1
2024-12-19,SKU-EA-03,Electronics-Accessories,93,0
2024-12-20,SKU-EA-03,Electronics-Accessories,26,0
2024-12-21,SKU-EA-03,Electronics-Accessories,57,0
2024-12-22,SKU-EA-03,Electronics-Accessories,17,0
2024-12-23,SKU-EA-03,Electronics-Accessories,11,0
2024-12-24,SKU-EA-03,Electronics-Accessories,26,0
2024-12-25,SKU-EA-03,Electronics-Accessories,10,0
2024-12-26,SKU-EA-03,Electronics-Accessories,48,0
2024-12-27,SKU-EA-03,Electronics-Accessories,54,0
2024-12-28,SKU-EA-03,Electronics-Accessories,43,0
2024-12-29,SKU-EA-03,Electronics-Accessories,64,0
2024-12-30,SKU-EA-03,Electronics-Accessories,113,0
2024-12-31,SKU-EA-03,Electronics-Accessories,27,0
2025-01-01,SKU-EA-03,Electronics-Accessories,26,0
2025-01-02,SKU-EA-03,Electronics-Accessories,32,0
2025-01-03,SKU-EA-03,Electronics-Accessories,37,0
2025-01-04,SKU-EA-03,Electronics-Accessories,20,0
2025-01-05,SKU-EA-03,Electronics-Accessories,96,0
2025-01-06,SKU-EA-03,Electronics-Accessories,155,1
2025-01-07,SKU-EA-03,Electronics-Accessories,154,1
2025-01-08,SKU-EA-03,Electronics-Accessories,44,0
2025-01-09,SKU-EA-03,Electronics-Accessories,24,0
2025-01-10,SKU-EA-03,Electronics-Accessories,27,0
2025-01-11,SKU-EA-03,Electronics-Accessories,100,0
2025-01-12,SKU-EA-03,Electronics-Accessories,13,0
2025-01-13,SKU-EA-03,Electronics-Accessories,48,0
2025-01-14,SKU-EA-03,Electronics-Accessories,12,0
2025-01-15,SKU-EA-03,Electronics-Accessories,24,0
2025-01-16,SKU-EA-03,Electronics-Accessories,60,0
2025-01-17,SKU-EA-03,Electronics-Accessories,79,0
2025-01-18,SKU-EA-03,Electronics-Accessories,118,0
2025-01-19,SKU-EA-03,Electronics-Accessories,48,0
2025-01-20,SKU-EA-03,Electronics-Accessories,14,0
2025-01-21,SKU-EA-03,Electronics-Accessories,32,0
2025-01-22,SKU-EA-03,Electronics-Accessories,31,0
2025-01-23,SKU-EA-03,Electronics-Accessories,28,0
2025-01-24,SKU-EA-03,Electronics-Accessories,89,0
2025-01-25,SKU-EA-03,Electronics-Accessories,28,0
2025-01-26,SKU-EA-03,Electronics-Accessories,51,0
2025-01-27,SKU-EA-03,Electronics-Accessories,44,0
2025-01-28,SKU-EA-03,Electronics-Accessories,34,0
2025-01-29,SKU-EA-03,Electronics-Accessories,19,0
2025-01-30,SKU-EA-03,Electronics-Accessories,22,0
2025-01-31,SKU-EA-03,Electronics-Accessories,14,0
2025-02-01,SKU-EA-03,Electronics-Accessories,49,0
2025-02-02,SKU-EA-03,Electronics-Accessories,34,0
2025-02-03,SKU-EA-03,Electronics-Accessories,9,0
2025-02-04,SKU-EA-03,Electronics-Accessories,22,0
2025-02-05,SKU-EA-03,Electronics-Accessories,24,0
2025-02-06,SKU-EA-03,Electronics-Accessories,16,0
2025-02-07,SKU-EA-03,Electronics-Accessories,15,0
2025-02-08,SKU-EA-03,Electronics-Accessories,81,1
2025-02-09,SKU-EA-03,Electronics-Accessories,41,0
2025-02-10,SKU-EA-03,Electronics-Accessories,14,0
2025-02-11,SKU-EA-03,Electronics-Accessories,35,0
2025-02-12,SKU-EA-03,Electronics-Accessories,21,0
2025-02-13,SKU-EA-03,Electronics-Accessories,48,0
2025-02-14,SKU-EA-03,Electronics-Accessories,20,0
2025-02-15,SKU-EA-03,Electronics-Accessories,67,0
2025-02-16,SKU-EA-03,Electronics-Accessories,17,0
2025-02-17,SKU-EA-03,Electronics-Accessories,21,0
2025-02-18,SKU-EA-03,Electronics-Accessories,19,0
2025-02-19,SKU-EA-03,Electronics-Accessories,32,0
2025-02-20,SKU-EA-03,Electronics-Accessories,20,0
2025-02-21,SKU-EA-03,Electronics-Accessories,31,0
2025-02-22,SKU-EA-03,Electronics-Accessories,70,0
2025-02-23,SKU-EA-03,Electronics-Accessories,41,0
2025-02-24,SKU-EA-03,Electronics-Accessories,14,0
2025-02-25,SKU-EA-03,Electronics-Accessories,10,0
2025-02-26,SKU-EA-03,Electronics-Accessories,22,0
2025-02-27,SKU-EA-03,Electronics-Accessories,15,0
2025-02-28,SKU-EA-03,Electronics-Accessories,44,0
2025-03-01,SKU-EA-03,Electronics-Accessories,41,0
2025-03-02,SKU-EA-03,Electronics-Accessories,17,0
2025-03-03,SKU-EA-03,Electronics-Accessories,73,0
2025-03-04,SKU-EA-03,Electronics-Accessories,29,0
2025-03-05,SKU-EA-03,Electronics-Accessories,13,0
2025-03-06,SKU-EA-03,Electronics-Accessories,21,0
2025-03-07,SKU-EA-03,Electronics-Accessories,49,0
2025-03-08,SKU-EA-03,Electronics-Accessories,26,0
2025-03-09,SKU-EA-03,Electronics-Accessories,47,0
2025-03-10,SKU-EA-03,Electronics-Accessories,20,0
2025-03-11,SKU-EA-03,Electronics-Accessories,23,0
2025-03-12,SKU-EA-03,Electronics-Accessories,22,0
2025-03-13,SKU-EA-03,Electronics-Accessories,33,0
2025-03-14,SKU-EA-03,Electronics-Accessories,52,0
2025-03-15,SKU-EA-03,Electronics-Accessories,22,0
2025-03-16,SKU-EA-03,Electronics-Accessories,28,0
2025-03-17,SKU-EA-03,Electronics-Accessories,25,0
2025-03-18,SKU-EA-03,Electronics-Accessories,14,0
2025-03-19,SKU-EA-03,Electronics-Accessories,20,0
2025-03-20,SKU-EA-03,Electronics-Accessories,58,1
2025-03-21,SKU-EA-03,Electronics-Accessories,34,0
2025-03-22,SKU-EA-03,Electronics-Accessories,50,0
2025-03-23,SKU-EA-03,Electronics-Accessories,26,0
2025-03-24,SKU-EA-03,Electronics-Accessories,48,0
2025-03-25,SKU-EA-03,Electronics-Accessories,51,0
2025-03-26,SKU-EA-03,Electronics-Accessories,11,0
2025-03-27,SKU-EA-03,Electronics-Accessories,8,0
2025-03-28,SKU-EA-03,Electronics-Accessories,23,0
2025-03-29,SKU-EA-03,Electronics-Accessories,40,0
2025-03-30,SKU-EA-03,Electronics-Accessories,41,0
2025-03-31,SKU-EA-03,Electronics-Accessories,21,0
2025-04-01,SKU-EA-03,Electronics-Accessories,10,0
2025-04-02,SKU-EA-03,Electronics-Accessories,29,0
2025-04-03,SKU-EA-03,Electronics-Accessories,21,0
2025-04-04,SKU-EA-03,Electronics-Accessories,15,0
2025-04-05,SKU-EA-03,Electronics-Accessories,24,0
2025-04-06,SKU-EA-03,Electronics-Accessories,51,0
2025-04-07,SKU-EA-03,Electronics-Accessories,18,0
2025-04-08,SKU-EA-03,Electronics-Accessories,25,0
2025-04-09,SKU-EA-03,Electronics-Accessories,20,0
2025-04-10,SKU-EA-03,Electronics-Accessories,41,0
2025-04-11,SKU-EA-03,Electronics-Accessories,20,0
2025-04-12,SKU-EA-03,Electronics-Accessories,30,0
2025-04-13,SKU-EA-03,Electronics-Accessories,15,0
2025-04-14,SKU-EA-03,Electronics-Accessories,9,0
2025-04-15,SKU-EA-03,Electronics-Accessories,53,0
2025-04-16,SKU-EA-03,Electronics-Accessories,26,0
2025-04-17,SKU-EA-03,Electronics-Accessories,30,0
2025-04-18,SKU-EA-03,Electronics-Accessories,54,0
2025-04-19,SKU-EA-03,Electronics-Accessories,60,0
2025-04-20,SKU-EA-03,Electronics-Accessories,45,1
2025-04-21,SKU-EA-03,Electronics-Accessories,15,0
2025-04-22,SKU-EA-03,Electronics-Accessories,30,0
2025-04-23,SKU-EA-03,Electronics-Accessories,26,0
2025-04-24,SKU-EA-03,Electronics-Accessories,26,0
2025-04-25,SKU-EA-03,Electronics-Accessories,26,0
2025-04-26,SKU-EA-03,Electronics-Accessories,53,0
2025-04-27,SKU-EA-03,Electronics-Accessories,39,0
2025-04-28,SKU-EA-03,Electronics-Accessories,30,0
2025-04-29,SKU-EA-03,Electronics-Accessories,15,0
2025-04-30,SKU-EA-03,Electronics-Accessories,19,0
2025-05-01,SKU-EA-03,Electronics-Accessories,11,0
2025-05-02,SKU-EA-03,Electronics-Accessories,36,0
2025-05-03,SKU-EA-03,Electronics-Accessories,53,0
2025-05-04,SKU-EA-03,Electronics-Accessories,151,0
2025-05-05,SKU-EA-03,Electronics-Accessories,23,0
2025-05-06,SKU-EA-03,Electronics-Accessories,18,0
2025-05-07,SKU-EA-03,Electronics-Accessories,23,0
2025-05-08,SKU-EA-03,Electronics-Accessories,46,0
2025-05-09,SKU-EA-03,Electronics-Accessories,39,0
2025-05-10,SKU-EA-03,Electronics-Accessories,21,0
2025-05-11,SKU-EA-03,Electronics-Accessories,61,0
2025-05-12,SKU-EA-03,Electronics-Accessories,32,0
2025-05-13,SKU-EA-03,Electronics-Accessories,13,0
2025-05-14,SKU-EA-03,Electronics-Accessories,50,0
2025-05-15,SKU-EA-03,Electronics-Accessories,67,0
2025-05-16,SKU-EA-03,Electronics-Accessories,64,0
2025-05-17,SKU-EA-03,Electronics-Accessories,24,0
2025-05-18,SKU-EA-03,Electronics-Accessories,22,0
2025-05-19,SKU-EA-03,Electronics-Accessories,74,0
2025-05-20,SKU-EA-03,Electronics-Accessories,28,0
2025-05-21,SKU-EA-03,Electronics-Accessories,18,0
2025-05-22,SKU-EA-03,Electronics-Accessories,38,0
2025-05-23,SKU-EA-03,Electronics-Accessories,31,0
2025-05-24,SKU-EA-03,Electronics-Accessories,46,0
2025-05-25,SKU-EA-03,Electronics-Accessories,40,0
2025-05-26,SKU-EA-03,Electronics-Accessories,24,0
2025-05-27,SKU-EA-03,Electronics-Accessories,11,0
2025-05-28,SKU-EA-03,Electronics-Accessories,7,0
2025-05-29,SKU-EA-03,Electronics-Accessories,20,0
2025-05-30,SKU-EA-03,Electronics-Accessories,17,0
2025-05-31,SKU-EA-03,Electronics-Accessories,32,0
2025-06-01,SKU-EA-03,Electronics-Accessories,92,0
2025-06-02,SKU-EA-03,Electronics-Accessories,16,0
2025-06-03,SKU-EA-03,Electronics-Accessories,16,0
2025-06-04,SKU-EA-03,Electronics-Accessories,27,0
2025-06-05,SKU-EA-03,Electronics-Accessories,33,0
2025-06-06,SKU-EA-03,Electronics-Accessories,10,0
2025-06-07,SKU-EA-03,Electronics-Accessories,22,0
2025-06-08,SKU-EA-03,Electronics-Accessories,38,0
2025-06-09,SKU-EA-03,Electronics-Accessories,34,0
2025-06-10,SKU-EA-03,Electronics-Accessories,24,0
2025-06-11,SKU-EA-03,Electronics-Accessories,35,0
2025-06-12,SKU-EA-03,Electronics-Accessories,13,0
2025-06-13,SKU-EA-03,Electronics-Accessories,111,1
2025-06-14,SKU-EA-03,Electronics-Accessories,24,0
2025-06-15,SKU-EA-03,Electronics-Accessories,24,0
2025-06-16,SKU-EA-03,Electronics-Accessories,13,0
2025-06-17,SKU-EA-03,Electronics-Accessories,20,0
2025-06-18,SKU-EA-03,Electronics-Accessories,21,0
2025-06-19,SKU-EA-03,Electronics-Accessories,12,0
2025-06-20,SKU-EA-03,Electronics-Accessories,21,0
2025-06-21,SKU-EA-03,Electronics-Accessories,15,0
2025-06-22,SKU-EA-03,Electronics-Accessories,45,0
2025-06-23,SKU-EA-03,Electronics-Accessories,25,0
2025-06-24,SKU-EA-03,Electronics-Accessories,16,0
2025-06-25,SKU-EA-03,Electronics-Accessories,50,0
2025-06-26,SKU-EA-03,Electronics-Accessories,34,0
2025-06-27,SKU-EA-03,Electronics-Accessories,30,0
2025-06-28,SKU-EA-03,Electronics-Accessories,37,0
2025-06-29,SKU-EA-03,Electronics-Accessories,37,0
2025-06-30,SKU-EA-03,Electronics-Accessories,21,0
2025-07-01,SKU-EA-03,Electronics-Accessories,35,0
2023-01-01,SKU-EA-04,Electronics-Accessories,59,0
2023-01-02,SKU-EA-04,Electronics-Accessories,23,0
2023-01-03,SKU-EA-04,Electronics-Accessories,30,0
2023-01-04,SKU-EA-04,Electronics-Accessories,47,0
2023-01-05,SKU-EA-04,Electronics-Accessories,34,0
2023-01-06,SKU-EA-04,Electronics-Accessories,13,0
2023-01-07,SKU-EA-04,Electronics-Accessories,18,0
2023-01-08,SKU-EA-04,Electronics-Accessories,48,0
2023-01-09,SKU-EA-04,Electronics-Accessories,26,0
2023-01-10,SKU-EA-04,Electronics-Accessories,42,0
2023-01-11,SKU-EA-04,Electronics-Accessories,22,0
2023-01-12,SKU-EA-04,Electronics-Accessories,53,0
2023-01-13,SKU-EA-04,Electronics-Accessories,5,0
2023-01-14,SKU-EA-04,Electronics-Accessories,75,0
2023-01-15,SKU-EA-04,Electronics-Accessories,115,0
2023-01-16,SKU-EA-04,Electronics-Accessories,4,0
2023-01-17,SKU-EA-04,Electronics-Accessories,66,0
2023-01-18,SKU-EA-04,Electronics-Accessories,29,0
2023-01-19,SKU-EA-04,Electronics-Accessories,18,0
2023-01-20,SKU-EA-04,Electronics-Accessories,49,0
2023-01-21,SKU-EA-04,Electronics-Accessories,58,1
2023-01-22,SKU-EA-04,Electronics-Accessories,32,0
2023-01-23,SKU-EA-04,Electronics-Accessories,47,0
2023-01-24,SKU-EA-04,Electronics-Accessories,56,0
2023-01-25,SKU-EA-04,Electronics-Accessories,14,0
2023-01-26,SKU-EA-04,Electronics-Accessories,39,0
2023-01-27,SKU-EA-04,Electronics-Accessories,25,0
2023-01-28,SKU-EA-04,Electronics-Accessories,45,0
2023-01-29,SKU-EA-04,Electronics-Accessories,71,0
2023-01-30,SKU-EA-04,Electronics-Accessories,23,0
2023-01-31,SKU-EA-04,Electronics-Accessories,81,1
2023-02-01,SKU-EA-04,Electronics-Accessories,14,0
2023-02-02,SKU-EA-04,Electronics-Accessories,42,0
2023-02-03,SKU-EA-04,Electronics-Accessories,19,0
2023-02-04,SKU-EA-04,Electronics-Accessories,54,0
2023-02-05,SKU-EA-04,Electronics-Accessories,38,0
2023-02-06,SKU-EA-04,Electronics-Accessories,25,0
2023-02-07,SKU-EA-04,Electronics-Accessories,20,0
2023-02-08,SKU-EA-04,Electronics-Accessories,6,0
2023-02-09,SKU-EA-04,Electronics-Accessories,20,0
2023-02-10,SKU-EA-04,Electronics-Accessories,28,0
2023-02-11,SKU-EA-04,Electronics-Accessories,43,0
2023-02-12,SKU-EA-04,Electronics-Accessories,25,0
2023-02-13,SKU-EA-04,Electronics-Accessories,73,1
2023-02-14,SKU-EA-04,Electronics-Accessories,25,0
2023-02-15,SKU-EA-04,Electronics-Accessories,48,0
2023-02-16,SKU-EA-04,Electronics-Accessories,13,0
2023-02-17,SKU-EA-04,Electronics-Accessories,27,0
2023-02-18,SKU-EA-04,Electronics-Accessories,24,0
2023-02-19,SKU-EA-04,Electronics-Accessories,12,0
2023-02-20,SKU-EA-04,Electronics-Accessories,68,0
2023-02-21,SKU-EA-04,Electronics-Accessories,45,0
2023-02-22,SKU-EA-04,Electronics-Accessories,18,0
2023-02-23,SKU-EA-04,Electronics-Accessories,29,0
2023-02-24,SKU-EA-04,Electronics-Accessories,17,0
2023-02-25,SKU-EA-04,Electronics-Accessories,32,0
2023-02-26,SKU-EA-04,Electronics-Accessories,35,0
2023-02-27,SKU-EA-04,Electronics-Accessories,11,0
2023-02-28,SKU-EA-04,Electronics-Accessories,9,0
2023-03-01,SKU-EA-04,Electronics-Accessories,18,0
2023-03-02,SKU-EA-04,Electronics-Accessories,27,0
2023-03-03,SKU-EA-04,Electronics-Accessories,58,0
2023-03-04,SKU-EA-04,Electronics-Accessories,84,0
2023-03-05,SKU-EA-04,Electronics-Accessories,12,0
2023-03-06,SKU-EA-04,Electronics-Accessories,21,0
2023-03-07,SKU-EA-04,Electronics-Accessories,9,0
2023-03-08,SKU-EA-04,Electronics-Accessories,12,0
2023-03-09,SKU-EA-04,Electronics-Accessories,21,0
2023-03-10,SKU-EA-04,Electronics-Accessories,4,0
2023-03-11,SKU-EA-04,Electronics-Accessories,16,0
2023-03-12,SKU-EA-04,Electronics-Accessories,23,0
2023-03-13,SKU-EA-04,Electronics-Accessories,24,0
2023-03-14,SKU-EA-04,Electronics-Accessories,21,0
2023-03-15,SKU-EA-04,Electronics-Accessories,20,0
2023-03-16,SKU-EA-04,Electronics-Accessories,11,0
2023-03-17,SKU-EA-04,Electronics-Accessories,15,0
2023-03-18,SKU-EA-04,Electronics-Accessories,54,0
2023-03-19,SKU-EA-04,Electronics-Accessories,46,0
2023-03-20,SKU-EA-04,Electronics-Accessories,17,0
2023-03-21,SKU-EA-04,Electronics-Accessories,15,0
2023-03-22,SKU-EA-04,Electronics-Accessories,21,0
2023-03-23,SKU-EA-04,Electronics-Accessories,81,0
2023-03-24,SKU-EA-04,Electronics-Accessories,17,0
2023-03-25,SKU-EA-04,Electronics-Accessories,10,0
2023-03-26,SKU-EA-04,Electronics-Accessories,32,0
2023-03-27,SKU-EA-04,Electronics-Accessories,19,1
2023-03-28,SKU-EA-04,Electronics-Accessories,25,0
2023-03-29,SKU-EA-04,Electronics-Accessories,2,0
2023-03-30,SKU-EA-04,Electronics-Accessories,28,0
2023-03-31,SKU-EA-04,Electronics-Accessories,12,0
2023-04-01,SKU-EA-04,Electronics-Accessories,16,0
2023-04-02,SKU-EA-04,Electronics-Accessories,50,0
2023-04-03,SKU-EA-04,Electronics-Accessories,12,0
2023-04-04,SKU-EA-04,Electronics-Accessories,10,0
2023-04-05,SKU-EA-04,Electronics-Accessories,22,0
2023-04-06,SKU-EA-04,Electronics-Accessories,26,0
2023-04-07,SKU-EA-04,Electronics-Accessories,45,0
2023-04-08,SKU-EA-04,Electronics-Accessories,41,0
2023-04-09,SKU-EA-04,Electronics-Accessories,84,0
2023-04-10,SKU-EA-04,Electronics-Accessories,57,0
2023-04-11,SKU-EA-04,Electronics-Accessories,6,0
2023-04-12,SKU-EA-04,Electronics-Accessories,33,0
2023-04-13,SKU-EA-04,Electronics-Accessories,2,0
2023-04-14,SKU-EA-04,Electronics-Accessories,26,0
2023-04-15,SKU-EA-04,Electronics-Accessories,36,0
2023-04-16,SKU-EA-04,Electronics-Accessories,13,0
2023-04-17,SKU-EA-04,Electronics-Accessories,37,0
2023-04-18,SKU-EA-04,Electronics-Accessories,17,1
2023-04-19,SKU-EA-04,Electronics-Accessories,18,0
2023-04-20,SKU-EA-04,Electronics-Accessories,29,0
2023-04-21,SKU-EA-04,Electronics-Accessories,74,0
2023-04-22,SKU-EA-04,Electronics-Accessories,76,0
2023-04-23,SKU-EA-04,Electronics-Accessories,78,0
2023-04-24,SKU-EA-04,Electronics-Accessories,6,0
2023-04-25,SKU-EA-04,Electronics-Accessories,39,0
2023-04-26,SKU-EA-04,Electronics-Accessories,38,0
2023-04-27,SKU-EA-04,Electronics-Accessories,2,0
2023-04-28,SKU-EA-04,Electronics-Accessories,33,0
2023-04-29,SKU-EA-04,Electronics-Accessories,22,0
2023-04-30,SKU-EA-04,Electronics-Accessories,73,0
2023-05-01,SKU-EA-04,Electronics-Accessories,19,0
2023-05-02,SKU-EA-04,Electronics-Accessories,24,0
2023-05-03,SKU-EA-04,Electronics-Accessories,31,0
2023-05-04,SKU-EA-04,Electronics-Accessories,41,0
2023-05-05,SKU-EA-04,Electronics-Accessories,24,0
2023-05-06,SKU-EA-04,Electronics-Accessories,47,0
2023-05-07,SKU-EA-04,Electronics-Accessories,13,0
2023-05-08,SKU-EA-04,Electronics-Accessories,17,0
2023-05-09,SKU-EA-04,Electronics-Accessories,17,0
2023-05-10,SKU-EA-04,Electronics-Accessories,25,0
2023-05-11,SKU-EA-04,Electronics-Accessories,15,0
2023-05-12,SKU-EA-04,Electronics-Accessories,7,0
2023-05-13,SKU-EA-04,Electronics-Accessories,22,0
2023-05-14,SKU-EA-04,Electronics-Accessories,87,0
2023-05-15,SKU-EA-04,Electronics-Accessories,19,0
2023-05-16,SKU-EA-04,Electronics-Accessories,23,0
2023-05-17,SKU-EA-04,Electronics-Accessories,19,0
2023-05-18,SKU-EA-04,Electronics-Accessories,2,0
2023-05-19,SKU-EA-04,Electronics-Accessories,38,1
2023-05-20,SKU-EA-04,Electronics-Accessories,43,0
2023-05-21,SKU-EA-04,Electronics-Accessories,77,0
2023-05-22,SKU-EA-04,Electronics-Accessories,10,0
2023-05-23,SKU-EA-04,Electronics-Accessories,36,0
2023-05-24,SKU-EA-04,Electronics-Accessories,23,0
2023-05-25,SKU-EA-04,Electronics-Accessories,40,0
2023-05-26,SKU-EA-04,Electronics-Accessories,44,0
2023-05-27,SKU-EA-04,Electronics-Accessories,46,0
2023-05-28,SKU-EA-04,Electronics-Accessories,24,0
2023-05-29,SKU-EA-04,Electronics-Accessories,22,0
2023-05-30,SKU-EA-04,Electronics-Accessories,23,0
2023-05-31,SKU-EA-04,Electronics-Accessories,33,0
2023-06-01,SKU-EA-04,Electronics-Accessories,22,0
2023-06-02,SKU-EA-04,Electronics-Accessories,47,0
2023-06-03,SKU-EA-04,Electronics-Accessories,46,0
2023-06-04,SKU-EA-04,Electronics-Accessories,36,0
2023-06-05,SKU-EA-04,Electronics-Accessories,16,0
2023-06-06,SKU-EA-04,Electronics-Accessories,12,0
2023-06-07,SKU-EA-04,Electronics-Accessories,15,0
2023-06-08,SKU-EA-04,Electronics-Accessories,30,0
2023-06-09,SKU-EA-04,Electronics-Accessories,13,0
2023-06-10,SKU-EA-04,Electronics-Accessories,17,0
2023-06-11,SKU-EA-04,Electronics-Accessories,68,0
2023-06-12,SKU-EA-04,Electronics-Accessories,31,1
2023-06-13,SKU-EA-04,Electronics-Accessories,32,0
2023-06-14,SKU-EA-04,Electronics-Accessories,14,0
2023-06-15,SKU-EA-04,Electronics-Accessories,27,0
2023-06-16,SKU-EA-04,Electronics-Accessories,86,0
2023-06-17,SKU-EA-04,Electronics-Accessories,34,0
2023-06-18,SKU-EA-04,Electronics-Accessories,16,0
2023-06-19,SKU-EA-04,Electronics-Accessories,19,0
2023-06-20,SKU-EA-04,Electronics-Accessories,8,0
2023-06-21,SKU-EA-04,Electronics-Accessories,24,0
2023-06-22,SKU-EA-04,Electronics-Accessories,22,0
2023-06-23,SKU-EA-04,Electronics-Accessories,29,0
2023-06-24,SKU-EA-04,Electronics-Accessories,11,0
2023-06-25,SKU-EA-04,Electronics-Accessories,20,0
2023-06-26,SKU-EA-04,Electronics-Accessories,18,0
2023-06-27,SKU-EA-04,Electronics-Accessories,7,0
2023-06-28,SKU-EA-04,Electronics-Accessories,27,0
2023-06-29,SKU-EA-04,Electronics-Accessories,21,0
2023-06-30,SKU-EA-04,Electronics-Accessories,8,0
2023-07-01,SKU-EA-04,Electronics-Accessories,70,0
2023-07-02,SKU-EA-04,Electronics-Accessories,14,0
2023-07-03,SKU-EA-04,Electronics-Accessories,32,0
2023-07-04,SKU-EA-04,Electronics-Accessories,25,0
2023-07-05,SKU-EA-04,Electronics-Accessories,102,1
2023-07-06,SKU-EA-04,Electronics-Accessories,62,1
2023-07-07,SKU-EA-04,Electronics-Accessories,41,0
2023-07-08,SKU-EA-04,Electronics-Accessories,26,0
2023-07-09,SKU-EA-04,Electronics-Accessories,10,0
2023-07-10,SKU-EA-04,Electronics-Accessories,17,0
2023-07-11,SKU-EA-04,Electronics-Accessories,17,0
2023-07-12,SKU-EA-04,Electronics-Accessories,91,0
2023-07-13,SKU-EA-04,Electronics-Accessories,38,0
2023-07-14,SKU-EA-04,Electronics-Accessories,21,0
2023-07-15,SKU-EA-04,Electronics-Accessories,120,1
2023-07-16,SKU-EA-04,Electronics-Accessories,56,0
2023-07-17,SKU-EA-04,Electronics-Accessories,1,0
2023-07-18,SKU-EA-04,Electronics-Accessories,54,0
2023-07-19,SKU-EA-04,Electronics-Accessories,26,0
2023-07-20,SKU-EA-04,Electronics-Accessories,91,0
2023-07-21,SKU-EA-04,Electronics-Accessories,46,0
2023-07-22,SKU-EA-04,Electronics-Accessories,33,0
2023-07-23,SKU-EA-04,Electronics-Accessories,44,0
2023-07-24,SKU-EA-04,Electronics-Accessories,5,0
2023-07-25,SKU-EA-04,Electronics-Accessories,11,0
2023-07-26,SKU-EA-04,Electronics-Accessories,9,0
2023-07-27,SKU-EA-04,Electronics-Accessories,33,0
2023-07-28,SKU-EA-04,Electronics-Accessories,12,0
2023-07-29,SKU-EA-04,Electronics-Accessories,26,0
2023-07-30,SKU-EA-04,Electronics-Accessories,24,0
2023-07-31,SKU-EA-04,Electronics-Accessories,8,0
2023-08-01,SKU-EA-04,Electronics-Accessories,27,0
2023-08-02,SKU-EA-04,Electronics-Accessories,37,0
2023-08-03,SKU-EA-04,Electronics-Accessories,25,0
2023-08-04,SKU-EA-04,Electronics-Accessories,4,0
2023-08-05,SKU-EA-04,Electronics-Accessories,49,0
2023-08-06,SKU-EA-04,Electronics-Accessories,49,1
2023-08-07,SKU-EA-04,Electronics-Accessories,30,0
2023-08-08,SKU-EA-04,Electronics-Accessories,28,0
2023-08-09,SKU-EA-04,Electronics-Accessories,56,0
2023-08-10,SKU-EA-04,Electronics-Accessories,24,0
2023-08-11,SKU-EA-04,Electronics-Accessories,17,0
2023-08-12,SKU-EA-04,Electronics-Accessories,70,0
2023-08-13,SKU-EA-04,Electronics-Accessories,41,0
2023-08-14,SKU-EA-04,Electronics-Accessories,8,0
2023-08-15,SKU-EA-04,Electronics-Accessories,15,0
2023-08-16,SKU-EA-04,Electronics-Accessories,52,0
2023-08-17,SKU-EA-04,Electronics-Accessories,28,0
2023-08-18,SKU-EA-04,Electronics-Accessories,16,0
2023-08-19,SKU-EA-04,Electronics-Accessories,48,0
2023-08-20,SKU-EA-04,Electronics-Accessories,37,0
2023-08-21,SKU-EA-04,Electronics-Accessories,14,0
2023-08-22,SKU-EA-04,Electronics-Accessories,36,0
2023-08-23,SKU-EA-04,Electronics-Accessories,11,0
2023-08-24,SKU-EA-04,Electronics-Accessories,32,0
2023-08-25,SKU-EA-04,Electronics-Accessories,52,0
2023-08-26,SKU-EA-04,Electronics-Accessories,55,0
2023-08-27,SKU-EA-04,Electronics-Accessories,154,1
2023-08-28,SKU-EA-04,Electronics-Accessories,31,0
2023-08-29,SKU-EA-04,Electronics-Accessories,20,0
2023-08-30,SKU-EA-04,Electronics-Accessories,40,0
2023-08-31,SKU-EA-04,Electronics-Accessories,19,0
2023-09-01,SKU-EA-04,Electronics-Accessories,17,0
2023-09-02,SKU-EA-04,Electronics-Accessories,26,0
2023-09-03,SKU-EA-04,Electronics-Accessories,44,0
2023-09-04,SKU-EA-04,Electronics-Accessories,9,0
2023-09-05,SKU-EA-04,Electronics-Accessories,32,0
2023-09-06,SKU-EA-04,Electronics-Accessories,22,0
2023-09-07,SKU-EA-04,Electronics-Accessories,88,0
2023-09-08,SKU-EA-04,Electronics-Accessories,36,0
2023-09-09,SKU-EA-04,Electronics-Accessories,48,1
2023-09-10,SKU-EA-04,Electronics-Accessories,43,0
2023-09-11,SKU-EA-04,Electronics-Accessories,17,0
2023-09-12,SKU-EA-04,Electronics-Accessories,14,0
2023-09-13,SKU-EA-04,Electronics-Accessories,25,0
2023-09-14,SKU-EA-04,Electronics-Accessories,32,0
2023-09-15,SKU-EA-04,Electronics-Accessories,66,0
2023-09-16,SKU-EA-04,Electronics-Accessories,14,0
2023-09-17,SKU-EA-04,Electronics-Accessories,24,0
2023-09-18,SKU-EA-04,Electronics-Accessories,21,0
2023-09-19,SKU-EA-04,Electronics-Accessories,19,0
2023-09-20,SKU-EA-04,Electronics-Accessories,27,0
2023-09-21,SKU-EA-04,Electronics-Accessories,25,0
2023-09-22,SKU-EA-04,Electronics-Accessories,26,0
2023-09-23,SKU-EA-04,Electronics-Accessories,112,0
2023-09-24,SKU-EA-04,Electronics-Accessories,6,0
2023-09-25,SKU-EA-04,Electronics-Accessories,13,0
2023-09-26,SKU-EA-04,Electronics-Accessories,37,0
2023-09-27,SKU-EA-04,Electronics-Accessories,31,0
2023-09-28,SKU-EA-04,Electronics-Accessories,18,0
2023-09-29,SKU-EA-04,Electronics-Accessories,54,0
2023-09-30,SKU-EA-04,Electronics-Accessories,25,0
2023-10-01,SKU-EA-04,Electronics-Accessories,250,1
2023-10-02,SKU-EA-04,Electronics-Accessories,18,0
2023-10-03,SKU-EA-04,Electronics-Accessories,34,0
2023-10-04,SKU-EA-04,Electronics-Accessories,26,0
2023-10-05,SKU-EA-04,Electronics-Accessories,20,0
2023-10-06,SKU-EA-04,Electronics-Accessories,11,0
2023-10-07,SKU-EA-04,Electronics-Accessories,67,0
2023-10-08,SKU-EA-04,Electronics-Accessories,99,0
2023-10-09,SKU-EA-04,Electronics-Accessories,13,0
2023-10-10,SKU-EA-04,Electronics-Accessories,18,0
2023-10-11,SKU-EA-04,Electronics-Accessories,10,0
2023-10-12,SKU-EA-04,Electronics-Accessories,74,0
2023-10-13,SKU-EA-04,Electronics-Accessories,17,0
2023-10-14,SKU-EA-04,Electronics-Accessories,87,0
2023-10-15,SKU-EA-04,Electronics-Accessories,14,0
2023-10-16,SKU-EA-04,Electronics-Accessories,22,0
2023-10-17,SKU-EA-04,Electronics-Accessories,11,0
2023-10-18,SKU-EA-04,Electronics-Accessories,46,0
2023-10-19,SKU-EA-04,Electronics-Accessories,34,0
2023-10-20,SKU-EA-04,Electronics-Accessories,119,0
2023-10-21,SKU-EA-04,Electronics-Accessories,52,0
2023-10-22,SKU-EA-04,Electronics-Accessories,25,0
2023-10-23,SKU-EA-04,Electronics-Accessories,54,0
2023-10-24,SKU-EA-04,Electronics-Accessories,16,0
2023-10-25,SKU-EA-04,Electronics-Accessories,16,0
2023-10-26,SKU-EA-04,Electronics-Accessories,52,0
2023-10-27,SKU-EA-04,Electronics-Accessories,153,1
2023-10-28,SKU-EA-04,Electronics-Accessories,27,0
2023-10-29,SKU-EA-04,Electronics-Accessories,42,0
2023-10-30,SKU-EA-04,Electronics-Accessories,19,0
2023-10-31,SKU-EA-04,Electronics-Accessories,76,0
2023-11-01,SKU-EA-04,Electronics-Accessories,192,1
2023-11-02,SKU-EA-04,Electronics-Accessories,31,0
2023-11-03,SKU-EA-04,Electronics-Accessories,66,0
2023-11-04,SKU-EA-04,Electronics-Accessories,67,0
2023-11-05,SKU-EA-04,Electronics-Accessories,72,0
2023-11-06,SKU-EA-04,Electronics-Accessories,26,0
2023-11-07,SKU-EA-04,Electronics-Accessories,46,0
2023-11-08,SKU-EA-04,Electronics-Accessories,76,0
2023-11-09,SKU-EA-04,Electronics-Accessories,51,0
2023-11-10,SKU-EA-04,Electronics-Accessories,117,1
2023-11-11,SKU-EA-04,Electronics-Accessories,96,0
2023-11-12,SKU-EA-04,Electronics-Accessories,49,0
2023-11-13,SKU-EA-04,Electronics-Accessories,107,1
2023-11-14,SKU-EA-04,Electronics-Accessories,26,0
2023-11-15,SKU-EA-04,Electronics-Accessories,95,0
2023-11-16,SKU-EA-04,Electronics-Accessories,86,0
2023-11-17,SKU-EA-04,Electronics-Accessories,50,0
2023-11-18,SKU-EA-04,Electronics-Accessories,22,0
2023-11-19,SKU-EA-04,Electronics-Accessories,285,0
2023-11-20,SKU-EA-04,Electronics-Accessories,5,0
2023-11-21,SKU-EA-04,Electronics-Accessories,48,0
2023-11-22,SKU-EA-04,Electronics-Accessories,83,0
2023-11-23,SKU-EA-04,Electronics-Accessories,56,0
2023-11-24,SKU-EA-04,Electronics-Accessories,32,0
2023-11-25,SKU-EA-04,Electronics-Accessories,88,0
2023-11-26,SKU-EA-04,Electronics-Accessories,42,0
2023-11-27,SKU-EA-04,Electronics-Accessories,36,0
2023-11-28,SKU-EA-04,Electronics-Accessories,42,0
2023-11-29,SKU-EA-04,Electronics-Accessories,34,0
2023-11-30,SKU-EA-04,Electronics-Accessories,93,0
2023-12-01,SKU-EA-04,Electronics-Accessories,50,0
2023-12-02,SKU-EA-04,Electronics-Accessories,51,0
2023-12-03,SKU-EA-04,Electronics-Accessories,18,0
2023-12-04,SKU-EA-04,Electronics-Accessories,34,0
2023-12-05,SKU-EA-04,Electronics-Accessories,123,0
2023-12-06,SKU-EA-04,Electronics-Accessories,72,0
2023-12-07,SKU-EA-04,Electronics-Accessories,55,0
2023-12-08,SKU-EA-04,Electronics-Accessories,138,0
2023-12-09,SKU-EA-04,Electronics-Accessories,40,0
2023-12-10,SKU-EA-04,Electronics-Accessories,61,0
2023-12-11,SKU-EA-04,Electronics-Accessories,45,0
2023-12-12,SKU-EA-04,Electronics-Accessories,32,0
2023-12-13,SKU-EA-04,Electronics-Accessories,19,0
2023-12-14,SKU-EA-04,Electronics-Accessories,20,0
2023-12-15,SKU-EA-04,Electronics-Accessories,73,0
2023-12-16,SKU-EA-04,Electronics-Accessories,43,0
2023-12-17,SKU-EA-04,Electronics-Accessories,15,0
2023-12-18,SKU-EA-04,Electronics-Accessories,41,0
2023-12-19,SKU-EA-04,Electronics-Accessories,26,0
2023-12-20,SKU-EA-04,Electronics-Accessories,27,0
2023-12-21,SKU-EA-04,Electronics-Accessories,59,0
2023-12-22,SKU-EA-04,Electronics-Accessories,48,0
2023-12-23,SKU-EA-04,Electronics-Accessories,130,0
2023-12-24,SKU-EA-04,Electronics-Accessories,75,0
2023-12-25,SKU-EA-04,Electronics-Accessories,72,0
2023-12-26,SKU-EA-04,Electronics-Accessories,17,0
2023-12-27,SKU-EA-04,Electronics-Accessories,81,0
2023-12-28,SKU-EA-04,Electronics-Accessories,37,0
2023-12-29,SKU-EA-04,Electronics-Accessories,38,0
2023-12-30,SKU-EA-04,Electronics-Accessories,35,0
2023-12-31,SKU-EA-04,Electronics-Accessories,25,0
2024-01-01,SKU-EA-04,Electronics-Accessories,58,0
2024-01-02,SKU-EA-04,Electronics-Accessories,40,0
2024-01-03,SKU-EA-04,Electronics-Accessories,21,0
2024-01-04,SKU-EA-04,Electronics-Accessories,6,0
2024-01-05,SKU-EA-04,Electronics-Accessories,45,0
2024-01-06,SKU-EA-04,Electronics-Accessories,37,0
2024-01-07,SKU-EA-04,Electronics-Accessories,41,1
2024-01-08,SKU-EA-04,Electronics-Accessories,48,1
2024-01-09,SKU-EA-04,Electronics-Accessories,59,0
2024-01-10,SKU-EA-04,Electronics-Accessories,72,1
2024-01-11,SKU-EA-04,Electronics-Accessories,27,0
2024-01-12,SKU-EA-04,Electronics-Accessories,34,0
2024-01-13,SKU-EA-04,Electronics-Accessories,32,0
2024-01-14,SKU-EA-04,Electronics-Accessories,65,0
2024-01-15,SKU-EA-04,Electronics-Accessories,56,0
2024-01-16,SKU-EA-04,Electronics-Accessories,17,0
2024-01-17,SKU-EA-04,Electronics-Accessories,26,0
2024-01-18,SKU-EA-04,Electronics-Accessories,27,0
2024-01-19,SKU-EA-04,Electronics-Accessories,6,0
2024-01-20,SKU-EA-04,Electronics-Accessories,99,0
2024-01-21,SKU-EA-04,Electronics-Accessories,65,0
2024-01-22,SKU-EA-04,Electronics-Accessories,64,0
2024-01-23,SKU-EA-04,Electronics-Accessories,38,0
2024-01-24,SKU-EA-04,Electronics-Accessories,23,0
2024-01-25,SKU-EA-04,Electronics-Accessories,39,0
2024-01-26,SKU-EA-04,Electronics-Accessories,44,0
2024-01-27,SKU-EA-04,Electronics-Accessories,67,0
2024-01-28,SKU-EA-04,Electronics-Accessories,25,0
2024-01-29,SKU-EA-04,Electronics-Accessories,26,0
2024-01-30,SKU-EA-04,Electronics-Accessories,34,0
2024-01-31,SKU-EA-04,Electronics-Accessories,11,0
2024-02-01,SKU-EA-04,Electronics-Accessories,17,0
2024-02-02,SKU-EA-04,Electronics-Accessories,30,0
2024-02-03,SKU-EA-04,Electronics-Accessories,13,0
2024-02-04,SKU-EA-04,Electronics-Accessories,68,0
2024-02-05,SKU-EA-04,Electronics-Accessories,18,0
2024-02-06,SKU-EA-04,Electronics-Accessories,43,0
2024-02-07,SKU-EA-04,Electronics-Accessories,41,0
2024-02-08,SKU-EA-04,Electronics-Accessories,21,0
2024-02-09,SKU-EA-04,Electronics-Accessories,63,0
2024-02-10,SKU-EA-04,Electronics-Accessories,27,0
2024-02-11,SKU-EA-04,Electronics-Accessories,27,0
2024-02-12,SKU-EA-04,Electronics-Accessories,34,0
2024-02-13,SKU-EA-04,Electronics-Accessories,24,0
2024-02-14,SKU-EA-04,Electronics-Accessories,62,0
2024-02-15,SKU-EA-04,Electronics-Accessories,14,0
2024-02-16,SKU-EA-04,Electronics-Accessories,41,0
2024-02-17,SKU-EA-04,Electronics-Accessories,8,0
2024-02-18,SKU-EA-04,Electronics-Accessories,14,0
2024-02-19,SKU-EA-04,Electronics-Accessories,2,0
2024-02-20,SKU-EA-04,Electronics-Accessories,2,0
2024-02-21,SKU-EA-04,Electronics-Accessories,40,0
2024-02-22,SKU-EA-04,Electronics-Accessories,16,0
2024-02-23,SKU-EA-04,Electronics-Accessories,20,0
2024-02-24,SKU-EA-04,Electronics-Accessories,56,0
2024-02-25,SKU-EA-04,Electronics-Accessories,73,1
2024-02-26,SKU-EA-04,Electronics-Accessories,63,0
2024-02-27,SKU-EA-04,Electronics-Accessories,14,0
2024-02-28,SKU-EA-04,Electronics-Accessories,26,0
2024-02-29,SKU-EA-04,Electronics-Accessories,34,0
2024-03-01,SKU-EA-04,Electronics-Accessories,28,0
2024-03-02,SKU-EA-04,Electronics-Accessories,13,0
2024-03-03,SKU-EA-04,Electronics-Accessories,33,0
2024-03-04,SKU-EA-04,Electronics-Accessories,17,0
2024-03-05,SKU-EA-04,Electronics-Accessories,30,0
2024-03-06,SKU-EA-04,Electronics-Accessories,14,0
2024-03-07,SKU-EA-04,Electronics-Accessories,108,0
2024-03-08,SKU-EA-04,Electronics-Accessories,43,0
2024-03-09,SKU-EA-04,Electronics-Accessories,31,0
2024-03-10,SKU-EA-04,Electronics-Accessories,55,0
2024-03-11,SKU-EA-04,Electronics-Accessories,28,0
2024-03-12,SKU-EA-04,Electronics-Accessories,22,0
2024-03-13,SKU-EA-04,Electronics-Accessories,23,0
2024-03-14,SKU-EA-04,Electronics-Accessories,10,0
2024-03-15,SKU-EA-04,Electronics-Accessories,70,0
2024-03-16,SKU-EA-04,Electronics-Accessories,29,0
2024-03-17,SKU-EA-04,Electronics-Accessories,6,0
2024-03-18,SKU-EA-04,Electronics-Accessories,7,0
2024-03-19,SKU-EA-04,Electronics-Accessories,66,0
2024-03-20,SKU-EA-04,Electronics-Accessories,7,0
2024-03-21,SKU-EA-04,Electronics-Accessories,29,0
2024-03-22,SKU-EA-04,Electronics-Accessories,35,0
2024-03-23,SKU-EA-04,Electronics-Accessories,72,0
2024-03-24,SKU-EA-04,Electronics-Accessories,79,0
2024-03-25,SKU-EA-04,Electronics-Accessories,19,0
2024-03-26,SKU-EA-04,Electronics-Accessories,64,0
2024-03-27,SKU-EA-04,Electronics-Accessories,23,0
2024-03-28,SKU-EA-04,Electronics-Accessories,64,0
2024-03-29,SKU-EA-04,Electronics-Accessories,47,0
2024-03-30,SKU-EA-04,Electronics-Accessories,14,0
2024-03-31,SKU-EA-04,Electronics-Accessories,48,0
2024-04-01,SKU-EA-04,Electronics-Accessories,23,0
2024-04-02,SKU-EA-04,Electronics-Accessories,16,0
2024-04-03,SKU-EA-04,Electronics-Accessories,18,0
2024-04-04,SKU-EA-04,Electronics-Accessories,27,0
2024-04-05,SKU-EA-04,Electronics-Accessories,55,0
2024-04-06,SKU-EA-04,Electronics-Accessories,130,0
2024-04-07,SKU-EA-04,Electronics-Accessories,19,0
2024-04-08,SKU-EA-04,Electronics-Accessories,6,0
2024-04-09,SKU-EA-04,Electronics-Accessories,19,0
2024-04-10,SKU-EA-04,Electronics-Accessories,17,0
2024-04-11,SKU-EA-04,Electronics-Accessories,31,0
2024-04-12,SKU-EA-04,Electronics-Accessories,18,0
2024-04-13,SKU-EA-04,Electronics-Accessories,6,0
2024-04-14,SKU-EA-04,Electronics-Accessories,16,0
2024-04-15,SKU-EA-04,Electronics-Accessories,19,0
2024-04-16,SKU-EA-04,Electronics-Accessories,45,0
2024-04-17,SKU-EA-04,Electronics-Accessories,60,0
2024-04-18,SKU-EA-04,Electronics-Accessories,69,0
2024-04-19,SKU-EA-04,Electronics-Accessories,5,0
2024-04-20,SKU-EA-04,Electronics-Accessories,26,1
2024-04-21,SKU-EA-04,Electronics-Accessories,88,0
2024-04-22,SKU-EA-04,Electronics-Accessories,54,0
2024-04-23,SKU-EA-04,Electronics-Accessories,26,0
2024-04-24,SKU-EA-04,Electronics-Accessories,34,0
2024-04-25,SKU-EA-04,Electronics-Accessories,12,0
2024-04-26,SKU-EA-04,Electronics-Accessories,60,0
2024-04-27,SKU-EA-04,Electronics-Accessories,31,0
2024-04-28,SKU-EA-04,Electronics-Accessories,18,0
2024-04-29,SKU-EA-04,Electronics-Accessories,30,1
2024-04-30,SKU-EA-04,Electronics-Accessories,44,0
2024-05-01,SKU-EA-04,Electronics-Accessories,34,0
2024-05-02,SKU-EA-04,Electronics-Accessories,48,0
2024-05-03,SKU-EA-04,Electronics-Accessories,23,0
2024-05-04,SKU-EA-04,Electronics-Accessories,31,0
2024-05-05,SKU-EA-04,Electronics-Accessories,6,0
2024-05-06,SKU-EA-04,Electronics-Accessories,37,0
2024-05-07,SKU-EA-04,Electronics-Accessories,9,0
2024-05-08,SKU-EA-04,Electronics-Accessories,21,0
2024-05-09,SKU-EA-04,Electronics-Accessories,61,0
2024-05-10,SKU-EA-04,Electronics-Accessories,22,0
2024-05-11,SKU-EA-04,Electronics-Accessories,41,0
2024-05-12,SKU-EA-04,Electronics-Accessories,41,0
2024-05-13,SKU-EA-04,Electronics-Accessories,4,0
2024-05-14,SKU-EA-04,Electronics-Accessories,38,0
2024-05-15,SKU-EA-04,Electronics-Accessories,59,0
2024-05-16,SKU-EA-04,Electronics-Accessories,19,0
2024-05-17,SKU-EA-04,Electronics-Accessories,85,0
2024-05-18,SKU-EA-04,Electronics-Accessories,7,0
2024-05-19,SKU-EA-04,Electronics-Accessories,65,0
2024-05-20,SKU-EA-04,Electronics-Accessories,6,0
2024-05-21,SKU-EA-04,Electronics-Accessories,6,0
2024-05-22,SKU-EA-04,Electronics-Accessories,22,0
2024-05-23,SKU-EA-04,Electronics-Accessories,12,0
2024-05-24,SKU-EA-04,Electronics-Accessories,5,0
2024-05-25,SKU-EA-04,Electronics-Accessories,38,0
2024-05-26,SKU-EA-04,Electronics-Accessories,75,0
2024-05-27,SKU-EA-04,Electronics-Accessories,7,0
2024-05-28,SKU-EA-04,Electronics-Accessories,15,0
2024-05-29,SKU-EA-04,Electronics-Accessories,10,0
2024-05-30,SKU-EA-04,Electronics-Accessories,25,0
2024-05-31,SKU-EA-04,Electronics-Accessories,85,0
2024-06-01,SKU-EA-04,Electronics-Accessories,77,0
2024-06-02,SKU-EA-04,Electronics-Accessories,65,1
2024-06-03,SKU-EA-04,Electronics-Accessories,30,0
2024-06-04,SKU-EA-04,Electronics-Accessories,37,0
2024-06-05,SKU-EA-04,Electronics-Accessories,85,0
2024-06-06,SKU-EA-04,Electronics-Accessories,39,0
2024-06-07,SKU-EA-04,Electronics-Accessories,9,0
2024-06-08,SKU-EA-04,Electronics-Accessories,26,0
2024-06-09,SKU-EA-04,Electronics-Accessories,49,0
2024-06-10,SKU-EA-04,Electronics-Accessories,21,0
2024-06-11,SKU-EA-04,Electronics-Accessories,27,0
2024-06-12,SKU-EA-04,Electronics-Accessories,36,0
2024-06-13,SKU-EA-04,Electronics-Accessories,9,0
2024-06-14,SKU-EA-04,Electronics-Accessories,76,0
2024-06-15,SKU-EA-04,Electronics-Accessories,64,0
2024-06-16,SKU-EA-04,Electronics-Accessories,60,0
2024-06-17,SKU-EA-04,Electronics-Accessories,46,0
2024-06-18,SKU-EA-04,Electronics-Accessories,17,0
2024-06-19,SKU-EA-04,Electronics-Accessories,25,0
2024-06-20,SKU-EA-04,Electronics-Accessories,71,0
2024-06-21,SKU-EA-04,Electronics-Accessories,71,0
2024-06-22,SKU-EA-04,Electronics-Accessories,24,0
2024-06-23,SKU-EA-04,Electronics-Accessories,64,0
2024-06-24,SKU-EA-04,Electronics-Accessories,27,0
2024-06-25,SKU-EA-04,Electronics-Accessories,31,0
2024-06-26,SKU-EA-04,Electronics-Accessories,53,0
2024-06-27,SKU-EA-04,Electronics-Accessories,36,0
2024-06-28,SKU-EA-04,Electronics-Accessories,9,0
2024-06-29,SKU-EA-04,Electronics-Accessories,65,0
2024-06-30,SKU-EA-04,Electronics-Accessories,39,0
2024-07-01,SKU-EA-04,Electronics-Accessories,6,0
2024-07-02,SKU-EA-04,Electronics-Accessories,40,0
2024-07-03,SKU-EA-04,Electronics-Accessories,29,0
2024-07-04,SKU-EA-04,Electronics-Accessories,41,0
2024-07-05,SKU-EA-04,Electronics-Accessories,7,0
2024-07-06,SKU-EA-04,Electronics-Accessories,22,0
2024-07-07,SKU-EA-04,Electronics-Accessories,77,0
2024-07-08,SKU-EA-04,Electronics-Accessories,25,0
2024-07-09,SKU-EA-04,Electronics-Accessories,18,0
2024-07-10,SKU-EA-04,Electronics-Accessories,37,0
2024-07-11,SKU-EA-04,Electronics-Accessories,59,0
2024-07-12,SKU-EA-04,Electronics-Accessories,21,0
2024-07-13,SKU-EA-04,Electronics-Accessories,7,0
2024-07-14,SKU-EA-04,Electronics-Accessories,70,0
2024-07-15,SKU-EA-04,Electronics-Accessories,22,0
2024-07-16,SKU-EA-04,Electronics-Accessories,53,0
2024-07-17,SKU-EA-04,Electronics-Accessories,50,1
2024-07-18,SKU-EA-04,Electronics-Accessories,43,0
2024-07-19,SKU-EA-04,Electronics-Accessories,81,0
2024-07-20,SKU-EA-04,Electronics-Accessories,12,0
2024-07-21,SKU-EA-04,Electronics-Accessories,42,0
2024-07-22,SKU-EA-04,Electronics-Accessories,16,0
2024-07-23,SKU-EA-04,Electronics-Accessories,5,0
2024-07-24,SKU-EA-04,Electronics-Accessories,39,0
2024-07-25,SKU-EA-04,Electronics-Accessories,65,0
2024-07-26,SKU-EA-04,Electronics-Accessories,77,0
2024-07-27,SKU-EA-04,Electronics-Accessories,40,0
2024-07-28,SKU-EA-04,Electronics-Accessories,64,0
2024-07-29,SKU-EA-04,Electronics-Accessories,60,0
2024-07-30,SKU-EA-04,Electronics-Accessories,39,1
2024-07-31,SKU-EA-04,Electronics-Accessories,26,0
2024-08-01,SKU-EA-04,Electronics-Accessories,24,0
2024-08-02,SKU-EA-04,Electronics-Accessories,31,0
2024-08-03,SKU-EA-04,Electronics-Accessories,60,0
2024-08-04,SKU-EA-04,Electronics-Accessories,75,0
2024-08-05,SKU-EA-04,Electronics-Accessories,24,0
2024-08-06,SKU-EA-04,Electronics-Accessories,6,0
2024-08-07,SKU-EA-04,Electronics-Accessories,35,0
2024-08-08,SKU-EA-04,Electronics-Accessories,88,1
2024-08-09,SKU-EA-04,Electronics-Accessories,31,0
2024-08-10,SKU-EA-04,Electronics-Accessories,52,0
2024-08-11,SKU-EA-04,Electronics-Accessories,38,0
2024-08-12,SKU-EA-04,Electronics-Accessories,49,0
2024-08-13,SKU-EA-04,Electronics-Accessories,18,0
2024-08-14,SKU-EA-04,Electronics-Accessories,73,1
2024-08-15,SKU-EA-04,Electronics-Accessories,53,0
2024-08-16,SKU-EA-04,Electronics-Accessories,34,0
2024-08-17,SKU-EA-04,Electronics-Accessories,37,0
2024-08-18,SKU-EA-04,Electronics-Accessories,12,0
2024-08-19,SKU-EA-04,Electronics-Accessories,52,0
2024-08-20,SKU-EA-04,Electronics-Accessories,49,0
2024-08-21,SKU-EA-04,Electronics-Accessories,36,0
2024-08-22,SKU-EA-04,Electronics-Accessories,32,0
2024-08-23,SKU-EA-04,Electronics-Accessories,10,0
2024-08-24,SKU-EA-04,Electronics-Accessories,34,0
2024-08-25,SKU-EA-04,Electronics-Accessories,31,0
2024-08-26,SKU-EA-04,Electronics-Accessories,49,0
2024-08-27,SKU-EA-04,Electronics-Accessories,12,0
2024-08-28,SKU-EA-04,Electronics-Accessories,30,0
2024-08-29,SKU-EA-04,Electronics-Accessories,15,0
2024-08-30,SKU-EA-04,Electronics-Accessories,56,0
2024-08-31,SKU-EA-04,Electronics-Accessories,23,0
2024-09-01,SKU-EA-04,Electronics-Accessories,42,0
2024-09-02,SKU-EA-04,Electronics-Accessories,10,0
2024-09-03,SKU-EA-04,Electronics-Accessories,30,0
2024-09-04,SKU-EA-04,Electronics-Accessories,13,0
2024-09-05,SKU-EA-04,Electronics-Accessories,68,0
2024-09-06,SKU-EA-04,Electronics-Accessories,26,0
2024-09-07,SKU-EA-04,Electronics-Accessories,95,0
2024-09-08,SKU-EA-04,Electronics-Accessories,79,0
2024-09-09,SKU-EA-04,Electronics-Accessories,16,0
2024-09-10,SKU-EA-04,Electronics-Accessories,43,0
2024-09-11,SKU-EA-04,Electronics-Accessories,25,1
2024-09-12,SKU-EA-04,Electronics-Accessories,12,0
2024-09-13,SKU-EA-04,Electronics-Accessories,45,0
2024-09-14,SKU-EA-04,Electronics-Accessories,47,0
2024-09-15,SKU-EA-04,Electronics-Accessories,68,0
2024-09-16,SKU-EA-04,Electronics-Accessories,19,0
2024-09-17,SKU-EA-04,Electronics-Accessories,37,0
2024-09-18,SKU-EA-04,Electronics-Accessories,52,0
2024-09-19,SKU-EA-04,Electronics-Accessories,30,0
2024-09-20,SKU-EA-04,Electronics-Accessories,12,0
2024-09-21,SKU-EA-04,Electronics-Accessories,36,0
2024-09-22,SKU-EA-04,Electronics-Accessories,14,0
2024-09-23,SKU-EA-04,Electronics-Accessories,4,0
2024-09-24,SKU-EA-04,Electronics-Accessories,31,0
2024-09-25,SKU-EA-04,Electronics-Accessories,36,0
2024-09-26,SKU-EA-04,Electronics-Accessories,38,0
2024-09-27,SKU-EA-04,Electronics-Accessories,51,0
2024-09-28,SKU-EA-04,Electronics-Accessories,22,0
2024-09-29,SKU-EA-04,Electronics-Accessories,1,0
2024-09-30,SKU-EA-04,Electronics-Accessories,10,0
2024-10-01,SKU-EA-04,Electronics-Accessories,10,0
2024-10-02,SKU-EA-04,Electronics-Accessories,11,0
2024-10-03,SKU-EA-04,Electronics-Accessories,3,0
2024-10-04,SKU-EA-04,Electronics-Accessories,94,0
2024-10-05,SKU-EA-04,Electronics-Accessories,70,0
2024-10-06,SKU-EA-04,Electronics-Accessories,24,0
2024-10-07,SKU-EA-04,Electronics-Accessories,29,0
2024-10-08,SKU-EA-04,Electronics-Accessories,31,0
2024-10-09,SKU-EA-04,Electronics-Accessories,26,0
2024-10-10,SKU-EA-04,Electronics-Accessories,43,0
2024-10-11,SKU-EA-04,Electronics-Accessories,60,0
2024-10-12,SKU-EA-04,Electronics-Accessories,35,0
2024-10-13,SKU-EA-04,Electronics-Accessories,77,0
2024-10-14,SKU-EA-04,Electronics-Accessories,7,0
2024-10-15,SKU-EA-04,Electronics-Accessories,46,0
2024-10-16,SKU-EA-04,Electronics-Accessories,56,0
2024-10-17,SKU-EA-04,Electronics-Accessories,59,0
2024-10-18,SKU-EA-04,Electronics-Accessories,16,0
2024-10-19,SKU-EA-04,Electronics-Accessories,23,0
2024-10-20,SKU-EA-04,Electronics-Accessories,39,0
2024-10-21,SKU-EA-04,Electronics-Accessories,84,0
2024-10-22,SKU-EA-04,Electronics-Accessories,55,0
2024-10-23,SKU-EA-04,Electronics-Accessories,70,1
2024-10-24,SKU-EA-04,Electronics-Accessories,21,0
2024-10-25,SKU-EA-04,Electronics-Accessories,82,0
2024-10-26,SKU-EA-04,Electronics-Accessories,35,0
2024-10-27,SKU-EA-04,Electronics-Accessories,78,0
2024-10-28,SKU-EA-04,Electronics-Accessories,48,0
2024-10-29,SKU-EA-04,Electronics-Accessories,73,0
2024-10-30,SKU-EA-04,Electronics-Accessories,18,0
2024-10-31,SKU-EA-04,Electronics-Accessories,18,0
2024-11-01,SKU-EA-04,Electronics-Accessories,57,0
2024-11-02,SKU-EA-04,Electronics-Accessories,84,0
2024-11-03,SKU-EA-04,Electronics-Accessories,87,0
2024-11-04,SKU-EA-04,Electronics-Accessories,34,0
2024-11-05,SKU-EA-04,Electronics-Accessories,34,0
2024-11-06,SKU-EA-04,Electronics-Accessories,56,0
2024-11-07,SKU-EA-04,Electronics-Accessories,45,0
2024-11-08,SKU-EA-04,Electronics-Accessories,145,0
2024-11-09,SKU-EA-04,Electronics-Accessories,114,0
2024-11-10,SKU-EA-04,Electronics-Accessories,63,0
2024-11-11,SKU-EA-04,Electronics-Accessories,25,0
2024-11-12,SKU-EA-04,Electronics-Accessories,21,0
2024-11-13,SKU-EA-04,Electronics-Accessories,38,0
2024-11-14,SKU-EA-04,Electronics-Accessories,149,0
2024-11-15,SKU-EA-04,Electronics-Accessories,61,0
2024-11-16,SKU-EA-04,Electronics-Accessories,15,1
2024-11-17,SKU-EA-04,Electronics-Accessories,95,0
2024-11-18,SKU-EA-04,Electronics-Accessories,83,0
2024-11-19,SKU-EA-04,Electronics-Accessories,16,0
2024-11-20,SKU-EA-04,Electronics-Accessories,35,0
2024-11-21,SKU-EA-04,Electronics-Accessories,39,0
2024-11-22,SKU-EA-04,Electronics-Accessories,135,0
2024-11-23,SKU-EA-04,Electronics-Accessories,211,0
2024-11-24,SKU-EA-04,Electronics-Accessories,22,0
2024-11-25,SKU-EA-04,Electronics-Accessories,85,0
2024-11-26,SKU-EA-04,Electronics-Accessories,33,0
2024-11-27,SKU-EA-04,Electronics-Accessories,28,0
2024-11-28,SKU-EA-04,Electronics-Accessories,12,0
2024-11-29,SKU-EA-04,Electronics-Accessories,31,0
2024-11-30,SKU-EA-04,Electronics-Accessories,166,0
2024-12-01,SKU-EA-04,Electronics-Accessories,93,0
2024-12-02,SKU-EA-04,Electronics-Accessories,28,0
2024-12-03,SKU-EA-04,Electronics-Accessories,54,0
2024-12-04,SKU-EA-04,Electronics-Accessories,68,0
2024-12-05,SKU-EA-04,Electronics-Accessories,46,0
2024-12-06,SKU-EA-04,Electronics-Accessories,121,0
2024-12-07,SKU-EA-04,Electronics-Accessories,196,0
2024-12-08,SKU-EA-04,Electronics-Accessories,115,0
2024-12-09,SKU-EA-04,Electronics-Accessories,13,0
2024-12-10,SKU-EA-04,Electronics-Accessories,120,0
2024-12-11,SKU-EA-04,Electronics-Accessories,10,0
2024-12-12,SKU-EA-04,Electronics-Accessories,77,0
2024-12-13,SKU-EA-04,Electronics-Accessories,137,0
2024-12-14,SKU-EA-04,Electronics-Accessories,367,1
2024-12-15,SKU-EA-04,Electronics-Accessories,148,0
2024-12-16,SKU-EA-04,Electronics-Accessories,12,0
2024-12-17,SKU-EA-04,Electronics-Accessories,46,0
2024-12-18,SKU-EA-04,Electronics-Accessories,64,1
2024-12-19,SKU-EA-04,Electronics-Accessories,36,0
2024-12-20,SKU-EA-04,Electronics-Accessories,31,0
2024-12-21,SKU-EA-04,Electronics-Accessories,54,0
2024-12-22,SKU-EA-04,Electronics-Accessories,27,0
2024-12-23,SKU-EA-04,Electronics-Accessories,75,0
2024-12-24,SKU-EA-04,Electronics-Accessories,60,0
2024-12-25,SKU-EA-04,Electronics-Accessories,57,0
2024-12-26,SKU-EA-04,Electronics-Accessories,24,0
2024-12-27,SKU-EA-04,Electronics-Accessories,80,0
2024-12-28,SKU-EA-04,Electronics-Accessories,67,0
2024-12-29,SKU-EA-04,Electronics-Accessories,71,0
2024-12-30,SKU-EA-04,Electronics-Accessories,115,0
2024-12-31,SKU-EA-04,Electronics-Accessories,48,0
2025-01-01,SKU-EA-04,Electronics-Accessories,21,0
2025-01-02,SKU-EA-04,Electronics-Accessories,21,0
2025-01-03,SKU-EA-04,Electronics-Accessories,50,0
2025-01-04,SKU-EA-04,Electronics-Accessories,58,0
2025-01-05,SKU-EA-04,Electronics-Accessories,94,0
2025-01-06,SKU-EA-04,Electronics-Accessories,22,0
2025-01-07,SKU-EA-04,Electronics-Accessories,13,0
2025-01-08,SKU-EA-04,Electronics-Accessories,45,0
2025-01-09,SKU-EA-04,Electronics-Accessories,61,1
2025-01-10,SKU-EA-04,Electronics-Accessories,56,0
2025-01-11,SKU-EA-04,Electronics-Accessories,35,0
2025-01-12,SKU-EA-04,Electronics-Accessories,73,0
2025-01-13,SKU-EA-04,Electronics-Accessories,50,0
2025-01-14,SKU-EA-04,Electronics-Accessories,63,0
2025-01-15,SKU-EA-04,Electronics-Accessories,17,0
2025-01-16,SKU-EA-04,Electronics-Accessories,27,0
2025-01-17,SKU-EA-04,Electronics-Accessories,81,0
2025-01-18,SKU-EA-04,Electronics-Accessories,44,0
2025-01-19,SKU-EA-04,Electronics-Accessories,36,0
2025-01-20,SKU-EA-04,Electronics-Accessories,45,0
2025-01-21,SKU-EA-04,Electronics-Accessories,58,0
2025-01-22,SKU-EA-04,Electronics-Accessories,20,0
2025-01-23,SKU-EA-04,Electronics-Accessories,25,0
2025-01-24,SKU-EA-04,Electronics-Accessories,36,0
2025-01-25,SKU-EA-04,Electronics-Accessories,80,0
2025-01-26,SKU-EA-04,Electronics-Accessories,54,0
2025-01-27,SKU-EA-04,Electronics-Accessories,5,0
2025-01-28,SKU-EA-04,Electronics-Accessories,17,0
2025-01-29,SKU-EA-04,Electronics-Accessories,49,0
2025-01-30,SKU-EA-04,Electronics-Accessories,24,0
2025-01-31,SKU-EA-04,Electronics-Accessories,21,0
2025-02-01,SKU-EA-04,Electronics-Accessories,112,1
2025-02-02,SKU-EA-04,Electronics-Accessories,16,1
2025-02-03,SKU-EA-04,Electronics-Accessories,25,0
2025-02-04,SKU-EA-04,Electronics-Accessories,14,0
2025-02-05,SKU-EA-04,Electronics-Accessories,25,0
2025-02-06,SKU-EA-04,Electronics-Accessories,6,0
2025-02-07,SKU-EA-04,Electronics-Accessories,29,0
2025-02-08,SKU-EA-04,Electronics-Accessories,4,0
2025-02-09,SKU-EA-04,Electronics-Accessories,145,0
2025-02-10,SKU-EA-04,Electronics-Accessories,11,0
2025-02-11,SKU-EA-04,Electronics-Accessories,5,0
2025-02-12,SKU-EA-04,Electronics-Accessories,42,0
2025-02-13,SKU-EA-04,Electronics-Accessories,8,0
2025-02-14,SKU-EA-04,Electronics-Accessories,69,0
2025-02-15,SKU-EA-04,Electronics-Accessories,22,0
2025-02-16,SKU-EA-04,Electronics-Accessories,9,0
2025-02-17,SKU-EA-04,Electronics-Accessories,23,0
2025-02-18,SKU-EA-04,Electronics-Accessories,36,0
2025-02-19,SKU-EA-04,Electronics-Accessories,33,1
2025-02-20,SKU-EA-04,Electronics-Accessories,11,0
2025-02-21,SKU-EA-04,Electronics-Accessories,25,0
2025-02-22,SKU-EA-04,Electronics-Accessories,107,0
2025-02-23,SKU-EA-04,Electronics-Accessories,11,0
2025-02-24,SKU-EA-04,Electronics-Accessories,27,0
2025-02-25,SKU-EA-04,Electronics-Accessories,9,0
2025-02-26,SKU-EA-04,Electronics-Accessories,18,0
2025-02-27,SKU-EA-04,Electronics-Accessories,174,1
2025-02-28,SKU-EA-04,Electronics-Accessories,100,0
2025-03-01,SKU-EA-04,Electronics-Accessories,150,0
2025-03-02,SKU-EA-04,Electronics-Accessories,58,0
2025-03-03,SKU-EA-04,Electronics-Accessories,15,0
2025-03-04,SKU-EA-04,Electronics-Accessories,54,0
2025-03-05,SKU-EA-04,Electronics-Accessories,85,1
2025-03-06,SKU-EA-04,Electronics-Accessories,14,0
2025-03-07,SKU-EA-04,Electronics-Accessories,41,0
2025-03-08,SKU-EA-04,Electronics-Accessories,99,0
2025-03-09,SKU-EA-04,Electronics-Accessories,29,0
2025-03-10,SKU-EA-04,Electronics-Accessories,27,0
2025-03-11,SKU-EA-04,Electronics-Accessories,12,0
2025-03-12,SKU-EA-04,Electronics-Accessories,22,0
2025-03-13,SKU-EA-04,Electronics-Accessories,36,0
2025-03-14,SKU-EA-04,Electronics-Accessories,42,0
2025-03-15,SKU-EA-04,Electronics-Accessories,53,0
2025-03-16,SKU-EA-04,Electronics-Accessories,104,0
2025-03-17,SKU-EA-04,Electronics-Accessories,12,0
2025-03-18,SKU-EA-04,Electronics-Accessories,16,0
2025-03-19,SKU-EA-04,Electronics-Accessories,38,0
2025-03-20,SKU-EA-04,Electronics-Accessories,19,0
2025-03-21,SKU-EA-04,Electronics-Accessories,4,0
2025-03-22,SKU-EA-04,Electronics-Accessories,30,1
2025-03-23,SKU-EA-04,Electronics-Accessories,80,0
2025-03-24,SKU-EA-04,Electronics-Accessories,17,0
2025-03-25,SKU-EA-04,Electronics-Accessories,9,0
2025-03-26,SKU-EA-04,Electronics-Accessories,7,0
2025-03-27,SKU-EA-04,Electronics-Accessories,13,0
2025-03-28,SKU-EA-04,Electronics-Accessories,25,0
2025-03-29,SKU-EA-04,Electronics-Accessories,20,0
2025-03-30,SKU-EA-04,Electronics-Accessories,76,0
2025-03-31,SKU-EA-04,Electronics-Accessories,10,0
2025-04-01,SKU-EA-04,Electronics-Accessories,27,0
2025-04-02,SKU-EA-04,Electronics-Accessories,61,0
2025-04-03,SKU-EA-04,Electronics-Accessories,41,0
2025-04-04,SKU-EA-04,Electronics-Accessories,28,0
2025-04-05,SKU-EA-04,Electronics-Accessories,163,0
2025-04-06,SKU-EA-04,Electronics-Accessories,19,0
2025-04-07,SKU-EA-04,Electronics-Accessories,10,0
2025-04-08,SKU-EA-04,Electronics-Accessories,22,0
2025-04-09,SKU-EA-04,Electronics-Accessories,31,0
2025-04-10,SKU-EA-04,Electronics-Accessories,30,1
2025-04-11,SKU-EA-04,Electronics-Accessories,69,0
2025-04-12,SKU-EA-04,Electronics-Accessories,89,0
2025-04-13,SKU-EA-04,Electronics-Accessories,53,0
2025-04-14,SKU-EA-04,Electronics-Accessories,68,0
2025-04-15,SKU-EA-04,Electronics-Accessories,6,0
2025-04-16,SKU-EA-04,Electronics-Accessories,43,0
2025-04-17,SKU-EA-04,Electronics-Accessories,57,0
2025-04-18,SKU-EA-04,Electronics-Accessories,48,0
2025-04-19,SKU-EA-04,Electronics-Accessories,98,0
2025-04-20,SKU-EA-04,Electronics-Accessories,35,0
2025-04-21,SKU-EA-04,Electronics-Accessories,51,0
2025-04-22,SKU-EA-04,Electronics-Accessories,26,0
2025-04-23,SKU-EA-04,Electronics-Accessories,157,1
2025-04-24,SKU-EA-04,Electronics-Accessories,25,0
2025-04-25,SKU-EA-04,Electronics-Accessories,93,0
2025-04-26,SKU-EA-04,Electronics-Accessories,94,0
2025-04-27,SKU-EA-04,Electronics-Accessories,6,0
2025-04-28,SKU-EA-04,Electronics-Accessories,14,0
2025-04-29,SKU-EA-04,Electronics-Accessories,28,0
2025-04-30,SKU-EA-04,Electronics-Accessories,41,0
2025-05-01,SKU-EA-04,Electronics-Accessories,38,0
2025-05-02,SKU-EA-04,Electronics-Accessories,50,0
2025-05-03,SKU-EA-04,Electronics-Accessories,51,0
2025-05-04,SKU-EA-04,Electronics-Accessories,128,0
2025-05-05,SKU-EA-04,Electronics-Accessories,15,0
2025-05-06,SKU-EA-04,Electronics-Accessories,13,0
2025-05-07,SKU-EA-04,Electronics-Accessories,5,0
2025-05-08,SKU-EA-04,Electronics-Accessories,20,0
2025-05-09,SKU-EA-04,Electronics-Accessories,94,0
2025-05-10,SKU-EA-04,Electronics-Accessories,19,0
2025-05-11,SKU-EA-04,Electronics-Accessories,29,0
2025-05-12,SKU-EA-04,Electronics-Accessories,36,0
2025-05-13,SKU-EA-04,Electronics-Accessories,33,0
2025-05-14,SKU-EA-04,Electronics-Accessories,39,0
2025-05-15,SKU-EA-04,Electronics-Accessories,129,1
2025-05-16,SKU-EA-04,Electronics-Accessories,52,0
2025-05-17,SKU-EA-04,Electronics-Accessories,70,0
2025-05-18,SKU-EA-04,Electronics-Accessories,45,0
2025-05-19,SKU-EA-04,Electronics-Accessories,32,0
2025-05-20,SKU-EA-04,Electronics-Accessories,35,0
2025-05-21,SKU-EA-04,Electronics-Accessories,25,0
2025-05-22,SKU-EA-04,Electronics-Accessories,25,0
2025-05-23,SKU-EA-04,Electronics-Accessories,29,0
2025-05-24,SKU-EA-04,Electronics-Accessories,10,0
2025-05-25,SKU-EA-04,Electronics-Accessories,77,0
2025-05-26,SKU-EA-04,Electronics-Accessories,16,0
2025-05-27,SKU-EA-04,Electronics-Accessories,6,0
2025-05-28,SKU-EA-04,Electronics-Accessories,28,0
2025-05-29,SKU-EA-04,Electronics-Accessories,53,0
2025-05-30,SKU-EA-04,Electronics-Accessories,31,0
2025-05-31,SKU-EA-04,Electronics-Accessories,44,0
2025-06-01,SKU-EA-04,Electronics-Accessories,25,1
2025-06-02,SKU-EA-04,Electronics-Accessories,11,0
2025-06-03,SKU-EA-04,Electronics-Accessories,13,0
2025-06-04,SKU-EA-04,Electronics-Accessories,7,0
2025-06-05,SKU-EA-04,Electronics-Accessories,26,0
2025-06-06,SKU-EA-04,Electronics-Accessories,19,0
2025-06-07,SKU-EA-04,Electronics-Accessories,30,0
2025-06-08,SKU-EA-04,Electronics-Accessories,32,0
2025-06-09,SKU-EA-04,Electronics-Accessories,35,1
2025-06-10,SKU-EA-04,Electronics-Accessories,16,0
2025-06-11,SKU-EA-04,Electronics-Accessories,77,0
2025-06-12,SKU-EA-04,Electronics-Accessories,65,1
2025-06-13,SKU-EA-04,Electronics-Accessories,9,0
2025-06-14,SKU-EA-04,Electronics-Accessories,104,0
2025-06-15,SKU-EA-04,Electronics-Accessories,12,0
2025-06-16,SKU-EA-04,Electronics-Accessories,60,0
2025-06-17,SKU-EA-04,Electronics-Accessories,46,0
2025-06-18,SKU-EA-04,Electronics-Accessories,31,0
2025-06-19,SKU-EA-04,Electronics-Accessories,50,0
2025-06-20,SKU-EA-04,Electronics-Accessories,23,0
2025-06-21,SKU-EA-04,Electronics-Accessories,180,0
2025-06-22,SKU-EA-04,Electronics-Accessories,80,0
2025-06-23,SKU-EA-04,Electronics-Accessories,16,0
2025-06-24,SKU-EA-04,Electronics-Accessories,106,1
2025-06-25,SKU-EA-04,Electronics-Accessories,23,0
2025-06-26,SKU-EA-04,Electronics-Accessories,29,0
2025-06-27,SKU-EA-04,Electronics-Accessories,40,0
2025-06-28,SKU-EA-04,Electronics-Accessories,102,0
2025-06-29,SKU-EA-04,Electronics-Accessories,100,0
2025-06-30,SKU-EA-04,Electronics-Accessories,20,0
2025-07-01,SKU-EA-04,Electronics-Accessories,26,0
2023-01-01,SKU-EA-05,Electronics-Accessories,67,0
2023-01-02,SKU-EA-05,Electronics-Accessories,34,0
2023-01-03,SKU-EA-05,Electronics-Accessories,25,0
2023-01-04,SKU-EA-05,Electronics-Accessories,4,0
2023-01-05,SKU-EA-05,Electronics-Accessories,13,0
2023-01-06,SKU-EA-05,Electronics-Accessories,16,0
2023-01-07,SKU-EA-05,Electronics-Accessories,3,0
2023-01-08,SKU-EA-05,Electronics-Accessories,46,0
2023-01-09,SKU-EA-05,Electronics-Accessories,3,0
2023-01-10,SKU-EA-05,Electronics-Accessories,45,0
2023-01-11,SKU-EA-05,Electronics-Accessories,15,0
2023-01-12,SKU-EA-05,Electronics-Accessories,10,0
2023-01-13,SKU-EA-05,Electronics-Accessories,24,0
2023-01-14,SKU-EA-05,Electronics-Accessories,17,0
2023-01-15,SKU-EA-05,Electronics-Accessories,16,0
2023-01-16,SKU-EA-05,Electronics-Accessories,32,0
2023-01-17,SKU-EA-05,Electronics-Accessories,27,0
2023-01-18,SKU-EA-05,Electronics-Accessories,7,0
2023-01-19,SKU-EA-05,Electronics-Accessories,29,0
2023-01-20,SKU-EA-05,Electronics-Accessories,47,0
2023-01-21,SKU-EA-05,Electronics-Accessories,34,0
2023-01-22,SKU-EA-05,Electronics-Accessories,60,0
2023-01-23,SKU-EA-05,Electronics-Accessories,17,0
2023-01-24,SKU-EA-05,Electronics-Accessories,14,0
2023-01-25,SKU-EA-05,Electronics-Accessories,22,0
2023-01-26,SKU-EA-05,Electronics-Accessories,47,1
2023-01-27,SKU-EA-05,Electronics-Accessories,4,1
2023-01-28,SKU-EA-05,Electronics-Accessories,13,0
2023-01-29,SKU-EA-05,Electronics-Accessories,48,0
2023-01-30,SKU-EA-05,Electronics-Accessories,5,0
2023-01-31,SKU-EA-05,Electronics-Accessories,13,0
2023-02-01,SKU-EA-05,Electronics-Accessories,18,0
2023-02-02,SKU-EA-05,Electronics-Accessories,6,0
2023-02-03,SKU-EA-05,Electronics-Accessories,49,0
2023-02-04,SKU-EA-05,Electronics-Accessories,38,0
2023-02-05,SKU-EA-05,Electronics-Accessories,27,0
2023-02-06,SKU-EA-05,Electronics-Accessories,27,0
2023-02-07,SKU-EA-05,Electronics-Accessories,47,0
2023-02-08,SKU-EA-05,Electronics-Accessories,4,0
2023-02-09,SKU-EA-05,Electronics-Accessories,3,0
2023-02-10,SKU-EA-05,Electronics-Accessories,9,0
2023-02-11,SKU-EA-05,Electronics-Accessories,6,0
2023-02-12,SKU-EA-05,Electronics-Accessories,27,0
2023-02-13,SKU-EA-05,Electronics-Accessories,24,0
2023-02-14,SKU-EA-05,Electronics-Accessories,12,0
2023-02-15,SKU-EA-05,Electronics-Accessories,9,0
2023-02-16,SKU-EA-05,Electronics-Accessories,39,0
2023-02-17,SKU-EA-05,Electronics-Accessories,16,0
2023-02-18,SKU-EA-05,Electronics-Accessories,10,0
2023-02-19,SKU-EA-05,Electronics-Accessories,3,0
2023-02-20,SKU-EA-05,Electronics-Accessories,15,0
2023-02-21,SKU-EA-05,Electronics-Accessories,29,0
2023-02-22,SKU-EA-05,Electronics-Accessories,9,0
2023-02-23,SKU-EA-05,Electronics-Accessories,16,0
2023-02-24,SKU-EA-05,Electronics-Accessories,10,0
2023-02-25,SKU-EA-05,Electronics-Accessories,21,0
2023-02-26,SKU-EA-05,Electronics-Accessories,25,0
2023-02-27,SKU-EA-05,Electronics-Accessories,27,0
2023-02-28,SKU-EA-05,Electronics-Accessories,5,0
2023-03-01,SKU-EA-05,Electronics-Accessories,14,0
2023-03-02,SKU-EA-05,Electronics-Accessories,17,0
2023-03-03,SKU-EA-05,Electronics-Accessories,42,0
2023-03-04,SKU-EA-05,Electronics-Accessories,14,0
2023-03-05,SKU-EA-05,Electronics-Accessories,8,0
2023-03-06,SKU-EA-05,Electronics-Accessories,24,1
2023-03-07,SKU-EA-05,Electronics-Accessories,14,0
2023-03-08,SKU-EA-05,Electronics-Accessories,16,0
2023-03-09,SKU-EA-05,Electronics-Accessories,11,0
2023-03-10,SKU-EA-05,Electronics-Accessories,35,0
2023-03-11,SKU-EA-05,Electronics-Accessories,26,0
2023-03-12,SKU-EA-05,Electronics-Accessories,19,0
2023-03-13,SKU-EA-05,Electronics-Accessories,33,0
2023-03-14,SKU-EA-05,Electronics-Accessories,22,0
2023-03-15,SKU-EA-05,Electronics-Accessories,22,0
2023-03-16,SKU-EA-05,Electronics-Accessories,11,0
2023-03-17,SKU-EA-05,Electronics-Accessories,17,0
2023-03-18,SKU-EA-05,Electronics-Accessories,6,0
2023-03-19,SKU-EA-05,Electronics-Accessories,24,0
2023-03-20,SKU-EA-05,Electronics-Accessories,16,0
2023-03-21,SKU-EA-05,Electronics-Accessories,13,0
2023-03-22,SKU-EA-05,Electronics-Accessories,10,0
2023-03-23,SKU-EA-05,Electronics-Accessories,7,0
2023-03-24,SKU-EA-05,Electronics-Accessories,21,0
2023-03-25,SKU-EA-05,Electronics-Accessories,9,0
2023-03-26,SKU-EA-05,Electronics-Accessories,18,0
2023-03-27,SKU-EA-05,Electronics-Accessories,14,0
2023-03-28,SKU-EA-05,Electronics-Accessories,15,0
2023-03-29,SKU-EA-05,Electronics-Accessories,5,0
2023-03-30,SKU-EA-05,Electronics-Accessories,12,0
2023-03-31,SKU-EA-05,Electronics-Accessories,15,0
2023-04-01,SKU-EA-05,Electronics-Accessories,18,0
2023-04-02,SKU-EA-05,Electronics-Accessories,13,0
2023-04-03,SKU-EA-05,Electronics-Accessories,4,0
2023-04-04,SKU-EA-05,Electronics-Accessories,27,0
2023-04-05,SKU-EA-05,Electronics-Accessories,12,0
2023-04-06,SKU-EA-05,Electronics-Accessories,27,0
2023-04-07,SKU-EA-05,Electronics-Accessories,7,0
2023-04-08,SKU-EA-05,Electronics-Accessories,50,0
2023-04-09,SKU-EA-05,Electronics-Accessories,7,0
2023-04-10,SKU-EA-05,Electronics-Accessories,4,0
2023-04-11,SKU-EA-05,Electronics-Accessories,9,0
2023-04-12,SKU-EA-05,Electronics-Accessories,18,0
2023-04-13,SKU-EA-05,Electronics-Accessories,13,0
2023-04-14,SKU-EA-05,Electronics-Accessories,25,0
2023-04-15,SKU-EA-05,Electronics-Accessories,19,0
2023-04-16,SKU-EA-05,Electronics-Accessories,21,0
2023-04-17,SKU-EA-05,Electronics-Accessories,9,0
2023-04-18,SKU-EA-05,Electronics-Accessories,11,0
2023-04-19,SKU-EA-05,Electronics-Accessories,14,0
2023-04-20,SKU-EA-05,Electronics-Accessories,3,0
2023-04-21,SKU-EA-05,Electronics-Accessories,11,0
2023-04-22,SKU-EA-05,Electronics-Accessories,38,0
2023-04-23,SKU-EA-05,Electronics-Accessories,67,1
2023-04-24,SKU-EA-05,Electronics-Accessories,15,0
2023-04-25,SKU-EA-05,Electronics-Accessories,17,0
2023-04-26,SKU-EA-05,Electronics-Accessories,17,0
2023-04-27,SKU-EA-05,Electronics-Accessories,8,0
2023-04-28,SKU-EA-05,Electronics-Accessories,18,0
2023-04-29,SKU-EA-05,Electronics-Accessories,5,0
2023-04-30,SKU-EA-05,Electronics-Accessories,47,0
2023-05-01,SKU-EA-05,Electronics-Accessories,8,0
2023-05-02,SKU-EA-05,Electronics-Accessories,7,0
2023-05-03,SKU-EA-05,Electronics-Accessories,7,0
2023-05-04,SKU-EA-05,Electronics-Accessories,24,0
2023-05-05,SKU-EA-05,Electronics-Accessories,13,0
2023-05-06,SKU-EA-05,Electronics-Accessories,20,0
2023-05-07,SKU-EA-05,Electronics-Accessories,17,0
2023-05-08,SKU-EA-05,Electronics-Accessories,13,0
2023-05-09,SKU-EA-05,Electronics-Accessories,4,0
2023-05-10,SKU-EA-05,Electronics-Accessories,4,0
2023-05-11,SKU-EA-05,Electronics-Accessories,6,0
2023-05-12,SKU-EA-05,Electronics-Accessories,5,0
2023-05-13,SKU-EA-05,Electronics-Accessories,16,0
2023-05-14,SKU-EA-05,Electronics-Accessories,29,0
2023-05-15,SKU-EA-05,Electronics-Accessories,41,0
2023-05-16,SKU-EA-05,Electronics-Accessories,35,0
2023-05-17,SKU-EA-05,Electronics-Accessories,4,0
2023-05-18,SKU-EA-05,Electronics-Accessories,29,0
2023-05-19,SKU-EA-05,Electronics-Accessories,21,1
2023-05-20,SKU-EA-05,Electronics-Accessories,3,0
2023-05-21,SKU-EA-05,Electronics-Accessories,14,0
2023-05-22,SKU-EA-05,Electronics-Accessories,12,0
2023-05-23,SKU-EA-05,Electronics-Accessories,82,1
2023-05-24,SKU-EA-05,Electronics-Accessories,6,0
2023-05-25,SKU-EA-05,Electronics-Accessories,21,0
2023-05-26,SKU-EA-05,Electronics-Accessories,18,0
2023-05-27,SKU-EA-05,Electronics-Accessories,28,0
2023-05-28,SKU-EA-05,Electronics-Accessories,74,0
2023-05-29,SKU-EA-05,Electronics-Accessories,18,0
2023-05-30,SKU-EA-05,Electronics-Accessories,16,0
2023-05-31,SKU-EA-05,Electronics-Accessories,6,0
2023-06-01,SKU-EA-05,Electronics-Accessories,40,0
2023-06-02,SKU-EA-05,Electronics-Accessories,22,0
2023-06-03,SKU-EA-05,Electronics-Accessories,28,0
2023-06-04,SKU-EA-05,Electronics-Accessories,26,0
2023-06-05,SKU-EA-05,Electronics-Accessories,15,0
2023-06-06,SKU-EA-05,Electronics-Accessories,22,0
2023-06-07,SKU-EA-05,Electronics-Accessories,15,0
2023-06-08,SKU-EA-05,Electronics-Accessories,7,0
2023-06-09,SKU-EA-05,Electronics-Accessories,2,0
2023-06-10,SKU-EA-05,Electronics-Accessories,31,0
2023-06-11,SKU-EA-05,Electronics-Accessories,36,0
2023-06-12,SKU-EA-05,Electronics-Accessories,22,0
2023-06-13,SKU-EA-05,Electronics-Accessories,35,0
2023-06-14,SKU-EA-05,Electronics-Accessories,6,0
2023-06-15,SKU-EA-05,Electronics-Accessories,19,0
2023-06-16,SKU-EA-05,Electronics-Accessories,18,1
2023-06-17,SKU-EA-05,Electronics-Accessories,38,0
2023-06-18,SKU-EA-05,Electronics-Accessories,43,0
2023-06-19,SKU-EA-05,Electronics-Accessories,9,0
2023-06-20,SKU-EA-05,Electronics-Accessories,27,0
2023-06-21,SKU-EA-05,Electronics-Accessories,9,0
2023-06-22,SKU-EA-05,Electronics-Accessories,11,0
2023-06-23,SKU-EA-05,Electronics-Accessories,29,0
2023-06-24,SKU-EA-05,Electronics-Accessories,71,1
2023-06-25,SKU-EA-05,Electronics-Accessories,86,0
2023-06-26,SKU-EA-05,Electronics-Accessories,15,0
2023-06-27,SKU-EA-05,Electronics-Accessories,9,0
2023-06-28,SKU-EA-05,Electronics-Accessories,25,0
2023-06-29,SKU-EA-05,Electronics-Accessories,14,0
2023-06-30,SKU-EA-05,Electronics-Accessories,10,0
2023-07-01,SKU-EA-05,Electronics-Accessories,19,0
2023-07-02,SKU-EA-05,Electronics-Accessories,9,0
2023-07-03,SKU-EA-05,Electronics-Accessories,11,0
2023-07-04,SKU-EA-05,Electronics-Accessories,20,0
2023-07-05,SKU-EA-05,Electronics-Accessories,9,0
2023-07-06,SKU-EA-05,Electronics-Accessories,29,0
2023-07-07,SKU-EA-05,Electronics-Accessories,22,0
2023-07-08,SKU-EA-05,Electronics-Accessories,38,0
2023-07-09,SKU-EA-05,Electronics-Accessories,17,0
2023-07-10,SKU-EA-05,Electronics-Accessories,8,0
2023-07-11,SKU-EA-05,Electronics-Accessories,14,0
2023-07-12,SKU-EA-05,Electronics-Accessories,23,0
2023-07-13,SKU-EA-05,Electronics-Accessories,4,0
2023-07-14,SKU-EA-05,Electronics-Accessories,20,0
2023-07-15,SKU-EA-05,Electronics-Accessories,10,0
2023-07-16,SKU-EA-05,Electronics-Accessories,14,0
2023-07-17,SKU-EA-05,Electronics-Accessories,30,0
2023-07-18,SKU-EA-05,Electronics-Accessories,33,0
2023-07-19,SKU-EA-05,Electronics-Accessories,15,0
2023-07-20,SKU-EA-05,Electronics-Accessories,34,0
2023-07-21,SKU-EA-05,Electronics-Accessories,25,0
2023-07-22,SKU-EA-05,Electronics-Accessories,39,0
2023-07-23,SKU-EA-05,Electronics-Accessories,3,0
2023-07-24,SKU-EA-05,Electronics-Accessories,26,0
2023-07-25,SKU-EA-05,Electronics-Accessories,32,0
2023-07-26,SKU-EA-05,Electronics-Accessories,19,0
2023-07-27,SKU-EA-05,Electronics-Accessories,9,1
2023-07-28,SKU-EA-05,Electronics-Accessories,24,0
2023-07-29,SKU-EA-05,Electronics-Accessories,0,0
2023-07-30,SKU-EA-05,Electronics-Accessories,16,0
2023-07-31,SKU-EA-05,Electronics-Accessories,15,0
2023-08-01,SKU-EA-05,Electronics-Accessories,51,0
2023-08-02,SKU-EA-05,Electronics-Accessories,2,0
2023-08-03,SKU-EA-05,Electronics-Accessories,27,0
2023-08-04,SKU-EA-05,Electronics-Accessories,52,1
2023-08-05,SKU-EA-05,Electronics-Accessories,62,0
2023-08-06,SKU-EA-05,Electronics-Accessories,25,0
2023-08-07,SKU-EA-05,Electronics-Accessories,6,0
2023-08-08,SKU-EA-05,Electronics-Accessories,20,0
2023-08-09,SKU-EA-05,Electronics-Accessories,12,0
2023-08-10,SKU-EA-05,Electronics-Accessories,11,0
2023-08-11,SKU-EA-05,Electronics-Accessories,14,0
2023-08-12,SKU-EA-05,Electronics-Accessories,13,0
2023-08-13,SKU-EA-05,Electronics-Accessories,12,0
2023-08-14,SKU-EA-05,Electronics-Accessories,13,0
2023-08-15,SKU-EA-05,Electronics-Accessories,8,0
2023-08-16,SKU-EA-05,Electronics-Accessories,18,0
2023-08-17,SKU-EA-05,Electronics-Accessories,22,0
2023-08-18,SKU-EA-05,Electronics-Accessories,38,0
2023-08-19,SKU-EA-05,Electronics-Accessories,31,0
2023-08-20,SKU-EA-05,Electronics-Accessories,60,0
2023-08-21,SKU-EA-05,Electronics-Accessories,12,0
2023-08-22,SKU-EA-05,Electronics-Accessories,4,0
2023-08-23,SKU-EA-05,Electronics-Accessories,21,0
2023-08-24,SKU-EA-05,Electronics-Accessories,2,0
2023-08-25,SKU-EA-05,Electronics-Accessories,26,0
2023-08-26,SKU-EA-05,Electronics-Accessories,14,0
2023-08-27,SKU-EA-05,Electronics-Accessories,33,0
2023-08-28,SKU-EA-05,Electronics-Accessories,10,0
2023-08-29,SKU-EA-05,Electronics-Accessories,12,0
2023-08-30,SKU-EA-05,Electronics-Accessories,15,0
2023-08-31,SKU-EA-05,Electronics-Accessories,18,0
2023-09-01,SKU-EA-05,Electronics-Accessories,5,1
2023-09-02,SKU-EA-05,Electronics-Accessories,11,0
2023-09-03,SKU-EA-05,Electronics-Accessories,9,0
2023-09-04,SKU-EA-05,Electronics-Accessories,28,0
2023-09-05,SKU-EA-05,Electronics-Accessories,32,0
2023-09-06,SKU-EA-05,Electronics-Accessories,12,0
2023-09-07,SKU-EA-05,Electronics-Accessories,41,0
2023-09-08,SKU-EA-05,Electronics-Accessories,40,0
2023-09-09,SKU-EA-05,Electronics-Accessories,71,0
2023-09-10,SKU-EA-05,Electronics-Accessories,20,0
2023-09-11,SKU-EA-05,Electronics-Accessories,91,1
2023-09-12,SKU-EA-05,Electronics-Accessories,11,0
2023-09-13,SKU-EA-05,Electronics-Accessories,0,0
2023-09-14,SKU-EA-05,Electronics-Accessories,28,0
2023-09-15,SKU-EA-05,Electronics-Accessories,26,0
2023-09-16,SKU-EA-05,Electronics-Accessories,31,0
2023-09-17,SKU-EA-05,Electronics-Accessories,27,0
2023-09-18,SKU-EA-05,Electronics-Accessories,15,0
2023-09-19,SKU-EA-05,Electronics-Accessories,9,0
2023-09-20,SKU-EA-05,Electronics-Accessories,5,0
2023-09-21,SKU-EA-05,Electronics-Accessories,21,0
2023-09-22,SKU-EA-05,Electronics-Accessories,6,0
2023-09-23,SKU-EA-05,Electronics-Accessories,36,0
2023-09-24,SKU-EA-05,Electronics-Accessories,24,0
2023-09-25,SKU-EA-05,Electronics-Accessories,9,0
2023-09-26,SKU-EA-05,Electronics-Accessories,21,0
2023-09-27,SKU-EA-05,Electronics-Accessories,17,1
2023-09-28,SKU-EA-05,Electronics-Accessories,19,0
2023-09-29,SKU-EA-05,Electronics-Accessories,31,1
2023-09-30,SKU-EA-05,Electronics-Accessories,13,0
2023-10-01,SKU-EA-05,Electronics-Accessories,34,0
2023-10-02,SKU-EA-05,Electronics-Accessories,5,0
2023-10-03,SKU-EA-05,Electronics-Accessories,45,0
2023-10-04,SKU-EA-05,Electronics-Accessories,25,0
2023-10-05,SKU-EA-05,Electronics-Accessories,11,0
2023-10-06,SKU-EA-05,Electronics-Accessories,13,0
2023-10-07,SKU-EA-05,Electronics-Accessories,20,0
2023-10-08,SKU-EA-05,Electronics-Accessories,20,0
2023-10-09,SKU-EA-05,Electronics-Accessories,35,0
2023-10-10,SKU-EA-05,Electronics-Accessories,48,0
2023-10-11,SKU-EA-05,Electronics-Accessories,42,0
2023-10-12,SKU-EA-05,Electronics-Accessories,20,0
2023-10-13,SKU-EA-05,Electronics-Accessories,18,0
2023-10-14,SKU-EA-05,Electronics-Accessories,24,0
2023-10-15,SKU-EA-05,Electronics-Accessories,16,0
2023-10-16,SKU-EA-05,Electronics-Accessories,27,0
2023-10-17,SKU-EA-05,Electronics-Accessories,10,0
2023-10-18,SKU-EA-05,Electronics-Accessories,27,0
2023-10-19,SKU-EA-05,Electronics-Accessories,19,0
2023-10-20,SKU-EA-05,Electronics-Accessories,58,0
2023-10-21,SKU-EA-05,Electronics-Accessories,123,0
2023-10-22,SKU-EA-05,Electronics-Accessories,8,0
2023-10-23,SKU-EA-05,Electronics-Accessories,20,0
2023-10-24,SKU-EA-05,Electronics-Accessories,99,0
2023-10-25,SKU-EA-05,Electronics-Accessories,43,0
2023-10-26,SKU-EA-05,Electronics-Accessories,39,1
2023-10-27,SKU-EA-05,Electronics-Accessories,15,0
2023-10-28,SKU-EA-05,Electronics-Accessories,9,0
2023-10-29,SKU-EA-05,Electronics-Accessories,32,0
2023-10-30,SKU-EA-05,Electronics-Accessories,13,0
2023-10-31,SKU-EA-05,Electronics-Accessories,17,0
2023-11-01,SKU-EA-05,Electronics-Accessories,29,0
2023-11-02,SKU-EA-05,Electronics-Accessories,58,0
2023-11-03,SKU-EA-05,Electronics-Accessories,21,0
2023-11-04,SKU-EA-05,Electronics-Accessories,10,0
2023-11-05,SKU-EA-05,Electronics-Accessories,15,0
2023-11-06,SKU-EA-05,Electronics-Accessories,25,0
2023-11-07,SKU-EA-05,Electronics-Accessories,6,0
2023-11-08,SKU-EA-05,Electronics-Accessories,54,0
2023-11-09,SKU-EA-05,Electronics-Accessories,18,0
2023-11-10,SKU-EA-05,Electronics-Accessories,41,0
2023-11-11,SKU-EA-05,Electronics-Accessories,42,0
2023-11-12,SKU-EA-05,Electronics-Accessories,30,0
2023-11-13,SKU-EA-05,Electronics-Accessories,38,0
2023-11-14,SKU-EA-05,Electronics-Accessories,38,0
2023-11-15,SKU-EA-05,Electronics-Accessories,60,0
2023-11-16,SKU-EA-05,Electronics-Accessories,28,0
2023-11-17,SKU-EA-05,Electronics-Accessories,61,0
2023-11-18,SKU-EA-05,Electronics-Accessories,47,0
2023-11-19,SKU-EA-05,Electronics-Accessories,16,0
2023-11-20,SKU-EA-05,Electronics-Accessories,32,0
2023-11-21,SKU-EA-05,Electronics-Accessories,7,0
2023-11-22,SKU-EA-05,Electronics-Accessories,19,0
2023-11-23,SKU-EA-05,Electronics-Accessories,53,0
2023-11-24,SKU-EA-05,Electronics-Accessories,18,0
2023-11-25,SKU-EA-05,Electronics-Accessories,62,0
2023-11-26,SKU-EA-05,Electronics-Accessories,64,0
2023-11-27,SKU-EA-05,Electronics-Accessories,28,0
2023-11-28,SKU-EA-05,Electronics-Accessories,24,0
2023-11-29,SKU-EA-05,Electronics-Accessories,44,0
2023-11-30,SKU-EA-05,Electronics-Accessories,17,0
2023-12-01,SKU-EA-05,Electronics-Accessories,21,0
2023-12-02,SKU-EA-05,Electronics-Accessories,29,0
2023-12-03,SKU-EA-05,Electronics-Accessories,73,0
2023-12-04,SKU-EA-05,Electronics-Accessories,10,0
2023-12-05,SKU-EA-05,Electronics-Accessories,14,0
2023-12-06,SKU-EA-05,Electronics-Accessories,36,0
2023-12-07,SKU-EA-05,Electronics-Accessories,24,0
2023-12-08,SKU-EA-05,Electronics-Accessories,43,0
2023-12-09,SKU-EA-05,Electronics-Accessories,13,0
2023-12-10,SKU-EA-05,Electronics-Accessories,18,0
2023-12-11,SKU-EA-05,Electronics-Accessories,15,0
2023-12-12,SKU-EA-05,Electronics-Accessories,54,0
2023-12-13,SKU-EA-05,Electronics-Accessories,40,0
2023-12-14,SKU-EA-05,Electronics-Accessories,144,1
2023-12-15,SKU-EA-05,Electronics-Accessories,27,0
2023-12-16,SKU-EA-05,Electronics-Accessories,21,0
2023-12-17,SKU-EA-05,Electronics-Accessories,15,0
2023-12-18,SKU-EA-05,Electronics-Accessories,47,0
2023-12-19,SKU-EA-05,Electronics-Accessories,75,0
2023-12-20,SKU-EA-05,Electronics-Accessories,21,0
2023-12-21,SKU-EA-05,Electronics-Accessories,47,0
2023-12-22,SKU-EA-05,Electronics-Accessories,109,0
2023-12-23,SKU-EA-05,Electronics-Accessories,101,1
2023-12-24,SKU-EA-05,Electronics-Accessories,15,0
2023-12-25,SKU-EA-05,Electronics-Accessories,21,0
2023-12-26,SKU-EA-05,Electronics-Accessories,63,0
2023-12-27,SKU-EA-05,Electronics-Accessories,47,0
2023-12-28,SKU-EA-05,Electronics-Accessories,18,0
2023-12-29,SKU-EA-05,Electronics-Accessories,35,0
2023-12-30,SKU-EA-05,Electronics-Accessories,64,0
2023-12-31,SKU-EA-05,Electronics-Accessories,61,0
2024-01-01,SKU-EA-05,Electronics-Accessories,10,0
2024-01-02,SKU-EA-05,Electronics-Accessories,51,0
2024-01-03,SKU-EA-05,Electronics-Accessories,40,0
2024-01-04,SKU-EA-05,Electronics-Accessories,22,0
2024-01-05,SKU-EA-05,Electronics-Accessories,25,0
2024-01-06,SKU-EA-05,Electronics-Accessories,47,0
2024-01-07,SKU-EA-05,Electronics-Accessories,18,0
2024-01-08,SKU-EA-05,Electronics-Accessories,9,0
2024-01-09,SKU-EA-05,Electronics-Accessories,8,0
2024-01-10,SKU-EA-05,Electronics-Accessories,63,0
2024-01-11,SKU-EA-05,Electronics-Accessories,9,0
2024-01-12,SKU-EA-05,Electronics-Accessories,38,0
2024-01-13,SKU-EA-05,Electronics-Accessories,39,0
2024-01-14,SKU-EA-05,Electronics-Accessories,25,0
2024-01-15,SKU-EA-05,Electronics-Accessories,20,0
2024-01-16,SKU-EA-05,Electronics-Accessories,5,0
2024-01-17,SKU-EA-05,Electronics-Accessories,10,0
2024-01-18,SKU-EA-05,Electronics-Accessories,27,0
2024-01-19,SKU-EA-05,Electronics-Accessories,31,0
2024-01-20,SKU-EA-05,Electronics-Accessories,49,0
2024-01-21,SKU-EA-05,Electronics-Accessories,28,0
2024-01-22,SKU-EA-05,Electronics-Accessories,70,0
2024-01-23,SKU-EA-05,Electronics-Accessories,28,0
2024-01-24,SKU-EA-05,Electronics-Accessories,21,0
2024-01-25,SKU-EA-05,Electronics-Accessories,52,0
2024-01-26,SKU-EA-05,Electronics-Accessories,17,0
2024-01-27,SKU-EA-05,Electronics-Accessories,5,0
2024-01-28,SKU-EA-05,Electronics-Accessories,17,0
2024-01-29,SKU-EA-05,Electronics-Accessories,10,0
2024-01-30,SKU-EA-05,Electronics-Accessories,33,0
2024-01-31,SKU-EA-05,Electronics-Accessories,10,0
2024-02-01,SKU-EA-05,Electronics-Accessories,22,0
2024-02-02,SKU-EA-05,Electronics-Accessories,11,0
2024-02-03,SKU-EA-05,Electronics-Accessories,32,0
2024-02-04,SKU-EA-05,Electronics-Accessories,2,0
2024-02-05,SKU-EA-05,Electronics-Accessories,40,0
2024-02-06,SKU-EA-05,Electronics-Accessories,6,0
2024-02-07,SKU-EA-05,Electronics-Accessories,20,0
2024-02-08,SKU-EA-05,Electronics-Accessories,42,0
2024-02-09,SKU-EA-05,Electronics-Accessories,6,0
2024-02-10,SKU-EA-05,Electronics-Accessories,29,0
2024-02-11,SKU-EA-05,Electronics-Accessories,13,0
2024-02-12,SKU-EA-05,Electronics-Accessories,13,0
2024-02-13,SKU-EA-05,Electronics-Accessories,9,0
2024-02-14,SKU-EA-05,Electronics-Accessories,46,0
2024-02-15,SKU-EA-05,Electronics-Accessories,29,0
2024-02-16,SKU-EA-05,Electronics-Accessories,44,0
2024-02-17,SKU-EA-05,Electronics-Accessories,64,0
2024-02-18,SKU-EA-05,Electronics-Accessories,28,0
2024-02-19,SKU-EA-05,Electronics-Accessories,6,0
2024-02-20,SKU-EA-05,Electronics-Accessories,19,0
2024-02-21,SKU-EA-05,Electronics-Accessories,22,0
2024-02-22,SKU-EA-05,Electronics-Accessories,13,0
2024-02-23,SKU-EA-05,Electronics-Accessories,43,0
2024-02-24,SKU-EA-05,Electronics-Accessories,25,1
2024-02-25,SKU-EA-05,Electronics-Accessories,19,0
2024-02-26,SKU-EA-05,Electronics-Accessories,20,0
2024-02-27,SKU-EA-05,Electronics-Accessories,7,0
2024-02-28,SKU-EA-05,Electronics-Accessories,3,0
2024-02-29,SKU-EA-05,Electronics-Accessories,12,0
2024-03-01,SKU-EA-05,Electronics-Accessories,17,0
2024-03-02,SKU-EA-05,Electronics-Accessories,23,0
2024-03-03,SKU-EA-05,Electronics-Accessories,2,0
2024-03-04,SKU-EA-05,Electronics-Accessories,16,1
2024-03-05,SKU-EA-05,Electronics-Accessories,31,0
2024-03-06,SKU-EA-05,Electronics-Accessories,12,0
2024-03-07,SKU-EA-05,Electronics-Accessories,22,0
2024-03-08,SKU-EA-05,Electronics-Accessories,13,0
2024-03-09,SKU-EA-05,Electronics-Accessories,52,0
2024-03-10,SKU-EA-05,Electronics-Accessories,11,0
2024-03-11,SKU-EA-05,Electronics-Accessories,46,0
2024-03-12,SKU-EA-05,Electronics-Accessories,25,0
2024-03-13,SKU-EA-05,Electronics-Accessories,5,0
2024-03-14,SKU-EA-05,Electronics-Accessories,15,0
2024-03-15,SKU-EA-05,Electronics-Accessories,4,0
2024-03-16,SKU-EA-05,Electronics-Accessories,27,0
2024-03-17,SKU-EA-05,Electronics-Accessories,17,0
2024-03-18,SKU-EA-05,Electronics-Accessories,7,0
2024-03-19,SKU-EA-05,Electronics-Accessories,5,0
2024-03-20,SKU-EA-05,Electronics-Accessories,19,0
2024-03-21,SKU-EA-05,Electronics-Accessories,16,0
2024-03-22,SKU-EA-05,Electronics-Accessories,18,0
2024-03-23,SKU-EA-05,Electronics-Accessories,9,0
2024-03-24,SKU-EA-05,Electronics-Accessories,50,0
2024-03-25,SKU-EA-05,Electronics-Accessories,26,0
2024-03-26,SKU-EA-05,Electronics-Accessories,8,0
2024-03-27,SKU-EA-05,Electronics-Accessories,15,0
2024-03-28,SKU-EA-05,Electronics-Accessories,4,0
2024-03-29,SKU-EA-05,Electronics-Accessories,7,0
2024-03-30,SKU-EA-05,Electronics-Accessories,13,0
2024-03-31,SKU-EA-05,Electronics-Accessories,4,0
2024-04-01,SKU-EA-05,Electronics-Accessories,11,0
2024-04-02,SKU-EA-05,Electronics-Accessories,10,0
2024-04-03,SKU-EA-05,Electronics-Accessories,15,0
2024-04-04,SKU-EA-05,Electronics-Accessories,31,0
2024-04-05,SKU-EA-05,Electronics-Accessories,29,0
2024-04-06,SKU-EA-05,Electronics-Accessories,33,0
2024-04-07,SKU-EA-05,Electronics-Accessories,34,0
2024-04-08,SKU-EA-05,Electronics-Accessories,22,0
2024-04-09,SKU-EA-05,Electronics-Accessories,24,0
2024-04-10,SKU-EA-05,Electronics-Accessories,6,0
2024-04-11,SKU-EA-05,Electronics-Accessories,8,0
2024-04-12,SKU-EA-05,Electronics-Accessories,43,0
2024-04-13,SKU-EA-05,Electronics-Accessories,113,0
2024-04-14,SKU-EA-05,Electronics-Accessories,31,1
2024-04-15,SKU-EA-05,Electronics-Accessories,10,0
2024-04-16,SKU-EA-05,Electronics-Accessories,6,0
2024-04-17,SKU-EA-05,Electronics-Accessories,31,0
2024-04-18,SKU-EA-05,Electronics-Accessories,17,0
2024-04-19,SKU-EA-05,Electronics-Accessories,28,0
2024-04-20,SKU-EA-05,Electronics-Accessories,37,0
2024-04-21,SKU-EA-05,Electronics-Accessories,19,0
2024-04-22,SKU-EA-05,Electronics-Accessories,12,0
2024-04-23,SKU-EA-05,Electronics-Accessories,13,0
2024-04-24,SKU-EA-05,Electronics-Accessories,25,0
2024-04-25,SKU-EA-05,Electronics-Accessories,9,1
2024-04-26,SKU-EA-05,Electronics-Accessories,36,0
2024-04-27,SKU-EA-05,Electronics-Accessories,20,0
2024-04-28,SKU-EA-05,Electronics-Accessories,32,0
2024-04-29,SKU-EA-05,Electronics-Accessories,15,0
2024-04-30,SKU-EA-05,Electronics-Accessories,13,0
2024-05-01,SKU-EA-05,Electronics-Accessories,0,0
2024-05-02,SKU-EA-05,Electronics-Accessories,30,0
2024-05-03,SKU-EA-05,Electronics-Accessories,31,0
2024-05-04,SKU-EA-05,Electronics-Accessories,8,0
2024-05-05,SKU-EA-05,Electronics-Accessories,44,0
2024-05-06,SKU-EA-05,Electronics-Accessories,18,1
2024-05-07,SKU-EA-05,Electronics-Accessories,12,0
2024-05-08,SKU-EA-05,Electronics-Accessories,35,0
2024-05-09,SKU-EA-05,Electronics-Accessories,14,0
2024-05-10,SKU-EA-05,Electronics-Accessories,25,0
2024-05-11,SKU-EA-05,Electronics-Accessories,35,0
2024-05-12,SKU-EA-05,Electronics-Accessories,55,0
2024-05-13,SKU-EA-05,Electronics-Accessories,9,0
2024-05-14,SKU-EA-05,Electronics-Accessories,12,0
2024-05-15,SKU-EA-05,Electronics-Accessories,34,0
2024-05-16,SKU-EA-05,Electronics-Accessories,19,0
2024-05-17,SKU-EA-05,Electronics-Accessories,17,0
2024-05-18,SKU-EA-05,Electronics-Accessories,19,0
2024-05-19,SKU-EA-05,Electronics-Accessories,2,0
2024-05-20,SKU-EA-05,Electronics-Accessories,12,0
2024-05-21,SKU-EA-05,Electronics-Accessories,37,0
2024-05-22,SKU-EA-05,Electronics-Accessories,20,0
2024-05-23,SKU-EA-05,Electronics-Accessories,27,0
2024-05-24,SKU-EA-05,Electronics-Accessories,48,0
2024-05-25,SKU-EA-05,Electronics-Accessories,38,0
2024-05-26,SKU-EA-05,Electronics-Accessories,38,0
2024-05-27,SKU-EA-05,Electronics-Accessories,34,0
2024-05-28,SKU-EA-05,Electronics-Accessories,13,0
2024-05-29,SKU-EA-05,Electronics-Accessories,16,0
2024-05-30,SKU-EA-05,Electronics-Accessories,65,0
2024-05-31,SKU-EA-05,Electronics-Accessories,7,0
2024-06-01,SKU-EA-05,Electronics-Accessories,50,0
2024-06-02,SKU-EA-05,Electronics-Accessories,6,0
2024-06-03,SKU-EA-05,Electronics-Accessories,13,0
2024-06-04,SKU-EA-05,Electronics-Accessories,18,0
2024-06-05,SKU-EA-05,Electronics-Accessories,9,0
2024-06-06,SKU-EA-05,Electronics-Accessories,15,0
2024-06-07,SKU-EA-05,Electronics-Accessories,8,0
2024-06-08,SKU-EA-05,Electronics-Accessories,13,0
2024-06-09,SKU-EA-05,Electronics-Accessories,33,0
2024-06-10,SKU-EA-05,Electronics-Accessories,5,0
2024-06-11,SKU-EA-05,Electronics-Accessories,13,0
2024-06-12,SKU-EA-05,Electronics-Accessories,9,0
2024-06-13,SKU-EA-05,Electronics-Accessories,5,0
2024-06-14,SKU-EA-05,Electronics-Accessories,69,0
2024-06-15,SKU-EA-05,Electronics-Accessories,12,0
2024-06-16,SKU-EA-05,Electronics-Accessories,40,0
2024-06-17,SKU-EA-05,Electronics-Accessories,10,0
2024-06-18,SKU-EA-05,Electronics-Accessories,48,0
2024-06-19,SKU-EA-05,Electronics-Accessories,14,0
2024-06-20,SKU-EA-05,Electronics-Accessories,67,1
2024-06-21,SKU-EA-05,Electronics-Accessories,7,0
2024-06-22,SKU-EA-05,Electronics-Accessories,25,0
2024-06-23,SKU-EA-05,Electronics-Accessories,22,0
2024-06-24,SKU-EA-05,Electronics-Accessories,35,0
2024-06-25,SKU-EA-05,Electronics-Accessories,7,0
2024-06-26,SKU-EA-05,Electronics-Accessories,7,0
2024-06-27,SKU-EA-05,Electronics-Accessories,14,1
2024-06-28,SKU-EA-05,Electronics-Accessories,29,0
2024-06-29,SKU-EA-05,Electronics-Accessories,12,0
2024-06-30,SKU-EA-05,Electronics-Accessories,11,0
2024-07-01,SKU-EA-05,Electronics-Accessories,17,0
2024-07-02,SKU-EA-05,Electronics-Accessories,19,0
2024-07-03,SKU-EA-05,Electronics-Accessories,25,0
2024-07-04,SKU-EA-05,Electronics-Accessories,37,0
2024-07-05,SKU-EA-05,Electronics-Accessories,9,0
2024-07-06,SKU-EA-05,Electronics-Accessories,18,0
2024-07-07,SKU-EA-05,Electronics-Accessories,63,0
2024-07-08,SKU-EA-05,Electronics-Accessories,11,0
2024-07-09,SKU-EA-05,Electronics-Accessories,12,0
2024-07-10,SKU-EA-05,Electronics-Accessories,20,0
2024-07-11,SKU-EA-05,Electronics-Accessories,17,0
2024-07-12,SKU-EA-05,Electronics-Accessories,27,0
2024-07-13,SKU-EA-05,Electronics-Accessories,19,0
2024-07-14,SKU-EA-05,Electronics-Accessories,19,0
2024-07-15,SKU-EA-05,Electronics-Accessories,25,0
2024-07-16,SKU-EA-05,Electronics-Accessories,30,0
2024-07-17,SKU-EA-05,Electronics-Accessories,28,0
2024-07-18,SKU-EA-05,Electronics-Accessories,38,1
2024-07-19,SKU-EA-05,Electronics-Accessories,55,0
2024-07-20,SKU-EA-05,Electronics-Accessories,21,0
2024-07-21,SKU-EA-05,Electronics-Accessories,19,0
2024-07-22,SKU-EA-05,Electronics-Accessories,16,0
2024-07-23,SKU-EA-05,Electronics-Accessories,8,0
2024-07-24,SKU-EA-05,Electronics-Accessories,21,0
2024-07-25,SKU-EA-05,Electronics-Accessories,22,0
2024-07-26,SKU-EA-05,Electronics-Accessories,41,0
2024-07-27,SKU-EA-05,Electronics-Accessories,12,0
2024-07-28,SKU-EA-05,Electronics-Accessories,4,0
2024-07-29,SKU-EA-05,Electronics-Accessories,17,0
2024-07-30,SKU-EA-05,Electronics-Accessories,7,0
2024-07-31,SKU-EA-05,Electronics-Accessories,34,0
2024-08-01,SKU-EA-05,Electronics-Accessories,17,0
2024-08-02,SKU-EA-05,Electronics-Accessories,25,0
2024-08-03,SKU-EA-05,Electronics-Accessories,35,0
2024-08-04,SKU-EA-05,Electronics-Accessories,28,0
2024-08-05,SKU-EA-05,Electronics-Accessories,40,0
2024-08-06,SKU-EA-05,Electronics-Accessories,35,0
2024-08-07,SKU-EA-05,Electronics-Accessories,12,0
2024-08-08,SKU-EA-05,Electronics-Accessories,24,0
2024-08-09,SKU-EA-05,Electronics-Accessories,36,0
2024-08-10,SKU-EA-05,Electronics-Accessories,54,0
2024-08-11,SKU-EA-05,Electronics-Accessories,27,0
2024-08-12,SKU-EA-05,Electronics-Accessories,4,0
2024-08-13,SKU-EA-05,Electronics-Accessories,32,1
2024-08-14,SKU-EA-05,Electronics-Accessories,7,0
2024-08-15,SKU-EA-05,Electronics-Accessories,0,0
2024-08-16,SKU-EA-05,Electronics-Accessories,8,0
2024-08-17,SKU-EA-05,Electronics-Accessories,17,1
2024-08-18,SKU-EA-05,Electronics-Accessories,15,0
2024-08-19,SKU-EA-05,Electronics-Accessories,26,0
2024-08-20,SKU-EA-05,Electronics-Accessories,14,0
2024-08-21,SKU-EA-05,Electronics-Accessories,13,0
2024-08-22,SKU-EA-05,Electronics-Accessories,13,0
2024-08-23,SKU-EA-05,Electronics-Accessories,53,1
2024-08-24,SKU-EA-05,Electronics-Accessories,28,0
2024-08-25,SKU-EA-05,Electronics-Accessories,16,0
2024-08-26,SKU-EA-05,Electronics-Accessories,11,0
2024-08-27,SKU-EA-05,Electronics-Accessories,21,0
2024-08-28,SKU-EA-05,Electronics-Accessories,12,0
2024-08-29,SKU-EA-05,Electronics-Accessories,42,0
2024-08-30,SKU-EA-05,Electronics-Accessories,39,0
2024-08-31,SKU-EA-05,Electronics-Accessories,28,0
2024-09-01,SKU-EA-05,Electronics-Accessories,8,0
2024-09-02,SKU-EA-05,Electronics-Accessories,37,1
2024-09-03,SKU-EA-05,Electronics-Accessories,10,1
2024-09-04,SKU-EA-05,Electronics-Accessories,8,0
2024-09-05,SKU-EA-05,Electronics-Accessories,28,0
2024-09-06,SKU-EA-05,Electronics-Accessories,27,0
2024-09-07,SKU-EA-05,Electronics-Accessories,59,0
2024-09-08,SKU-EA-05,Electronics-Accessories,7,0
2024-09-09,SKU-EA-05,Electronics-Accessories,9,0
2024-09-10,SKU-EA-05,Electronics-Accessories,38,0
2024-09-11,SKU-EA-05,Electronics-Accessories,25,0
2024-09-12,SKU-EA-05,Electronics-Accessories,13,0
2024-09-13,SKU-EA-05,Electronics-Accessories,3,0
2024-09-14,SKU-EA-05,Electronics-Accessories,23,0
2024-09-15,SKU-EA-05,Electronics-Accessories,89,1
2024-09-16,SKU-EA-05,Electronics-Accessories,10,0
2024-09-17,SKU-EA-05,Electronics-Accessories,1,0
2024-09-18,SKU-EA-05,Electronics-Accessories,14,0
2024-09-19,SKU-EA-05,Electronics-Accessories,24,0
2024-09-20,SKU-EA-05,Electronics-Accessories,37,0
2024-09-21,SKU-EA-05,Electronics-Accessories,24,0
2024-09-22,SKU-EA-05,Electronics-Accessories,48,0
2024-09-23,SKU-EA-05,Electronics-Accessories,17,0
2024-09-24,SKU-EA-05,Electronics-Accessories,28,0
2024-09-25,SKU-EA-05,Electronics-Accessories,11,0
2024-09-26,SKU-EA-05,Electronics-Accessories,7,0
2024-09-27,SKU-EA-05,Electronics-Accessories,66,0
2024-09-28,SKU-EA-05,Electronics-Accessories,96,0
2024-09-29,SKU-EA-05,Electronics-Accessories,36,0
2024-09-30,SKU-EA-05,Electronics-Accessories,10,0
2024-10-01,SKU-EA-05,Electronics-Accessories,45,0
2024-10-02,SKU-EA-05,Electronics-Accessories,24,0
2024-10-03,SKU-EA-05,Electronics-Accessories,12,0
2024-10-04,SKU-EA-05,Electronics-Accessories,18,0
2024-10-05,SKU-EA-05,Electronics-Accessories,18,0
2024-10-06,SKU-EA-05,Electronics-Accessories,36,0
2024-10-07,SKU-EA-05,Electronics-Accessories,14,0
2024-10-08,SKU-EA-05,Electronics-Accessories,10,0
2024-10-09,SKU-EA-05,Electronics-Accessories,8,0
2024-10-10,SKU-EA-05,Electronics-Accessories,24,0
2024-10-11,SKU-EA-05,Electronics-Accessories,33,0
2024-10-12,SKU-EA-05,Electronics-Accessories,27,0
2024-10-13,SKU-EA-05,Electronics-Accessories,43,0
2024-10-14,SKU-EA-05,Electronics-Accessories,3,0
2024-10-15,SKU-EA-05,Electronics-Accessories,34,0
2024-10-16,SKU-EA-05,Electronics-Accessories,33,0
2024-10-17,SKU-EA-05,Electronics-Accessories,32,0
2024-10-18,SKU-EA-05,Electronics-Accessories,23,0
2024-10-19,SKU-EA-05,Electronics-Accessories,32,0
2024-10-20,SKU-EA-05,Electronics-Accessories,50,0
2024-10-21,SKU-EA-05,Electronics-Accessories,38,0
2024-10-22,SKU-EA-05,Electronics-Accessories,49,0
2024-10-23,SKU-EA-05,Electronics-Accessories,55,0
2024-10-24,SKU-EA-05,Electronics-Accessories,23,0
2024-10-25,SKU-EA-05,Electronics-Accessories,70,1
2024-10-26,SKU-EA-05,Electronics-Accessories,48,0
2024-10-27,SKU-EA-05,Electronics-Accessories,59,0
2024-10-28,SKU-EA-05,Electronics-Accessories,19,0
2024-10-29,SKU-EA-05,Electronics-Accessories,25,0
2024-10-30,SKU-EA-05,Electronics-Accessories,11,0
2024-10-31,SKU-EA-05,Electronics-Accessories,33,0
2024-11-01,SKU-EA-05,Electronics-Accessories,36,0
2024-11-02,SKU-EA-05,Electronics-Accessories,34,0
2024-11-03,SKU-EA-05,Electronics-Accessories,77,0
2024-11-04,SKU-EA-05,Electronics-Accessories,23,0
2024-11-05,SKU-EA-05,Electronics-Accessories,12,0
2024-11-06,SKU-EA-05,Electronics-Accessories,6,0
2024-11-07,SKU-EA-05,Electronics-Accessories,67,0
2024-11-08,SKU-EA-05,Electronics-Accessories,115,0
2024-11-09,SKU-EA-05,Electronics-Accessories,16,0
2024-11-10,SKU-EA-05,Electronics-Accessories,48,0
2024-11-11,SKU-EA-05,Electronics-Accessories,14,0
2024-11-12,SKU-EA-05,Electronics-Accessories,57,0
2024-11-13,SKU-EA-05,Electronics-Accessories,90,0
2024-11-14,SKU-EA-05,Electronics-Accessories,31,0
2024-11-15,SKU-EA-05,Electronics-Accessories,14,0
2024-11-16,SKU-EA-05,Electronics-Accessories,63,0
2024-11-17,SKU-EA-05,Electronics-Accessories,31,0
2024-11-18,SKU-EA-05,Electronics-Accessories,56,0
2024-11-19,SKU-EA-05,Electronics-Accessories,24,0
2024-11-20,SKU-EA-05,Electronics-Accessories,66,0
2024-11-21,SKU-EA-05,Electronics-Accessories,5,0
2024-11-22,SKU-EA-05,Electronics-Accessories,14,0
2024-11-23,SKU-EA-05,Electronics-Accessories,119,0
2024-11-24,SKU-EA-05,Electronics-Accessories,36,0
2024-11-25,SKU-EA-05,Electronics-Accessories,6,0
2024-11-26,SKU-EA-05,Electronics-Accessories,40,0
2024-11-27,SKU-EA-05,Electronics-Accessories,58,1
2024-11-28,SKU-EA-05,Electronics-Accessories,68,0
2024-11-29,SKU-EA-05,Electronics-Accessories,82,0
2024-11-30,SKU-EA-05,Electronics-Accessories,39,0
2024-12-01,SKU-EA-05,Electronics-Accessories,32,0
2024-12-02,SKU-EA-05,Electronics-Accessories,35,0
2024-12-03,SKU-EA-05,Electronics-Accessories,10,0
2024-12-04,SKU-EA-05,Electronics-Accessories,68,0
2024-12-05,SKU-EA-05,Electronics-Accessories,52,0
2024-12-06,SKU-EA-05,Electronics-Accessories,34,0
2024-12-07,SKU-EA-05,Electronics-Accessories,65,0
2024-12-08,SKU-EA-05,Electronics-Accessories,43,0
2024-12-09,SKU-EA-05,Electronics-Accessories,68,0
2024-12-10,SKU-EA-05,Electronics-Accessories,34,0
2024-12-11,SKU-EA-05,Electronics-Accessories,15,0
2024-12-12,SKU-EA-05,Electronics-Accessories,6,0
2024-12-13,SKU-EA-05,Electronics-Accessories,6,0
2024-12-14,SKU-EA-05,Electronics-Accessories,45,0
2024-12-15,SKU-EA-05,Electronics-Accessories,48,0
2024-12-16,SKU-EA-05,Electronics-Accessories,54,0
2024-12-17,SKU-EA-05,Electronics-Accessories,47,0
2024-12-18,SKU-EA-05,Electronics-Accessories,23,0
2024-12-19,SKU-EA-05,Electronics-Accessories,25,0
2024-12-20,SKU-EA-05,Electronics-Accessories,25,0
2024-12-21,SKU-EA-05,Electronics-Accessories,179,1
2024-12-22,SKU-EA-05,Electronics-Accessories,14,0
2024-12-23,SKU-EA-05,Electronics-Accessories,85,1
2024-12-24,SKU-EA-05,Electronics-Accessories,29,0
2024-12-25,SKU-EA-05,Electronics-Accessories,36,0
2024-12-26,SKU-EA-05,Electronics-Accessories,23,0
2024-12-27,SKU-EA-05,Electronics-Accessories,43,0
2024-12-28,SKU-EA-05,Electronics-Accessories,104,0
2024-12-29,SKU-EA-05,Electronics-Accessories,101,0
2024-12-30,SKU-EA-05,Electronics-Accessories,55,0
2024-12-31,SKU-EA-05,Electronics-Accessories,45,0
2025-01-01,SKU-EA-05,Electronics-Accessories,27,0
2025-01-02,SKU-EA-05,Electronics-Accessories,14,0
2025-01-03,SKU-EA-05,Electronics-Accessories,91,0
2025-01-04,SKU-EA-05,Electronics-Accessories,118,0
2025-01-05,SKU-EA-05,Electronics-Accessories,180,1
2025-01-06,SKU-EA-05,Electronics-Accessories,14,0
2025-01-07,SKU-EA-05,Electronics-Accessories,69,0
2025-01-08,SKU-EA-05,Electronics-Accessories,19,0
2025-01-09,SKU-EA-05,Electronics-Accessories,18,0
2025-01-10,SKU-EA-05,Electronics-Accessories,26,0
2025-01-11,SKU-EA-05,Electronics-Accessories,44,0
2025-01-12,SKU-EA-05,Electronics-Accessories,36,0
2025-01-13,SKU-EA-05,Electronics-Accessories,22,0
2025-01-14,SKU-EA-05,Electronics-Accessories,16,1
2025-01-15,SKU-EA-05,Electronics-Accessories,26,0
2025-01-16,SKU-EA-05,Electronics-Accessories,22,0
2025-01-17,SKU-EA-05,Electronics-Accessories,30,1
2025-01-18,SKU-EA-05,Electronics-Accessories,77,0
2025-01-19,SKU-EA-05,Electronics-Accessories,16,1
2025-01-20,SKU-EA-05,Electronics-Accessories,7,0
2025-01-21,SKU-EA-05,Electronics-Accessories,48,0
2025-01-22,SKU-EA-05,Electronics-Accessories,36,0
2025-01-23,SKU-EA-05,Electronics-Accessories,8,0
2025-01-24,SKU-EA-05,Electronics-Accessories,19,0
2025-01-25,SKU-EA-05,Electronics-Accessories,18,0
2025-01-26,SKU-EA-05,Electronics-Accessories,11,0
2025-01-27,SKU-EA-05,Electronics-Accessories,80,1
2025-01-28,SKU-EA-05,Electronics-Accessories,22,0
2025-01-29,SKU-EA-05,Electronics-Accessories,32,1
2025-01-30,SKU-EA-05,Electronics-Accessories,9,0
2025-01-31,SKU-EA-05,Electronics-Accessories,49,0
2025-02-01,SKU-EA-05,Electronics-Accessories,31,0
2025-02-02,SKU-EA-05,Electronics-Accessories,13,0
2025-02-03,SKU-EA-05,Electronics-Accessories,30,0
2025-02-04,SKU-EA-05,Electronics-Accessories,40,0
2025-02-05,SKU-EA-05,Electronics-Accessories,26,0
2025-02-06,SKU-EA-05,Electronics-Accessories,58,0
2025-02-07,SKU-EA-05,Electronics-Accessories,50,0
2025-02-08,SKU-EA-05,Electronics-Accessories,23,0
2025-02-09,SKU-EA-05,Electronics-Accessories,16,0
2025-02-10,SKU-EA-05,Electronics-Accessories,51,0
2025-02-11,SKU-EA-05,Electronics-Accessories,13,0
2025-02-12,SKU-EA-05,Electronics-Accessories,11,0
2025-02-13,SKU-EA-05,Electronics-Accessories,5,0
2025-02-14,SKU-EA-05,Electronics-Accessories,35,0
2025-02-15,SKU-EA-05,Electronics-Accessories,49,0
2025-02-16,SKU-EA-05,Electronics-Accessories,56,0
2025-02-17,SKU-EA-05,Electronics-Accessories,14,0
2025-02-18,SKU-EA-05,Electronics-Accessories,33,0
2025-02-19,SKU-EA-05,Electronics-Accessories,18,0
2025-02-20,SKU-EA-05,Electronics-Accessories,37,0
2025-02-21,SKU-EA-05,Electronics-Accessories,6,0
2025-02-22,SKU-EA-05,Electronics-Accessories,9,0
2025-02-23,SKU-EA-05,Electronics-Accessories,184,1
2025-02-24,SKU-EA-05,Electronics-Accessories,19,0
2025-02-25,SKU-EA-05,Electronics-Accessories,40,0
2025-02-26,SKU-EA-05,Electronics-Accessories,13,0
2025-02-27,SKU-EA-05,Electronics-Accessories,14,0
2025-02-28,SKU-EA-05,Electronics-Accessories,28,0
2025-03-01,SKU-EA-05,Electronics-Accessories,21,0
2025-03-02,SKU-EA-05,Electronics-Accessories,20,0
2025-03-03,SKU-EA-05,Electronics-Accessories,15,0
2025-03-04,SKU-EA-05,Electronics-Accessories,13,0
2025-03-05,SKU-EA-05,Electronics-Accessories,20,0
2025-03-06,SKU-EA-05,Electronics-Accessories,25,0
2025-03-07,SKU-EA-05,Electronics-Accessories,56,0
2025-03-08,SKU-EA-05,Electronics-Accessories,50,0
2025-03-09,SKU-EA-05,Electronics-Accessories,34,0
2025-03-10,SKU-EA-05,Electronics-Accessories,30,1
2025-03-11,SKU-EA-05,Electronics-Accessories,35,0
2025-03-12,SKU-EA-05,Electronics-Accessories,42,0
2025-03-13,SKU-EA-05,Electronics-Accessories,23,0
2025-03-14,SKU-EA-05,Electronics-Accessories,62,0
2025-03-15,SKU-EA-05,Electronics-Accessories,50,0
2025-03-16,SKU-EA-05,Electronics-Accessories,40,0
2025-03-17,SKU-EA-05,Electronics-Accessories,4,0
2025-03-18,SKU-EA-05,Electronics-Accessories,11,0
2025-03-19,SKU-EA-05,Electronics-Accessories,16,0
2025-03-20,SKU-EA-05,Electronics-Accessories,6,0
2025-03-21,SKU-EA-05,Electronics-Accessories,37,0
2025-03-22,SKU-EA-05,Electronics-Accessories,77,0
2025-03-23,SKU-EA-05,Electronics-Accessories,33,0
2025-03-24,SKU-EA-05,Electronics-Accessories,28,0
2025-03-25,SKU-EA-05,Electronics-Accessories,15,0
2025-03-26,SKU-EA-05,Electronics-Accessories,29,0
2025-03-27,SKU-EA-05,Electronics-Accessories,23,0
2025-03-28,SKU-EA-05,Electronics-Accessories,14,0
2025-03-29,SKU-EA-05,Electronics-Accessories,22,0
2025-03-30,SKU-EA-05,Electronics-Accessories,16,0
2025-03-31,SKU-EA-05,Electronics-Accessories,8,0
2025-04-01,SKU-EA-05,Electronics-Accessories,20,0
2025-04-02,SKU-EA-05,Electronics-Accessories,13,0
2025-04-03,SKU-EA-05,Electronics-Accessories,27,0
2025-04-04,SKU-EA-05,Electronics-Accessories,21,0
2025-04-05,SKU-EA-05,Electronics-Accessories,3,0
2025-04-06,SKU-EA-05,Electronics-Accessories,34,0
2025-04-07,SKU-EA-05,Electronics-Accessories,40,0
2025-04-08,SKU-EA-05,Electronics-Accessories,32,0
2025-04-09,SKU-EA-05,Electronics-Accessories,12,0
2025-04-10,SKU-EA-05,Electronics-Accessories,48,0
2025-04-11,SKU-EA-05,Electronics-Accessories,29,0
2025-04-12,SKU-EA-05,Electronics-Accessories,62,0
2025-04-13,SKU-EA-05,Electronics-Accessories,12,0
2025-04-14,SKU-EA-05,Electronics-Accessories,58,0
2025-04-15,SKU-EA-05,Electronics-Accessories,8,0
2025-04-16,SKU-EA-05,Electronics-Accessories,5,0
2025-04-17,SKU-EA-05,Electronics-Accessories,17,0
2025-04-18,SKU-EA-05,Electronics-Accessories,22,0
2025-04-19,SKU-EA-05,Electronics-Accessories,53,0
2025-04-20,SKU-EA-05,Electronics-Accessories,47,0
2025-04-21,SKU-EA-05,Electronics-Accessories,12,0
2025-04-22,SKU-EA-05,Electronics-Accessories,38,0
2025-04-23,SKU-EA-05,Electronics-Accessories,15,0
2025-04-24,SKU-EA-05,Electronics-Accessories,44,0
2025-04-25,SKU-EA-05,Electronics-Accessories,53,0
2025-04-26,SKU-EA-05,Electronics-Accessories,24,0
2025-04-27,SKU-EA-05,Electronics-Accessories,64,0
2025-04-28,SKU-EA-05,Electronics-Accessories,38,0
2025-04-29,SKU-EA-05,Electronics-Accessories,21,0
2025-04-30,SKU-EA-05,Electronics-Accessories,12,0
2025-05-01,SKU-EA-05,Electronics-Accessories,34,0
2025-05-02,SKU-EA-05,Electronics-Accessories,19,0
2025-05-03,SKU-EA-05,Electronics-Accessories,40,0
2025-05-04,SKU-EA-05,Electronics-Accessories,58,0
2025-05-05,SKU-EA-05,Electronics-Accessories,29,0
2025-05-06,SKU-EA-05,Electronics-Accessories,8,0
2025-05-07,SKU-EA-05,Electronics-Accessories,34,0
2025-05-08,SKU-EA-05,Electronics-Accessories,22,0
2025-05-09,SKU-EA-05,Electronics-Accessories,39,0
2025-05-10,SKU-EA-05,Electronics-Accessories,12,0
2025-05-11,SKU-EA-05,Electronics-Accessories,24,0
2025-05-12,SKU-EA-05,Electronics-Accessories,15,0
2025-05-13,SKU-EA-05,Electronics-Accessories,9,1
2025-05-14,SKU-EA-05,Electronics-Accessories,11,0
2025-05-15,SKU-EA-05,Electronics-Accessories,6,0
2025-05-16,SKU-EA-05,Electronics-Accessories,13,0
2025-05-17,SKU-EA-05,Electronics-Accessories,87,0
2025-05-18,SKU-EA-05,Electronics-Accessories,26,0
2025-05-19,SKU-EA-05,Electronics-Accessories,37,0
2025-05-20,SKU-EA-05,Electronics-Accessories,19,0
2025-05-21,SKU-EA-05,Electronics-Accessories,10,0
2025-05-22,SKU-EA-05,Electronics-Accessories,13,0
2025-05-23,SKU-EA-05,Electronics-Accessories,15,0
2025-05-24,SKU-EA-05,Electronics-Accessories,17,0
2025-05-25,SKU-EA-05,Electronics-Accessories,32,0
2025-05-26,SKU-EA-05,Electronics-Accessories,27,0
2025-05-27,SKU-EA-05,Electronics-Accessories,4,0
2025-05-28,SKU-EA-05,Electronics-Accessories,46,0
2025-05-29,SKU-EA-05,Electronics-Accessories,194,1
2025-05-30,SKU-EA-05,Electronics-Accessories,2,0
2025-05-31,SKU-EA-05,Electronics-Accessories,23,0
2025-06-01,SKU-EA-05,Electronics-Accessories,14,0
2025-06-02,SKU-EA-05,Electronics-Accessories,16,0
2025-06-03,SKU-EA-05,Electronics-Accessories,23,0
2025-06-04,SKU-EA-05,Electronics-Accessories,47,0
2025-06-05,SKU-EA-05,Electronics-Accessories,33,0
2025-06-06,SKU-EA-05,Electronics-Accessories,14,0
2025-06-07,SKU-EA-05,Electronics-Accessories,35,0
2025-06-08,SKU-EA-05,Electronics-Accessories,38,0
2025-06-09,SKU-EA-05,Electronics-Accessories,23,0
2025-06-10,SKU-EA-05,Electronics-Accessories,7,0
2025-06-11,SKU-EA-05,Electronics-Accessories,11,0
2025-06-12,SKU-EA-05,Electronics-Accessories,34,0
2025-06-13,SKU-EA-05,Electronics-Accessories,19,0
2025-06-14,SKU-EA-05,Electronics-Accessories,28,1
2025-06-15,SKU-EA-05,Electronics-Accessories,35,0
2025-06-16,SKU-EA-05,Electronics-Accessories,48,0
2025-06-17,SKU-EA-05,Electronics-Accessories,32,0
2025-06-18,SKU-EA-05,Electronics-Accessories,23,0
2025-06-19,SKU-EA-05,Electronics-Accessories,29,0
2025-06-20,SKU-EA-05,Electronics-Accessories,19,0
2025-06-21,SKU-EA-05,Electronics-Accessories,47,0
2025-06-22,SKU-EA-05,Electronics-Accessories,7,0
2025-06-23,SKU-EA-05,Electronics-Accessories,14,0
2025-06-24,SKU-EA-05,Electronics-Accessories,18,0
2025-06-25,SKU-EA-05,Electronics-Accessories,29,0
2025-06-26,SKU-EA-05,Electronics-Accessories,30,0
2025-06-27,SKU-EA-05,Electronics-Accessories,27,0
2025-06-28,SKU-EA-05,Electronics-Accessories,42,0
2025-06-29,SKU-EA-05,Electronics-Accessories,33,1
2025-06-30,SKU-EA-05,Electronics-Accessories,46,0
2025-07-01,SKU-EA-05,Electronics-Accessories,57,0
2023-01-01,SKU-H-01,Household,13,0
2023-01-02,SKU-H-01,Household,17,0
2023-01-03,SKU-H-01,Household,12,0
2023-01-04,SKU-H-01,Household,29,0
2023-01-05,SKU-H-01,Household,15,0
2023-01-06,SKU-H-01,Household,11,0
2023-01-07,SKU-H-01,Household,7,0
2023-01-08,SKU-H-01,Household,17,0
2023-01-09,SKU-H-01,Household,17,0
2023-01-10,SKU-H-01,Household,6,0
2023-01-11,SKU-H-01,Household,17,0
2023-01-12,SKU-H-01,Household,12,0
2023-01-13,SKU-H-01,Household,26,0
2023-01-14,SKU-H-01,Household,16,0
2023-01-15,SKU-H-01,Household,11,0
2023-01-16,SKU-H-01,Household,25,0
2023-01-17,SKU-H-01,Household,21,0
2023-01-18,SKU-H-01,Household,25,0
2023-01-19,SKU-H-01,Household,33,0
2023-01-20,SKU-H-01,Household,26,0
2023-01-21,SKU-H-01,Household,9,0
2023-01-22,SKU-H-01,Household,16,0
2023-01-23,SKU-H-01,Household,18,0
2023-01-24,SKU-H-01,Household,37,0
2023-01-25,SKU-H-01,Household,13,0
2023-01-26,SKU-H-01,Household,30,0
2023-01-27,SKU-H-01,Household,31,0
2023-01-28,SKU-H-01,Household,12,0
2023-01-29,SKU-H-01,Household,7,0
2023-01-30,SKU-H-01,Household,32,0
2023-01-31,SKU-H-01,Household,12,0
2023-02-01,SKU-H-01,Household,18,0
2023-02-02,SKU-H-01,Household,12,0
2023-02-03,SKU-H-01,Household,17,0
2023-02-04,SKU-H-01,Household,22,0
2023-02-05,SKU-H-01,Household,9,0
2023-02-06,SKU-H-01,Household,37,0
2023-02-07,SKU-H-01,Household,10,0
2023-02-08,SKU-H-01,Household,16,0
2023-02-09,SKU-H-01,Household,14,0
2023-02-10,SKU-H-01,Household,20,0
2023-02-11,SKU-H-01,Household,6,0
2023-02-12,SKU-H-01,Household,12,0
2023-02-13,SKU-H-01,Household,31,0
2023-02-14,SKU-H-01,Household,6,0
2023-02-15,SKU-H-01,Household,20,0
2023-02-16,SKU-H-01,Household,22,0
2023-02-17,SKU-H-01,Household,17,0
2023-02-18,SKU-H-01,Household,10,0
2023-02-19,SKU-H-01,Household,14,0
2023-02-20,SKU-H-01,Household,9,0
2023-02-21,SKU-H-01,Household,12,0
2023-02-22,SKU-H-01,Household,35,0
2023-02-23,SKU-H-01,Household,29,0
2023-02-24,SKU-H-01,Household,24,0
2023-02-25,SKU-H-01,Household,14,0
2023-02-26,SKU-H-01,Household,5,0
2023-02-27,SKU-H-01,Household,6,0
2023-02-28,SKU-H-01,Household,15,0
2023-03-01,SKU-H-01,Household,5,0
2023-03-02,SKU-H-01,Household,31,0
2023-03-03,SKU-H-01,Household,22,0
2023-03-04,SKU-H-01,Household,9,0
2023-03-05,SKU-H-01,Household,7,0
2023-03-06,SKU-H-01,Household,13,0
2023-03-07,SKU-H-01,Household,18,0
2023-03-08,SKU-H-01,Household,5,0
2023-03-09,SKU-H-01,Household,15,0
2023-03-10,SKU-H-01,Household,19,0
2023-03-11,SKU-H-01,Household,31,0
2023-03-12,SKU-H-01,Household,8,0
2023-03-13,SKU-H-01,Household,29,0
2023-03-14,SKU-H-01,Household,23,0
2023-03-15,SKU-H-01,Household,13,0
2023-03-16,SKU-H-01,Household,19,0
2023-03-17,SKU-H-01,Household,13,0
2023-03-18,SKU-H-01,Household,10,0
2023-03-19,SKU-H-01,Household,11,0
2023-03-20,SKU-H-01,Household,17,0
2023-03-21,SKU-H-01,Household,11,0
2023-03-22,SKU-H-01,Household,19,0
2023-03-23,SKU-H-01,Household,10,0
2023-03-24,SKU-H-01,Household,8,0
2023-03-25,SKU-H-01,Household,12,0
2023-03-26,SKU-H-01,Household,9,0
2023-03-27,SKU-H-01,Household,6,0
2023-03-28,SKU-H-01,Household,22,0
2023-03-29,SKU-H-01,Household,10,0
2023-03-30,SKU-H-01,Household,16,0
2023-03-31,SKU-H-01,Household,20,0
2023-04-01,SKU-H-01,Household,6,0
2023-04-02,SKU-H-01,Household,8,0
2023-04-03,SKU-H-01,Household,43,0
2023-04-04,SKU-H-01,Household,16,0
2023-04-05,SKU-H-01,Household,9,0
2023-04-06,SKU-H-01,Household,15,0
2023-04-07,SKU-H-01,Household,35,1
2023-04-08,SKU-H-01,Household,16,0
2023-04-09,SKU-H-01,Household,18,0
2023-04-10,SKU-H-01,Household,7,0
2023-04-11,SKU-H-01,Household,20,0
2023-04-12,SKU-H-01,Household,29,0
2023-04-13,SKU-H-01,Household,15,0
2023-04-14,SKU-H-01,Household,20,0
2023-04-15,SKU-H-01,Household,14,0
2023-04-16,SKU-H-01,Household,11,0
2023-04-17,SKU-H-01,Household,25,0
2023-04-18,SKU-H-01,Household,17,0
2023-04-19,SKU-H-01,Household,17,0
2023-04-20,SKU-H-01,Household,17,0
2023-04-21,SKU-H-01,Household,8,0
2023-04-22,SKU-H-01,Household,21,0
2023-04-23,SKU-H-01,Household,14,0
2023-04-24,SKU-H-01,Household,8,0
2023-04-25,SKU-H-01,Household,28,0
2023-04-26,SKU-H-01,Household,22,0
2023-04-27,SKU-H-01,Household,19,0
2023-04-28,SKU-H-01,Household,53,1
2023-04-29,SKU-H-01,Household,10,0
2023-04-30,SKU-H-01,Household,11,0
2023-05-01,SKU-H-01,Household,22,0
2023-05-02,SKU-H-01,Household,29,0
2023-05-03,SKU-H-01,Household,15,0
2023-05-04,SKU-H-01,Household,11,0
2023-05-05,SKU-H-01,Household,17,0
2023-05-06,SKU-H-01,Household,10,0
2023-05-07,SKU-H-01,Household,8,0
2023-05-08,SKU-H-01,Household,20,0
2023-05-09,SKU-H-01,Household,8,0
2023-05-10,SKU-H-01,Household,33,1
2023-05-11,SKU-H-01,Household,15,0
2023-05-12,SKU-H-01,Household,25,0
2023-05-13,SKU-H-01,Household,12,0
2023-05-14,SKU-H-01,Household,10,0
2023-05-15,SKU-H-01,Household,21,1
2023-05-16,SKU-H-01,Household,42,0
2023-05-17,SKU-H-01,Household,25,0
2023-05-18,SKU-H-01,Household,13,0
2023-05-19,SKU-H-01,Household,16,0
2023-05-20,SKU-H-01,Household,5,0
2023-05-21,SKU-H-01,Household,19,0
2023-05-22,SKU-H-01,Household,26,0
2023-05-23,SKU-H-01,Household,21,0
2023-05-24,SKU-H-01,Household,17,0
2023-05-25,SKU-H-01,Household,24,0
2023-05-26,SKU-H-01,Household,19,0
2023-05-27,SKU-H-01,Household,11,0
2023-05-28,SKU-H-01,Household,21,0
2023-05-29,SKU-H-01,Household,27,0
2023-05-30,SKU-H-01,Household,25,0
2023-05-31,SKU-H-01,Household,19,0
2023-06-01,SKU-H-01,Household,8,0
2023-06-02,SKU-H-01,Household,8,0
2023-06-03,SKU-H-01,Household,18,0
2023-06-04,SKU-H-01,Household,7,0
2023-06-05,SKU-H-01,Household,26,0
2023-06-06,SKU-H-01,Household,22,0
2023-06-07,SKU-H-01,Household,16,0
2023-06-08,SKU-H-01,Household,41,0
2023-06-09,SKU-H-01,Household,11,0
2023-06-10,SKU-H-01,Household,12,0
2023-06-11,SKU-H-01,Household,16,0
2023-06-12,SKU-H-01,Household,23,0
2023-06-13,SKU-H-01,Household,28,0
2023-06-14,SKU-H-01,Household,10,0
2023-06-15,SKU-H-01,Household,22,0
2023-06-16,SKU-H-01,Household,28,1
2023-06-17,SKU-H-01,Household,3,0
2023-06-18,SKU-H-01,Household,9,0
2023-06-19,SKU-H-01,Household,22,0
2023-06-20,SKU-H-01,Household,7,0
2023-06-21,SKU-H-01,Household,10,0
2023-06-22,SKU-H-01,Household,15,0
2023-06-23,SKU-H-01,Household,22,0
2023-06-24,SKU-H-01,Household,13,0
2023-06-25,SKU-H-01,Household,6,0
2023-06-26,SKU-H-01,Household,19,0
2023-06-27,SKU-H-01,Household,20,0
2023-06-28,SKU-H-01,Household,20,0
2023-06-29,SKU-H-01,Household,22,0
2023-06-30,SKU-H-01,Household,18,0
2023-07-01,SKU-H-01,Household,7,0
2023-07-02,SKU-H-01,Household,12,0
2023-07-03,SKU-H-01,Household,26,0
2023-07-04,SKU-H-01,Household,23,0
2023-07-05,SKU-H-01,Household,27,0
2023-07-06,SKU-H-01,Household,42,0
2023-07-07,SKU-H-01,Household,62,1
2023-07-08,SKU-H-01,Household,8,0
2023-07-09,SKU-H-01,Household,6,0
2023-07-10,SKU-H-01,Household,19,0
2023-07-11,SKU-H-01,Household,10,0
2023-07-12,SKU-H-01,Household,24,0
2023-07-13,SKU-H-01,Household,18,0
2023-07-14,SKU-H-01,Household,15,0
2023-07-15,SKU-H-01,Household,10,0
2023-07-16,SKU-H-01,Household,11,0
2023-07-17,SKU-H-01,Household,13,0
2023-07-18,SKU-H-01,Household,17,0
2023-07-19,SKU-H-01,Household,22,0
2023-07-20,SKU-H-01,Household,22,0
2023-07-21,SKU-H-01,Household,14,0
2023-07-22,SKU-H-01,Household,10,0
2023-07-23,SKU-H-01,Household,5,0
2023-07-24,SKU-H-01,Household,10,0
2023-07-25,SKU-H-01,Household,17,0
2023-07-26,SKU-H-01,Household,17,0
2023-07-27,SKU-H-01,Household,25,0
2023-07-28,SKU-H-01,Household,8,0
2023-07-29,SKU-H-01,Household,15,0
2023-07-30,SKU-H-01,Household,3,0
2023-07-31,SKU-H-01,Household,12,0
2023-08-01,SKU-H-01,Household,29,0
2023-08-02,SKU-H-01,Household,19,0
2023-08-03,SKU-H-01,Household,11,0
2023-08-04,SKU-H-01,Household,20,0
2023-08-05,SKU-H-01,Household,8,0
2023-08-06,SKU-H-01,Household,4,0
2023-08-07,SKU-H-01,Household,10,0
2023-08-08,SKU-H-01,Household,28,0
2023-08-09,SKU-H-01,Household,22,0
2023-08-10,SKU-H-01,Household,16,0
2023-08-11,SKU-H-01,Household,11,0
2023-08-12,SKU-H-01,Household,4,0
2023-08-13,SKU-H-01,Household,10,0
2023-08-14,SKU-H-01,Household,33,0
2023-08-15,SKU-H-01,Household,17,0
2023-08-16,SKU-H-01,Household,50,0
2023-08-17,SKU-H-01,Household,45,1
2023-08-18,SKU-H-01,Household,16,0
2023-08-19,SKU-H-01,Household,10,0
2023-08-20,SKU-H-01,Household,13,0
2023-08-21,SKU-H-01,Household,28,0
2023-08-22,SKU-H-01,Household,19,0
2023-08-23,SKU-H-01,Household,25,0
2023-08-24,SKU-H-01,Household,5,0
2023-08-25,SKU-H-01,Household,26,0
2023-08-26,SKU-H-01,Household,7,0
2023-08-27,SKU-H-01,Household,9,0
2023-08-28,SKU-H-01,Household,20,0
2023-08-29,SKU-H-01,Household,16,0
2023-08-30,SKU-H-01,Household,13,0
2023-08-31,SKU-H-01,Household,13,0
2023-09-01,SKU-H-01,Household,17,0
2023-09-02,SKU-H-01,Household,11,1
2023-09-03,SKU-H-01,Household,8,0
2023-09-04,SKU-H-01,Household,18,0
2023-09-05,SKU-H-01,Household,41,0
2023-09-06,SKU-H-01,Household,12,0
2023-09-07,SKU-H-01,Household,14,0
2023-09-08,SKU-H-01,Household,11,0
2023-09-09,SKU-H-01,Household,19,0
2023-09-10,SKU-H-01,Household,11,0
2023-09-11,SKU-H-01,Household,37,0
2023-09-12,SKU-H-01,Household,26,0
2023-09-13,SKU-H-01,Household,31,0
2023-09-14,SKU-H-01,Household,7,0
2023-09-15,SKU-H-01,Household,14,0
2023-09-16,SKU-H-01,Household,13,0
2023-09-17,SKU-H-01,Household,8,0
2023-09-18,SKU-H-01,Household,12,0
2023-09-19,SKU-H-01,Household,7,0
2023-09-20,SKU-H-01,Household,9,0
2023-09-21,SKU-H-01,Household,18,0
2023-09-22,SKU-H-01,Household,12,0
2023-09-23,SKU-H-01,Household,5,0
2023-09-24,SKU-H-01,Household,12,0
2023-09-25,SKU-H-01,Household,20,0
2023-09-26,SKU-H-01,Household,21,0
2023-09-27,SKU-H-01,Household,32,0
2023-09-28,SKU-H-01,Household,10,0
2023-09-29,SKU-H-01,Household,14,0
2023-09-30,SKU-H-01,Household,10,0
2023-10-01,SKU-H-01,Household,2,0
2023-10-02,SKU-H-01,Household,17,0
2023-10-03,SKU-H-01,Household,16,0
2023-10-04,SKU-H-01,Household,26,0
2023-10-05,SKU-H-01,Household,72,1
2023-10-06,SKU-H-01,Household,17,0
2023-10-07,SKU-H-01,Household,2,0
2023-10-08,SKU-H-01,Household,17,0
2023-10-09,SKU-H-01,Household,33,0
2023-10-10,SKU-H-01,Household,36,1
2023-10-11,SKU-H-01,Household,45,0
2023-10-12,SKU-H-01,Household,24,0
2023-10-13,SKU-H-01,Household,15,0
2023-10-14,SKU-H-01,Household,14,0
2023-10-15,SKU-H-01,Household,11,0
2023-10-16,SKU-H-01,Household,33,0
2023-10-17,SKU-H-01,Household,25,0
2023-10-18,SKU-H-01,Household,15,0
2023-10-19,SKU-H-01,Household,18,0
2023-10-20,SKU-H-01,Household,14,0
2023-10-21,SKU-H-01,Household,6,0
2023-10-22,SKU-H-01,Household,15,0
2023-10-23,SKU-H-01,Household,21,0
2023-10-24,SKU-H-01,Household,26,0
2023-10-25,SKU-H-01,Household,10,0
2023-10-26,SKU-H-01,Household,9,0
2023-10-27,SKU-H-01,Household,18,0
2023-10-28,SKU-H-01,Household,9,0
2023-10-29,SKU-H-01,Household,7,1
2023-10-30,SKU-H-01,Household,21,0
2023-10-31,SKU-H-01,Household,46,0
2023-11-01,SKU-H-01,Household,38,0
2023-11-02,SKU-H-01,Household,66,0
2023-11-03,SKU-H-01,Household,20,0
2023-11-04,SKU-H-01,Household,31,1
2023-11-05,SKU-H-01,Household,12,0
2023-11-06,SKU-H-01,Household,15,0
2023-11-07,SKU-H-01,Household,14,0
2023-11-08,SKU-H-01,Household,19,0
2023-11-09,SKU-H-01,Household,15,0
2023-11-10,SKU-H-01,Household,17,0
2023-11-11,SKU-H-01,Household,5,0
2023-11-12,SKU-H-01,Household,9,0
2023-11-13,SKU-H-01,Household,27,0
2023-11-14,SKU-H-01,Household,10,0
2023-11-15,SKU-H-01,Household,15,0
2023-11-16,SKU-H-01,Household,28,0
2023-11-17,SKU-H-01,Household,21,0
2023-11-18,SKU-H-01,Household,10,0
2023-11-19,SKU-H-01,Household,9,0
2023-11-20,SKU-H-01,Household,12,0
2023-11-21,SKU-H-01,Household,24,0
2023-11-22,SKU-H-01,Household,26,0
2023-11-23,SKU-H-01,Household,30,0
2023-11-24,SKU-H-01,Household,28,0
2023-11-25,SKU-H-01,Household,15,0
2023-11-26,SKU-H-01,Household,10,0
2023-11-27,SKU-H-01,Household,26,0
2023-11-28,SKU-H-01,Household,30,0
2023-11-29,SKU-H-01,Household,5,0
2023-11-30,SKU-H-01,Household,15,0
2023-12-01,SKU-H-01,Household,29,0
2023-12-02,SKU-H-01,Household,4,0
2023-12-03,SKU-H-01,Household,21,0
2023-12-04,SKU-H-01,Household,35,1
2023-12-05,SKU-H-01,Household,40,1
2023-12-06,SKU-H-01,Household,18,0
2023-12-07,SKU-H-01,Household,14,0
2023-12-08,SKU-H-01,Household,13,0
2023-12-09,SKU-H-01,Household,10,0
2023-12-10,SKU-H-01,Household,14,0
2023-12-11,SKU-H-01,Household,14,0
2023-12-12,SKU-H-01,Household,12,0
2023-12-13,SKU-H-01,Household,20,0
2023-12-14,SKU-H-01,Household,27,0
2023-12-15,SKU-H-01,Household,16,0
2023-12-16,SKU-H-01,Household,7,0
2023-12-17,SKU-H-01,Household,15,0
2023-12-18,SKU-H-01,Household,7,0
2023-12-19,SKU-H-01,Household,13,0
2023-12-20,SKU-H-01,Household,44,0
2023-12-21,SKU-H-01,Household,20,0
2023-12-22,SKU-H-01,Household,14,0
2023-12-23,SKU-H-01,Household,2,0
2023-12-24,SKU-H-01,Household,9,0
2023-12-25,SKU-H-01,Household,27,0
2023-12-26,SKU-H-01,Household,9,0
2023-12-27,SKU-H-01,Household,39,0
2023-12-28,SKU-H-01,Household,9,0
2023-12-29,SKU-H-01,Household,12,0
2023-12-30,SKU-H-01,Household,19,0
2023-12-31,SKU-H-01,Household,8,0
2024-01-01,SKU-H-01,Household,27,0
2024-01-02,SKU-H-01,Household,11,0
2024-01-03,SKU-H-01,Household,40,0
2024-01-04,SKU-H-01,Household,26,0
2024-01-05,SKU-H-01,Household,19,0
2024-01-06,SKU-H-01,Household,10,0
2024-01-07,SKU-H-01,Household,1,0
2024-01-08,SKU-H-01,Household,20,1
2024-01-09,SKU-H-01,Household,26,0
2024-01-10,SKU-H-01,Household,18,0
2024-01-11,SKU-H-01,Household,5,0
2024-01-12,SKU-H-01,Household,16,0
2024-01-13,SKU-H-01,Household,14,0
2024-01-14,SKU-H-01,Household,2,0
2024-01-15,SKU-H-01,Household,19,0
2024-01-16,SKU-H-01,Household,32,0
2024-01-17,SKU-H-01,Household,34,0
2024-01-18,SKU-H-01,Household,30,0
2024-01-19,SKU-H-01,Household,13,0
2024-01-20,SKU-H-01,Household,7,0
2024-01-21,SKU-H-01,Household,9,0
2024-01-22,SKU-H-01,Household,23,0
2024-01-23,SKU-H-01,Household,46,0
2024-01-24,SKU-H-01,Household,9,0
2024-01-25,SKU-H-01,Household,12,0
2024-01-26,SKU-H-01,Household,52,1
2024-01-27,SKU-H-01,Household,6,0
2024-01-28,SKU-H-01,Household,26,0
2024-01-29,SKU-H-01,Household,49,0
2024-01-30,SKU-H-01,Household,43,1
2024-01-31,SKU-H-01,Household,22,0
2024-02-01,SKU-H-01,Household,29,0
2024-02-02,SKU-H-01,Household,24,0
2024-02-03,SKU-H-01,Household,7,0
2024-02-04,SKU-H-01,Household,11,0
2024-02-05,SKU-H-01,Household,4,0
2024-02-06,SKU-H-01,Household,29,0
2024-02-07,SKU-H-01,Household,26,0
2024-02-08,SKU-H-01,Household,21,0
2024-02-09,SKU-H-01,Household,9,0
2024-02-10,SKU-H-01,Household,3,0
2024-02-11,SKU-H-01,Household,8,0
2024-02-12,SKU-H-01,Household,18,0
2024-02-13,SKU-H-01,Household,16,0
2024-02-14,SKU-H-01,Household,8,0
2024-02-15,SKU-H-01,Household,21,0
2024-02-16,SKU-H-01,Household,6,0
2024-02-17,SKU-H-01,Household,12,0
2024-02-18,SKU-H-01,Household,9,0
2024-02-19,SKU-H-01,Household,21,0
2024-02-20,SKU-H-01,Household,67,1
2024-02-21,SKU-H-01,Household,9,0
2024-02-22,SKU-H-01,Household,48,0
2024-02-23,SKU-H-01,Household,15,0
2024-02-24,SKU-H-01,Household,19,0
2024-02-25,SKU-H-01,Household,8,0
2024-02-26,SKU-H-01,Household,16,0
2024-02-27,SKU-H-01,Household,16,0
2024-02-28,SKU-H-01,Household,21,0
2024-02-29,SKU-H-01,Household,22,0
2024-03-01,SKU-H-01,Household,9,0
2024-03-02,SKU-H-01,Household,6,0
2024-03-03,SKU-H-01,Household,8,0
2024-03-04,SKU-H-01,Household,20,0
2024-03-05,SKU-H-01,Household,15,0
2024-03-06,SKU-H-01,Household,20,0
2024-03-07,SKU-H-01,Household,30,0
2024-03-08,SKU-H-01,Household,16,0
2024-03-09,SKU-H-01,Household,7,0
2024-03-10,SKU-H-01,Household,5,0
2024-03-11,SKU-H-01,Household,15,0
2024-03-12,SKU-H-01,Household,21,0
2024-03-13,SKU-H-01,Household,22,0
2024-03-14,SKU-H-01,Household,24,0
2024-03-15,SKU-H-01,Household,10,0
2024-03-16,SKU-H-01,Household,9,0
2024-03-17,SKU-H-01,Household,12,0
2024-03-18,SKU-H-01,Household,30,0
2024-03-19,SKU-H-01,Household,42,0
2024-03-20,SKU-H-01,Household,17,0
2024-03-21,SKU-H-01,Household,6,0
2024-03-22,SKU-H-01,Household,21,0
2024-03-23,SKU-H-01,Household,10,0
2024-03-24,SKU-H-01,Household,9,0
2024-03-25,SKU-H-01,Household,21,0
2024-03-26,SKU-H-01,Household,16,0
2024-03-27,SKU-H-01,Household,31,0
2024-03-28,SKU-H-01,Household,22,0
2024-03-29,SKU-H-01,Household,15,0
2024-03-30,SKU-H-01,Household,14,0
2024-03-31,SKU-H-01,Household,10,0
2024-04-01,SKU-H-01,Household,11,0
2024-04-02,SKU-H-01,Household,18,0
2024-04-03,SKU-H-01,Household,16,0
2024-04-04,SKU-H-01,Household,22,0
2024-04-05,SKU-H-01,Household,4,0
2024-04-06,SKU-H-01,Household,14,0
2024-04-07,SKU-H-01,Household,16,0
2024-04-08,SKU-H-01,Household,19,0
2024-04-09,SKU-H-01,Household,16,0
2024-04-10,SKU-H-01,Household,8,0
2024-04-11,SKU-H-01,Household,22,0
2024-04-12,SKU-H-01,Household,19,0
2024-04-13,SKU-H-01,Household,11,0
2024-04-14,SKU-H-01,Household,16,0
2024-04-15,SKU-H-01,Household,21,0
2024-04-16,SKU-H-01,Household,35,0
2024-04-17,SKU-H-01,Household,18,0
2024-04-18,SKU-H-01,Household,10,0
2024-04-19,SKU-H-01,Household,16,0
2024-04-20,SKU-H-01,Household,10,0
2024-04-21,SKU-H-01,Household,9,0
2024-04-22,SKU-H-01,Household,18,0
2024-04-23,SKU-H-01,Household,18,0
2024-04-24,SKU-H-01,Household,6,0
2024-04-25,SKU-H-01,Household,9,0
2024-04-26,SKU-H-01,Household,25,0
2024-04-27,SKU-H-01,Household,5,0
2024-04-28,SKU-H-01,Household,15,0
2024-04-29,SKU-H-01,Household,35,0
2024-04-30,SKU-H-01,Household,10,0
2024-05-01,SKU-H-01,Household,29,0
2024-05-02,SKU-H-01,Household,34,0
2024-05-03,SKU-H-01,Household,27,0
2024-05-04,SKU-H-01,Household,13,0
2024-05-05,SKU-H-01,Household,11,0
2024-05-06,SKU-H-01,Household,13,0
2024-05-07,SKU-H-01,Household,14,0
2024-05-08,SKU-H-01,Household,8,0
2024-05-09,SKU-H-01,Household,9,0
2024-05-10,SKU-H-01,Household,22,0
2024-05-11,SKU-H-01,Household,5,0
2024-05-12,SKU-H-01,Household,7,0
2024-05-13,SKU-H-01,Household,4,0
2024-05-14,SKU-H-01,Household,43,0
2024-05-15,SKU-H-01,Household,26,0
2024-05-16,SKU-H-01,Household,13,0
2024-05-17,SKU-H-01,Household,7,0
2024-05-18,SKU-H-01,Household,16,0
2024-05-19,SKU-H-01,Household,6,0
2024-05-20,SKU-H-01,Household,19,0
2024-05-21,SKU-H-01,Household,9,0
2024-05-22,SKU-H-01,Household,22,0
2024-05-23,SKU-H-01,Household,11,0
2024-05-24,SKU-H-01,Household,39,0
2024-05-25,SKU-H-01,Household,12,0
2024-05-26,SKU-H-01,Household,18,0
2024-05-27,SKU-H-01,Household,19,0
2024-05-28,SKU-H-01,Household,26,0
2024-05-29,SKU-H-01,Household,38,0
2024-05-30,SKU-H-01,Household,10,0
2024-05-31,SKU-H-01,Household,4,0
2024-06-01,SKU-H-01,Household,8,0
2024-06-02,SKU-H-01,Household,16,0
2024-06-03,SKU-H-01,Household,25,0
2024-06-04,SKU-H-01,Household,15,0
2024-06-05,SKU-H-01,Household,19,0
2024-06-06,SKU-H-01,Household,23,0
2024-06-07,SKU-H-01,Household,13,0
2024-06-08,SKU-H-01,Household,10,0
2024-06-09,SKU-H-01,Household,12,0
2024-06-10,SKU-H-01,Household,16,0
2024-06-11,SKU-H-01,Household,12,0
2024-06-12,SKU-H-01,Household,20,0
2024-06-13,SKU-H-01,Household,17,0
2024-06-14,SKU-H-01,Household,22,0
2024-06-15,SKU-H-01,Household,14,0
2024-06-16,SKU-H-01,Household,5,0
2024-06-17,SKU-H-01,Household,16,0
2024-06-18,SKU-H-01,Household,17,0
2024-06-19,SKU-H-01,Household,13,0
2024-06-20,SKU-H-01,Household,8,0
2024-06-21,SKU-H-01,Household,6,0
2024-06-22,SKU-H-01,Household,6,0
2024-06-23,SKU-H-01,Household,9,0
2024-06-24,SKU-H-01,Household,29,0
2024-06-25,SKU-H-01,Household,6,0
2024-06-26,SKU-H-01,Household,39,0
2024-06-27,SKU-H-01,Household,4,0
2024-06-28,SKU-H-01,Household,33,0
2024-06-29,SKU-H-01,Household,8,0
2024-06-30,SKU-H-01,Household,6,0
2024-07-01,SKU-H-01,Household,28,0
2024-07-02,SKU-H-01,Household,23,0
2024-07-03,SKU-H-01,Household,11,0
2024-07-04,SKU-H-01,Household,18,0
2024-07-05,SKU-H-01,Household,33,0
2024-07-06,SKU-H-01,Household,9,0
2024-07-07,SKU-H-01,Household,4,0
2024-07-08,SKU-H-01,Household,42,0
2024-07-09,SKU-H-01,Household,9,0
2024-07-10,SKU-H-01,Household,7,0
2024-07-11,SKU-H-01,Household,30,1
2024-07-12,SKU-H-01,Household,9,0
2024-07-13,SKU-H-01,Household,4,0
2024-07-14,SKU-H-01,Household,18,0
2024-07-15,SKU-H-01,Household,15,0
2024-07-16,SKU-H-01,Household,89,1
2024-07-17,SKU-H-01,Household,26,0
2024-07-18,SKU-H-01,Household,8,0
2024-07-19,SKU-H-01,Household,18,0
2024-07-20,SKU-H-01,Household,20,0
2024-07-21,SKU-H-01,Household,13,0
2024-07-22,SKU-H-01,Household,16,0
2024-07-23,SKU-H-01,Household,19,0
2024-07-24,SKU-H-01,Household,20,0
2024-07-25,SKU-H-01,Household,9,0
2024-07-26,SKU-H-01,Household,13,0
2024-07-27,SKU-H-01,Household,7,0
2024-07-28,SKU-H-01,Household,13,0
2024-07-29,SKU-H-01,Household,29,0
2024-07-30,SKU-H-01,Household,12,0
2024-07-31,SKU-H-01,Household,17,0
2024-08-01,SKU-H-01,Household,46,0
2024-08-02,SKU-H-01,Household,12,0
2024-08-03,SKU-H-01,Household,14,0
2024-08-04,SKU-H-01,Household,7,0
2024-08-05,SKU-H-01,Household,19,0
2024-08-06,SKU-H-01,Household,22,0
2024-08-07,SKU-H-01,Household,25,0
2024-08-08,SKU-H-01,Household,23,0
2024-08-09,SKU-H-01,Household,25,0
2024-08-10,SKU-H-01,Household,12,0
2024-08-11,SKU-H-01,Household,15,0
2024-08-12,SKU-H-01,Household,21,0
2024-08-13,SKU-H-01,Household,25,0
2024-08-14,SKU-H-01,Household,21,0
2024-08-15,SKU-H-01,Household,23,1
2024-08-16,SKU-H-01,Household,37,0
2024-08-17,SKU-H-01,Household,5,0
2024-08-18,SKU-H-01,Household,10,0
2024-08-19,SKU-H-01,Household,36,1
2024-08-20,SKU-H-01,Household,10,0
2024-08-21,SKU-H-01,Household,24,0
2024-08-22,SKU-H-01,Household,10,0
2024-08-23,SKU-H-01,Household,13,0
2024-08-24,SKU-H-01,Household,21,0
2024-08-25,SKU-H-01,Household,6,0
2024-08-26,SKU-H-01,Household,6,0
2024-08-27,SKU-H-01,Household,23,0
2024-08-28,SKU-H-01,Household,35,0
2024-08-29,SKU-H-01,Household,23,0
2024-08-30,SKU-H-01,Household,14,0
2024-08-31,SKU-H-01,Household,17,0
2024-09-01,SKU-H-01,Household,6,0
2024-09-02,SKU-H-01,Household,28,0
2024-09-03,SKU-H-01,Household,13,0
2024-09-04,SKU-H-01,Household,32,0
2024-09-05,SKU-H-01,Household,21,0
2024-09-06,SKU-H-01,Household,10,0
2024-09-07,SKU-H-01,Household,9,0
2024-09-08,SKU-H-01,Household,13,0
2024-09-09,SKU-H-01,Household,20,0
2024-09-10,SKU-H-01,Household,17,0
2024-09-11,SKU-H-01,Household,13,0
2024-09-12,SKU-H-01,Household,32,0
2024-09-13,SKU-H-01,Household,9,0
2024-09-14,SKU-H-01,Household,8,0
2024-09-15,SKU-H-01,Household,27,1
2024-09-16,SKU-H-01,Household,16,0
2024-09-17,SKU-H-01,Household,17,0
2024-09-18,SKU-H-01,Household,28,0
2024-09-19,SKU-H-01,Household,26,0
2024-09-20,SKU-H-01,Household,25,0
2024-09-21,SKU-H-01,Household,13,0
2024-09-22,SKU-H-01,Household,14,0
2024-09-23,SKU-H-01,Household,28,0
2024-09-24,SKU-H-01,Household,13,0
2024-09-25,SKU-H-01,Household,42,0
2024-09-26,SKU-H-01,Household,16,0
2024-09-27,SKU-H-01,Household,28,0
2024-09-28,SKU-H-01,Household,24,0
2024-09-29,SKU-H-01,Household,5,0
2024-09-30,SKU-H-01,Household,20,0
2024-10-01,SKU-H-01,Household,26,0
2024-10-02,SKU-H-01,Household,28,0
2024-10-03,SKU-H-01,Household,30,0
2024-10-04,SKU-H-01,Household,19,0
2024-10-05,SKU-H-01,Household,18,0
2024-10-06,SKU-H-01,Household,24,0
2024-10-07,SKU-H-01,Household,23,0
2024-10-08,SKU-H-01,Household,22,0
2024-10-09,SKU-H-01,Household,11,0
2024-10-10,SKU-H-01,Household,20,0
2024-10-11,SKU-H-01,Household,8,0
2024-10-12,SKU-H-01,Household,13,0
2024-10-13,SKU-H-01,Household,14,0
2024-10-14,SKU-H-01,Household,36,0
2024-10-15,SKU-H-01,Household,11,0
2024-10-16,SKU-H-01,Household,13,0
2024-10-17,SKU-H-01,Household,31,0
2024-10-18,SKU-H-01,Household,20,0
2024-10-19,SKU-H-01,Household,19,1
2024-10-20,SKU-H-01,Household,14,1
2024-10-21,SKU-H-01,Household,19,0
2024-10-22,SKU-H-01,Household,14,0
2024-10-23,SKU-H-01,Household,17,0
2024-10-24,SKU-H-01,Household,13,0
2024-10-25,SKU-H-01,Household,17,0
2024-10-26,SKU-H-01,Household,14,0
2024-10-27,SKU-H-01,Household,20,0
2024-10-28,SKU-H-01,Household,17,0
2024-10-29,SKU-H-01,Household,22,0
2024-10-30,SKU-H-01,Household,11,0
2024-10-31,SKU-H-01,Household,17,0
2024-11-01,SKU-H-01,Household,15,0
2024-11-02,SKU-H-01,Household,9,0
2024-11-03,SKU-H-01,Household,6,0
2024-11-04,SKU-H-01,Household,56,1
2024-11-05,SKU-H-01,Household,21,0
2024-11-06,SKU-H-01,Household,15,0
2024-11-07,SKU-H-01,Household,28,0
2024-11-08,SKU-H-01,Household,8,0
2024-11-09,SKU-H-01,Household,11,0
2024-11-10,SKU-H-01,Household,8,0
2024-11-11,SKU-H-01,Household,6,0
2024-11-12,SKU-H-01,Household,16,0
2024-11-13,SKU-H-01,Household,13,0
2024-11-14,SKU-H-01,Household,18,0
2024-11-15,SKU-H-01,Household,16,0
2024-11-16,SKU-H-01,Household,14,0
2024-11-17,SKU-H-01,Household,16,0
2024-11-18,SKU-H-01,Household,18,0
2024-11-19,SKU-H-01,Household,21,0
2024-11-20,SKU-H-01,Household,49,1
2024-11-21,SKU-H-01,Household,20,0
2024-11-22,SKU-H-01,Household,17,0
2024-11-23,SKU-H-01,Household,10,0
2024-11-24,SKU-H-01,Household,12,0
2024-11-25,SKU-H-01,Household,10,0
2024-11-26,SKU-H-01,Household,16,0
2024-11-27,SKU-H-01,Household,49,1
2024-11-28,SKU-H-01,Household,7,0
2024-11-29,SKU-H-01,Household,23,0
2024-11-30,SKU-H-01,Household,1,0
2024-12-01,SKU-H-01,Household,5,0
2024-12-02,SKU-H-01,Household,21,0
2024-12-03,SKU-H-01,Household,21,0
2024-12-04,SKU-H-01,Household,17,0
2024-12-05,SKU-H-01,Household,27,0
2024-12-06,SKU-H-01,Household,26,0
2024-12-07,SKU-H-01,Household,13,0
2024-12-08,SKU-H-01,Household,13,0
2024-12-09,SKU-H-01,Household,24,0
2024-12-10,SKU-H-01,Household,13,0
2024-12-11,SKU-H-01,Household,29,0
2024-12-12,SKU-H-01,Household,22,0
2024-12-13,SKU-H-01,Household,11,0
2024-12-14,SKU-H-01,Household,11,0
2024-12-15,SKU-H-01,Household,9,0
2024-12-16,SKU-H-01,Household,10,0
2024-12-17,SKU-H-01,Household,11,0
2024-12-18,SKU-H-01,Household,19,0
2024-12-19,SKU-H-01,Household,35,0
2024-12-20,SKU-H-01,Household,22,0
2024-12-21,SKU-H-01,Household,8,0
2024-12-22,SKU-H-01,Household,13,0
2024-12-23,SKU-H-01,Household,23,0
2024-12-24,SKU-H-01,Household,19,0
2024-12-25,SKU-H-01,Household,20,0
2024-12-26,SKU-H-01,Household,18,0
2024-12-27,SKU-H-01,Household,16,0
2024-12-28,SKU-H-01,Household,15,0
2024-12-29,SKU-H-01,Household,17,0
2024-12-30,SKU-H-01,Household,31,0
2024-12-31,SKU-H-01,Household,22,0
2025-01-01,SKU-H-01,Household,35,0
2025-01-02,SKU-H-01,Household,34,0
2025-01-03,SKU-H-01,Household,22,0
2025-01-04,SKU-H-01,Household,11,0
2025-01-05,SKU-H-01,Household,6,0
2025-01-06,SKU-H-01,Household,28,0
2025-01-07,SKU-H-01,Household,29,0
2025-01-08,SKU-H-01,Household,9,0
2025-01-09,SKU-H-01,Household,17,1
2025-01-10,SKU-H-01,Household,22,0
2025-01-11,SKU-H-01,Household,13,0
2025-01-12,SKU-H-01,Household,10,0
2025-01-13,SKU-H-01,Household,27,0
2025-01-14,SKU-H-01,Household,30,0
2025-01-15,SKU-H-01,Household,30,0
2025-01-16,SKU-H-01,Household,21,0
2025-01-17,SKU-H-01,Household,28,0
2025-01-18,SKU-H-01,Household,7,0
2025-01-19,SKU-H-01,Household,12,0
2025-01-20,SKU-H-01,Household,10,0
2025-01-21,SKU-H-01,Household,15,0
2025-01-22,SKU-H-01,Household,28,0
2025-01-23,SKU-H-01,Household,19,0
2025-01-24,SKU-H-01,Household,28,0
2025-01-25,SKU-H-01,Household,14,0
2025-01-26,SKU-H-01,Household,11,0
2025-01-27,SKU-H-01,Household,11,0
2025-01-28,SKU-H-01,Household,10,0
2025-01-29,SKU-H-01,Household,25,0
2025-01-30,SKU-H-01,Household,14,0
2025-01-31,SKU-H-01,Household,15,0
2025-02-01,SKU-H-01,Household,17,0
2025-02-02,SKU-H-01,Household,11,0
2025-02-03,SKU-H-01,Household,6,0
2025-02-04,SKU-H-01,Household,14,0
2025-02-05,SKU-H-01,Household,10,0
2025-02-06,SKU-H-01,Household,12,0
2025-02-07,SKU-H-01,Household,15,0
2025-02-08,SKU-H-01,Household,10,0
2025-02-09,SKU-H-01,Household,13,0
2025-02-10,SKU-H-01,Household,20,0
2025-02-11,SKU-H-01,Household,15,0
2025-02-12,SKU-H-01,Household,23,0
2025-02-13,SKU-H-01,Household,15,0
2025-02-14,SKU-H-01,Household,6,0
2025-02-15,SKU-H-01,Household,7,0
2025-02-16,SKU-H-01,Household,16,0
2025-02-17,SKU-H-01,Household,9,0
2025-02-18,SKU-H-01,Household,16,0
2025-02-19,SKU-H-01,Household,28,0
2025-02-20,SKU-H-01,Household,19,0
2025-02-21,SKU-H-01,Household,17,0
2025-02-22,SKU-H-01,Household,14,0
2025-02-23,SKU-H-01,Household,7,0
2025-02-24,SKU-H-01,Household,21,0
2025-02-25,SKU-H-01,Household,23,0
2025-02-26,SKU-H-01,Household,20,0
2025-02-27,SKU-H-01,Household,17,0
2025-02-28,SKU-H-01,Household,19,0
2025-03-01,SKU-H-01,Household,17,0
2025-03-02,SKU-H-01,Household,8,0
2025-03-03,SKU-H-01,Household,12,0
2025-03-04,SKU-H-01,Household,13,0
2025-03-05,SKU-H-01,Household,29,0
2025-03-06,SKU-H-01,Household,22,0
2025-03-07,SKU-H-01,Household,26,0
2025-03-08,SKU-H-01,Household,10,0
2025-03-09,SKU-H-01,Household,3,0
2025-03-10,SKU-H-01,Household,3,0
2025-03-11,SKU-H-01,Household,8,0
2025-03-12,SKU-H-01,Household,22,0
2025-03-13,SKU-H-01,Household,19,0
2025-03-14,SKU-H-01,Household,19,0
2025-03-15,SKU-H-01,Household,12,0
2025-03-16,SKU-H-01,Household,18,0
2025-03-17,SKU-H-01,Household,17,0
2025-03-18,SKU-H-01,Household,15,0
2025-03-19,SKU-H-01,Household,22,0
2025-03-20,SKU-H-01,Household,10,0
2025-03-21,SKU-H-01,Household,18,0
2025-03-22,SKU-H-01,Household,16,0
2025-03-23,SKU-H-01,Household,6,0
2025-03-24,SKU-H-01,Household,18,0
2025-03-25,SKU-H-01,Household,25,0
2025-03-26,SKU-H-01,Household,30,0
2025-03-27,SKU-H-01,Household,17,0
2025-03-28,SKU-H-01,Household,8,0
2025-03-29,SKU-H-01,Household,24,0
2025-03-30,SKU-H-01,Household,8,1
2025-03-31,SKU-H-01,Household,19,0
2025-04-01,SKU-H-01,Household,16,0
2025-04-02,SKU-H-01,Household,29,0
2025-04-03,SKU-H-01,Household,26,0
2025-04-04,SKU-H-01,Household,37,0
2025-04-05,SKU-H-01,Household,11,0
2025-04-06,SKU-H-01,Household,10,0
2025-04-07,SKU-H-01,Household,16,0
2025-04-08,SKU-H-01,Household,14,0
2025-04-09,SKU-H-01,Household,40,0
2025-04-10,SKU-H-01,Household,21,0
2025-04-11,SKU-H-01,Household,16,0
2025-04-12,SKU-H-01,Household,15,0
2025-04-13,SKU-H-01,Household,12,0
2025-04-14,SKU-H-01,Household,24,0
2025-04-15,SKU-H-01,Household,24,0
2025-04-16,SKU-H-01,Household,11,0
2025-04-17,SKU-H-01,Household,15,0
2025-04-18,SKU-H-01,Household,11,0
2025-04-19,SKU-H-01,Household,14,0
2025-04-20,SKU-H-01,Household,7,0
2025-04-21,SKU-H-01,Household,27,0
2025-04-22,SKU-H-01,Household,7,0
2025-04-23,SKU-H-01,Household,7,0
2025-04-24,SKU-H-01,Household,26,0
2025-04-25,SKU-H-01,Household,25,0
2025-04-26,SKU-H-01,Household,12,0
2025-04-27,SKU-H-01,Household,6,0
2025-04-28,SKU-H-01,Household,20,0
2025-04-29,SKU-H-01,Household,29,0
2025-04-30,SKU-H-01,Household,23,0
2025-05-01,SKU-H-01,Household,17,0
2025-05-02,SKU-H-01,Household,20,0
2025-05-03,SKU-H-01,Household,12,0
2025-05-04,SKU-H-01,Household,8,0
2025-05-05,SKU-H-01,Household,14,0
2025-05-06,SKU-H-01,Household,19,0
2025-05-07,SKU-H-01,Household,23,0
2025-05-08,SKU-H-01,Household,14,0
2025-05-09,SKU-H-01,Household,21,0
2025-05-10,SKU-H-01,Household,5,0
2025-05-11,SKU-H-01,Household,18,0
2025-05-12,SKU-H-01,Household,22,0
2025-05-13,SKU-H-01,Household,11,0
2025-05-14,SKU-H-01,Household,14,0
2025-05-15,SKU-H-01,Household,26,0
2025-05-16,SKU-H-01,Household,29,0
2025-05-17,SKU-H-01,Household,21,0
2025-05-18,SKU-H-01,Household,11,0
2025-05-19,SKU-H-01,Household,15,0
2025-05-20,SKU-H-01,Household,29,0
2025-05-21,SKU-H-01,Household,23,0
2025-05-22,SKU-H-01,Household,29,0
2025-05-23,SKU-H-01,Household,28,0
2025-05-24,SKU-H-01,Household,14,0
2025-05-25,SKU-H-01,Household,2,0
2025-05-26,SKU-H-01,Household,15,0
2025-05-27,SKU-H-01,Household,15,0
2025-05-28,SKU-H-01,Household,13,1
2025-05-29,SKU-H-01,Household,20,0
2025-05-30,SKU-H-01,Household,8,0
2025-05-31,SKU-H-01,Household,9,0
2025-06-01,SKU-H-01,Household,11,0
2025-06-02,SKU-H-01,Household,28,0
2025-06-03,SKU-H-01,Household,6,0
2025-06-04,SKU-H-01,Household,34,0
2025-06-05,SKU-H-01,Household,19,0
2025-06-06,SKU-H-01,Household,16,0
2025-06-07,SKU-H-01,Household,19,0
2025-06-08,SKU-H-01,Household,9,0
2025-06-09,SKU-H-01,Household,16,0
2025-06-10,SKU-H-01,Household,22,0
2025-06-11,SKU-H-01,Household,27,0
2025-06-12,SKU-H-01,Household,17,0
2025-06-13,SKU-H-01,Household,14,0
2025-06-14,SKU-H-01,Household,12,0
2025-06-15,SKU-H-01,Household,11,0
2025-06-16,SKU-H-01,Household,13,0
2025-06-17,SKU-H-01,Household,10,0
2025-06-18,SKU-H-01,Household,35,0
2025-06-19,SKU-H-01,Household,7,0
2025-06-20,SKU-H-01,Household,35,0
2025-06-21,SKU-H-01,Household,6,0
2025-06-22,SKU-H-01,Household,4,0
2025-06-23,SKU-H-01,Household,34,0
2025-06-24,SKU-H-01,Household,30,0
2025-06-25,SKU-H-01,Household,16,0
2025-06-26,SKU-H-01,Household,10,0
2025-06-27,SKU-H-01,Household,22,0
2025-06-28,SKU-H-01,Household,13,0
2025-06-29,SKU-H-01,Household,9,0
2025-06-30,SKU-H-01,Household,20,0
2025-07-01,SKU-H-01,Household,61,1
2023-01-01,SKU-H-02,Household,25,0
2023-01-02,SKU-H-02,Household,35,0
2023-01-03,SKU-H-02,Household,38,0
2023-01-04,SKU-H-02,Household,38,0
2023-01-05,SKU-H-02,Household,20,0
2023-01-06,SKU-H-02,Household,26,0
2023-01-07,SKU-H-02,Household,24,0
2023-01-08,SKU-H-02,Household,17,0
2023-01-09,SKU-H-02,Household,28,0
2023-01-10,SKU-H-02,Household,85,0
2023-01-11,SKU-H-02,Household,41,0
2023-01-12,SKU-H-02,Household,49,0
2023-01-13,SKU-H-02,Household,42,0
2023-01-14,SKU-H-02,Household,19,0
2023-01-15,SKU-H-02,Household,36,0
2023-01-16,SKU-H-02,Household,28,0
2023-01-17,SKU-H-02,Household,34,0
2023-01-18,SKU-H-02,Household,21,0
2023-01-19,SKU-H-02,Household,41,0
2023-01-20,SKU-H-02,Household,36,0
2023-01-21,SKU-H-02,Household,30,0
2023-01-22,SKU-H-02,Household,36,0
2023-01-23,SKU-H-02,Household,44,0
2023-01-24,SKU-H-02,Household,44,0
2023-01-25,SKU-H-02,Household,41,0
2023-01-26,SKU-H-02,Household,21,0
2023-01-27,SKU-H-02,Household,30,0
2023-01-28,SKU-H-02,Household,96,1
2023-01-29,SKU-H-02,Household,26,0
2023-01-30,SKU-H-02,Household,34,0
2023-01-31,SKU-H-02,Household,43,0
2023-02-01,SKU-H-02,Household,32,0
2023-02-02,SKU-H-02,Household,42,0
2023-02-03,SKU-H-02,Household,27,0
2023-02-04,SKU-H-02,Household,25,0
2023-02-05,SKU-H-02,Household,9,0
2023-02-06,SKU-H-02,Household,48,0
2023-02-07,SKU-H-02,Household,36,0
2023-02-08,SKU-H-02,Household,43,0
2023-02-09,SKU-H-02,Household,60,0
2023-02-10,SKU-H-02,Household,42,0
2023-02-11,SKU-H-02,Household,27,0
2023-02-12,SKU-H-02,Household,19,0
2023-02-13,SKU-H-02,Household,64,0
2023-02-14,SKU-H-02,Household,61,0
2023-02-15,SKU-H-02,Household,30,0
2023-02-16,SKU-H-02,Household,34,0
2023-02-17,SKU-H-02,Household,30,0
2023-02-18,SKU-H-02,Household,18,1
2023-02-19,SKU-H-02,Household,14,0
2023-02-20,SKU-H-02,Household,18,0
2023-02-21,SKU-H-02,Household,32,0
2023-02-22,SKU-H-02,Household,33,0
2023-02-23,SKU-H-02,Household,31,0
2023-02-24,SKU-H-02,Household,51,1
2023-02-25,SKU-H-02,Household,37,0
2023-02-26,SKU-H-02,Household,25,0
2023-02-27,SKU-H-02,Household,24,0
2023-02-28,SKU-H-02,Household,50,0
2023-03-01,SKU-H-02,Household,43,0
2023-03-02,SKU-H-02,Household,44,0
2023-03-03,SKU-H-02,Household,22,0
2023-03-04,SKU-H-02,Household,14,0
2023-03-05,SKU-H-02,Household,13,0
2023-03-06,SKU-H-02,Household,37,0
2023-03-07,SKU-H-02,Household,32,0
2023-03-08,SKU-H-02,Household,39,0
2023-03-09,SKU-H-02,Household,38,0
2023-03-10,SKU-H-02,Household,25,0
2023-03-11,SKU-H-02,Household,15,0
2023-03-12,SKU-H-02,Household,13,0
2023-03-13,SKU-H-02,Household,41,0
2023-03-14,SKU-H-02,Household,25,0
2023-03-15,SKU-H-02,Household,56,0
2023-03-16,SKU-H-02,Household,36,0
2023-03-17,SKU-H-02,Household,28,0
2023-03-18,SKU-H-02,Household,79,1
2023-03-19,SKU-H-02,Household,9,0
2023-03-20,SKU-H-02,Household,43,0
2023-03-21,SKU-H-02,Household,34,0
2023-03-22,SKU-H-02,Household,55,0
2023-03-23,SKU-H-02,Household,41,0
2023-03-24,SKU-H-02,Household,19,0
2023-03-25,SKU-H-02,Household,16,0
2023-03-26,SKU-H-02,Household,13,0
2023-03-27,SKU-H-02,Household,70,0
2023-03-28,SKU-H-02,Household,29,0
2023-03-29,SKU-H-02,Household,41,0
2023-03-30,SKU-H-02,Household,67,0
2023-03-31,SKU-H-02,Household,61,0
2023-04-01,SKU-H-02,Household,22,0
2023-04-02,SKU-H-02,Household,47,0
2023-04-03,SKU-H-02,Household,33,0
2023-04-04,SKU-H-02,Household,47,0
2023-04-05,SKU-H-02,Household,47,0
2023-04-06,SKU-H-02,Household,44,0
2023-04-07,SKU-H-02,Household,31,0
2023-04-08,SKU-H-02,Household,22,0
2023-04-09,SKU-H-02,Household,18,0
2023-04-10,SKU-H-02,Household,26,0
2023-04-11,SKU-H-02,Household,20,0
2023-04-12,SKU-H-02,Household,38,0
2023-04-13,SKU-H-02,Household,19,0
2023-04-14,SKU-H-02,Household,28,0
2023-04-15,SKU-H-02,Household,19,0
2023-04-16,SKU-H-02,Household,24,0
2023-04-17,SKU-H-02,Household,30,0
2023-04-18,SKU-H-02,Household,51,0
2023-04-19,SKU-H-02,Household,16,0
2023-04-20,SKU-H-02,Household,34,0
2023-04-21,SKU-H-02,Household,49,0
2023-04-22,SKU-H-02,Household,18,0
2023-04-23,SKU-H-02,Household,23,0
2023-04-24,SKU-H-02,Household,55,0
2023-04-25,SKU-H-02,Household,43,0
2023-04-26,SKU-H-02,Household,49,0
2023-04-27,SKU-H-02,Household,50,0
2023-04-28,SKU-H-02,Household,45,0
2023-04-29,SKU-H-02,Household,18,0
2023-04-30,SKU-H-02,Household,12,0
2023-05-01,SKU-H-02,Household,31,0
2023-05-02,SKU-H-02,Household,42,0
2023-05-03,SKU-H-02,Household,74,0
2023-05-04,SKU-H-02,Household,35,0
2023-05-05,SKU-H-02,Household,31,0
2023-05-06,SKU-H-02,Household,6,0
2023-05-07,SKU-H-02,Household,23,0
2023-05-08,SKU-H-02,Household,39,0
2023-05-09,SKU-H-02,Household,19,0
2023-05-10,SKU-H-02,Household,18,0
2023-05-11,SKU-H-02,Household,23,0
2023-05-12,SKU-H-02,Household,25,0
2023-05-13,SKU-H-02,Household,18,0
2023-05-14,SKU-H-02,Household,25,0
2023-05-15,SKU-H-02,Household,26,0
2023-05-16,SKU-H-02,Household,48,0
2023-05-17,SKU-H-02,Household,48,0
2023-05-18,SKU-H-02,Household,36,0
2023-05-19,SKU-H-02,Household,40,0
2023-05-20,SKU-H-02,Household,12,0
2023-05-21,SKU-H-02,Household,18,0
2023-05-22,SKU-H-02,Household,43,0
2023-05-23,SKU-H-02,Household,42,0
2023-05-24,SKU-H-02,Household,31,0
2023-05-25,SKU-H-02,Household,52,0
2023-05-26,SKU-H-02,Household,43,0
2023-05-27,SKU-H-02,Household,28,0
2023-05-28,SKU-H-02,Household,25,0
2023-05-29,SKU-H-02,Household,30,0
2023-05-30,SKU-H-02,Household,41,0
2023-05-31,SKU-H-02,Household,42,0
2023-06-01,SKU-H-02,Household,40,0
2023-06-02,SKU-H-02,Household,39,0
2023-06-03,SKU-H-02,Household,28,0
2023-06-04,SKU-H-02,Household,44,1
2023-06-05,SKU-H-02,Household,51,0
2023-06-06,SKU-H-02,Household,46,0
2023-06-07,SKU-H-02,Household,27,0
2023-06-08,SKU-H-02,Household,54,0
2023-06-09,SKU-H-02,Household,36,0
2023-06-10,SKU-H-02,Household,31,0
2023-06-11,SKU-H-02,Household,13,0
2023-06-12,SKU-H-02,Household,42,0
2023-06-13,SKU-H-02,Household,66,0
2023-06-14,SKU-H-02,Household,57,0
2023-06-15,SKU-H-02,Household,42,0
2023-06-16,SKU-H-02,Household,39,0
2023-06-17,SKU-H-02,Household,18,0
2023-06-18,SKU-H-02,Household,16,0
2023-06-19,SKU-H-02,Household,40,0
2023-06-20,SKU-H-02,Household,57,0
2023-06-21,SKU-H-02,Household,66,0
2023-06-22,SKU-H-02,Household,29,0
2023-06-23,SKU-H-02,Household,35,0
2023-06-24,SKU-H-02,Household,37,0
2023-06-25,SKU-H-02,Household,23,0
2023-06-26,SKU-H-02,Household,37,0
2023-06-27,SKU-H-02,Household,41,0
2023-06-28,SKU-H-02,Household,68,0
2023-06-29,SKU-H-02,Household,26,0
2023-06-30,SKU-H-02,Household,32,0
2023-07-01,SKU-H-02,Household,12,0
2023-07-02,SKU-H-02,Household,26,0
2023-07-03,SKU-H-02,Household,33,0
2023-07-04,SKU-H-02,Household,50,0
2023-07-05,SKU-H-02,Household,22,0
2023-07-06,SKU-H-02,Household,58,0
2023-07-07,SKU-H-02,Household,41,0
2023-07-08,SKU-H-02,Household,29,0
2023-07-09,SKU-H-02,Household,25,0
2023-07-10,SKU-H-02,Household,55,0
2023-07-11,SKU-H-02,Household,56,0
2023-07-12,SKU-H-02,Household,28,0
2023-07-13,SKU-H-02,Household,42,0
2023-07-14,SKU-H-02,Household,44,0
2023-07-15,SKU-H-02,Household,22,0
2023-07-16,SKU-H-02,Household,22,0
2023-07-17,SKU-H-02,Household,36,0
2023-07-18,SKU-H-02,Household,38,0
2023-07-19,SKU-H-02,Household,29,0
2023-07-20,SKU-H-02,Household,68,0
2023-07-21,SKU-H-02,Household,27,0
2023-07-22,SKU-H-02,Household,30,0
2023-07-23,SKU-H-02,Household,29,0
2023-07-24,SKU-H-02,Household,24,0
2023-07-25,SKU-H-02,Household,27,0
2023-07-26,SKU-H-02,Household,31,0
2023-07-27,SKU-H-02,Household,40,0
2023-07-28,SKU-H-02,Household,52,0
2023-07-29,SKU-H-02,Household,6,0
2023-07-30,SKU-H-02,Household,15,0
2023-07-31,SKU-H-02,Household,59,0
2023-08-01,SKU-H-02,Household,34,0
2023-08-02,SKU-H-02,Household,53,0
2023-08-03,SKU-H-02,Household,56,0
2023-08-04,SKU-H-02,Household,17,0
2023-08-05,SKU-H-02,Household,11,0
2023-08-06,SKU-H-02,Household,21,0
2023-08-07,SKU-H-02,Household,30,0
2023-08-08,SKU-H-02,Household,37,0
2023-08-09,SKU-H-02,Household,36,0
2023-08-10,SKU-H-02,Household,34,0
2023-08-11,SKU-H-02,Household,37,0
2023-08-12,SKU-H-02,Household,9,0
2023-08-13,SKU-H-02,Household,16,0
2023-08-14,SKU-H-02,Household,52,0
2023-08-15,SKU-H-02,Household,21,0
2023-08-16,SKU-H-02,Household,27,0
2023-08-17,SKU-H-02,Household,31,0
2023-08-18,SKU-H-02,Household,42,0
2023-08-19,SKU-H-02,Household,20,0
2023-08-20,SKU-H-02,Household,9,0
2023-08-21,SKU-H-02,Household,51,0
2023-08-22,SKU-H-02,Household,134,1
2023-08-23,SKU-H-02,Household,39,0
2023-08-24,SKU-H-02,Household,44,0
2023-08-25,SKU-H-02,Household,33,0
2023-08-26,SKU-H-02,Household,8,0
2023-08-27,SKU-H-02,Household,19,0
2023-08-28,SKU-H-02,Household,42,0
2023-08-29,SKU-H-02,Household,30,0
2023-08-30,SKU-H-02,Household,25,0
2023-08-31,SKU-H-02,Household,49,0
2023-09-01,SKU-H-02,Household,65,0
2023-09-02,SKU-H-02,Household,23,0
2023-09-03,SKU-H-02,Household,27,0
2023-09-04,SKU-H-02,Household,38,0
2023-09-05,SKU-H-02,Household,31,0
2023-09-06,SKU-H-02,Household,53,0
2023-09-07,SKU-H-02,Household,28,0
2023-09-08,SKU-H-02,Household,25,0
2023-09-09,SKU-H-02,Household,33,0
2023-09-10,SKU-H-02,Household,11,0
2023-09-11,SKU-H-02,Household,42,0
2023-09-12,SKU-H-02,Household,50,0
2023-09-13,SKU-H-02,Household,32,0
2023-09-14,SKU-H-02,Household,41,0
2023-09-15,SKU-H-02,Household,39,0
2023-09-16,SKU-H-02,Household,24,0
2023-09-17,SKU-H-02,Household,7,0
2023-09-18,SKU-H-02,Household,55,0
2023-09-19,SKU-H-02,Household,26,0
2023-09-20,SKU-H-02,Household,47,0
2023-09-21,SKU-H-02,Household,23,0
2023-09-22,SKU-H-02,Household,29,0
2023-09-23,SKU-H-02,Household,27,0
2023-09-24,SKU-H-02,Household,25,0
2023-09-25,SKU-H-02,Household,37,0
2023-09-26,SKU-H-02,Household,32,0
2023-09-27,SKU-H-02,Household,38,0
2023-09-28,SKU-H-02,Household,36,0
2023-09-29,SKU-H-02,Household,49,0
2023-09-30,SKU-H-02,Household,14,0
2023-10-01,SKU-H-02,Household,28,0
2023-10-02,SKU-H-02,Household,44,0
2023-10-03,SKU-H-02,Household,54,0
2023-10-04,SKU-H-02,Household,21,0
2023-10-05,SKU-H-02,Household,28,0
2023-10-06,SKU-H-02,Household,39,0
2023-10-07,SKU-H-02,Household,18,0
2023-10-08,SKU-H-02,Household,16,0
2023-10-09,SKU-H-02,Household,36,0
2023-10-10,SKU-H-02,Household,35,0
2023-10-11,SKU-H-02,Household,28,0
2023-10-12,SKU-H-02,Household,37,0
2023-10-13,SKU-H-02,Household,26,0
2023-10-14,SKU-H-02,Household,18,0
2023-10-15,SKU-H-02,Household,19,0
2023-10-16,SKU-H-02,Household,31,0
2023-10-17,SKU-H-02,Household,33,0
2023-10-18,SKU-H-02,Household,25,0
2023-10-19,SKU-H-02,Household,52,0
2023-10-20,SKU-H-02,Household,29,0
2023-10-21,SKU-H-02,Household,16,0
2023-10-22,SKU-H-02,Household,13,0
2023-10-23,SKU-H-02,Household,35,0
2023-10-24,SKU-H-02,Household,54,0
2023-10-25,SKU-H-02,Household,51,0
2023-10-26,SKU-H-02,Household,22,0
2023-10-27,SKU-H-02,Household,44,0
2023-10-28,SKU-H-02,Household,35,0
2023-10-29,SKU-H-02,Household,31,0
2023-10-30,SKU-H-02,Household,24,0
2023-10-31,SKU-H-02,Household,30,0
2023-11-01,SKU-H-02,Household,39,0
2023-11-02,SKU-H-02,Household,45,0
2023-11-03,SKU-H-02,Household,35,0
2023-11-04,SKU-H-02,Household,13,0
2023-11-05,SKU-H-02,Household,24,0
2023-11-06,SKU-H-02,Household,16,0
2023-11-07,SKU-H-02,Household,35,0
2023-11-08,SKU-H-02,Household,29,0
2023-11-09,SKU-H-02,Household,23,0
2023-11-10,SKU-H-02,Household,20,0
2023-11-11,SKU-H-02,Household,21,0
2023-11-12,SKU-H-02,Household,22,0
2023-11-13,SKU-H-02,Household,38,0
2023-11-14,SKU-H-02,Household,37,0
2023-11-15,SKU-H-02,Household,29,0
2023-11-16,SKU-H-02,Household,42,0
2023-11-17,SKU-H-02,Household,45,0
2023-11-18,SKU-H-02,Household,17,0
2023-11-19,SKU-H-02,Household,27,0
2023-11-20,SKU-H-02,Household,37,0
2023-11-21,SKU-H-02,Household,40,0
2023-11-22,SKU-H-02,Household,51,0
2023-11-23,SKU-H-02,Household,60,0
2023-11-24,SKU-H-02,Household,41,0
2023-11-25,SKU-H-02,Household,29,0
2023-11-26,SKU-H-02,Household,20,0
2023-11-27,SKU-H-02,Household,42,0
2023-11-28,SKU-H-02,Household,61,0
2023-11-29,SKU-H-02,Household,50,0
2023-11-30,SKU-H-02,Household,76,0
2023-12-01,SKU-H-02,Household,16,0
2023-12-02,SKU-H-02,Household,25,0
2023-12-03,SKU-H-02,Household,24,0
2023-12-04,SKU-H-02,Household,49,0
2023-12-05,SKU-H-02,Household,40,0
2023-12-06,SKU-H-02,Household,48,0
2023-12-07,SKU-H-02,Household,42,0
2023-12-08,SKU-H-02,Household,49,0
2023-12-09,SKU-H-02,Household,22,0
2023-12-10,SKU-H-02,Household,22,0
2023-12-11,SKU-H-02,Household,76,1
2023-12-12,SKU-H-02,Household,44,0
2023-12-13,SKU-H-02,Household,34,0
2023-12-14,SKU-H-02,Household,30,0
2023-12-15,SKU-H-02,Household,18,0
2023-12-16,SKU-H-02,Household,18,0
2023-12-17,SKU-H-02,Household,22,0
2023-12-18,SKU-H-02,Household,40,0
2023-12-19,SKU-H-02,Household,51,0
2023-12-20,SKU-H-02,Household,29,0
2023-12-21,SKU-H-02,Household,29,0
2023-12-22,SKU-H-02,Household,35,0
2023-12-23,SKU-H-02,Household,27,0
2023-12-24,SKU-H-02,Household,17,0
2023-12-25,SKU-H-02,Household,34,0
2023-12-26,SKU-H-02,Household,26,0
2023-12-27,SKU-H-02,Household,38,0
2023-12-28,SKU-H-02,Household,56,0
2023-12-29,SKU-H-02,Household,28,0
2023-12-30,SKU-H-02,Household,30,0
2023-12-31,SKU-H-02,Household,17,0
2024-01-01,SKU-H-02,Household,24,0
2024-01-02,SKU-H-02,Household,61,0
2024-01-03,SKU-H-02,Household,51,0
2024-01-04,SKU-H-02,Household,30,0
2024-01-05,SKU-H-02,Household,26,0
2024-01-06,SKU-H-02,Household,20,0
2024-01-07,SKU-H-02,Household,24,0
2024-01-08,SKU-H-02,Household,39,0
2024-01-09,SKU-H-02,Household,23,0
2024-01-10,SKU-H-02,Household,33,0
2024-01-11,SKU-H-02,Household,40,0
2024-01-12,SKU-H-02,Household,42,0
2024-01-13,SKU-H-02,Household,34,0
2024-01-14,SKU-H-02,Household,14,0
2024-01-15,SKU-H-02,Household,35,0
2024-01-16,SKU-H-02,Household,39,0
2024-01-17,SKU-H-02,Household,65,0
2024-01-18,SKU-H-02,Household,33,0
2024-01-19,SKU-H-02,Household,18,0
2024-01-20,SKU-H-02,Household,31,0
2024-01-21,SKU-H-02,Household,20,0
2024-01-22,SKU-H-02,Household,75,0
2024-01-23,SKU-H-02,Household,53,0
2024-01-24,SKU-H-02,Household,85,0
2024-01-25,SKU-H-02,Household,42,0
2024-01-26,SKU-H-02,Household,28,0
2024-01-27,SKU-H-02,Household,23,0
2024-01-28,SKU-H-02,Household,20,0
2024-01-29,SKU-H-02,Household,36,0
2024-01-30,SKU-H-02,Household,49,0
2024-01-31,SKU-H-02,Household,54,0
2024-02-01,SKU-H-02,Household,47,0
2024-02-02,SKU-H-02,Household,32,0
2024-02-03,SKU-H-02,Household,40,0
2024-02-04,SKU-H-02,Household,32,1
2024-02-05,SKU-H-02,Household,52,0
2024-02-06,SKU-H-02,Household,25,0
2024-02-07,SKU-H-02,Household,43,0
2024-02-08,SKU-H-02,Household,26,0
2024-02-09,SKU-H-02,Household,70,0
2024-02-10,SKU-H-02,Household,16,0
2024-02-11,SKU-H-02,Household,25,0
2024-02-12,SKU-H-02,Household,44,0
2024-02-13,SKU-H-02,Household,26,0
2024-02-14,SKU-H-02,Household,51,0
2024-02-15,SKU-H-02,Household,50,0
2024-02-16,SKU-H-02,Household,39,0
2024-02-17,SKU-H-02,Household,32,0
2024-02-18,SKU-H-02,Household,15,0
2024-02-19,SKU-H-02,Household,37,0
2024-02-20,SKU-H-02,Household,71,0
2024-02-21,SKU-H-02,Household,27,0
2024-02-22,SKU-H-02,Household,50,0
2024-02-23,SKU-H-02,Household,28,0
2024-02-24,SKU-H-02,Household,23,0
2024-02-25,SKU-H-02,Household,25,0
2024-02-26,SKU-H-02,Household,38,0
2024-02-27,SKU-H-02,Household,32,0
2024-02-28,SKU-H-02,Household,52,0
2024-02-29,SKU-H-02,Household,47,0
2024-03-01,SKU-H-02,Household,24,0
2024-03-02,SKU-H-02,Household,22,0
2024-03-03,SKU-H-02,Household,24,0
2024-03-04,SKU-H-02,Household,75,1
2024-03-05,SKU-H-02,Household,44,0
2024-03-06,SKU-H-02,Household,64,1
2024-03-07,SKU-H-02,Household,43,0
2024-03-08,SKU-H-02,Household,49,0
2024-03-09,SKU-H-02,Household,33,0
2024-03-10,SKU-H-02,Household,55,0
2024-03-11,SKU-H-02,Household,30,0
2024-03-12,SKU-H-02,Household,23,0
2024-03-13,SKU-H-02,Household,79,0
2024-03-14,SKU-H-02,Household,45,0
2024-03-15,SKU-H-02,Household,18,0
2024-03-16,SKU-H-02,Household,18,0
2024-03-17,SKU-H-02,Household,23,0
2024-03-18,SKU-H-02,Household,54,0
2024-03-19,SKU-H-02,Household,24,0
2024-03-20,SKU-H-02,Household,43,0
2024-03-21,SKU-H-02,Household,35,0
2024-03-22,SKU-H-02,Household,35,0
2024-03-23,SKU-H-02,Household,15,0
2024-03-24,SKU-H-02,Household,25,0
2024-03-25,SKU-H-02,Household,46,0
2024-03-26,SKU-H-02,Household,54,0
2024-03-27,SKU-H-02,Household,44,0
2024-03-28,SKU-H-02,Household,47,0
2024-03-29,SKU-H-02,Household,37,0
2024-03-30,SKU-H-02,Household,20,0
2024-03-31,SKU-H-02,Household,24,0
2024-04-01,SKU-H-02,Household,42,0
2024-04-02,SKU-H-02,Household,36,0
2024-04-03,SKU-H-02,Household,23,0
2024-04-04,SKU-H-02,Household,29,0
2024-04-05,SKU-H-02,Household,27,0
2024-04-06,SKU-H-02,Household,30,0
2024-04-07,SKU-H-02,Household,25,0
2024-04-08,SKU-H-02,Household,33,0
2024-04-09,SKU-H-02,Household,58,0
2024-04-10,SKU-H-02,Household,25,0
2024-04-11,SKU-H-02,Household,36,0
2024-04-12,SKU-H-02,Household,25,0
2024-04-13,SKU-H-02,Household,36,0
2024-04-14,SKU-H-02,Household,23,0
2024-04-15,SKU-H-02,Household,36,0
2024-04-16,SKU-H-02,Household,39,0
2024-04-17,SKU-H-02,Household,27,0
2024-04-18,SKU-H-02,Household,13,0
2024-04-19,SKU-H-02,Household,28,0
2024-04-20,SKU-H-02,Household,25,0
2024-04-21,SKU-H-02,Household,8,0
2024-04-22,SKU-H-02,Household,34,0
2024-04-23,SKU-H-02,Household,56,0
2024-04-24,SKU-H-02,Household,59,0
2024-04-25,SKU-H-02,Household,59,0
2024-04-26,SKU-H-02,Household,33,0
2024-04-27,SKU-H-02,Household,27,0
2024-04-28,SKU-H-02,Household,23,0
2024-04-29,SKU-H-02,Household,37,0
2024-04-30,SKU-H-02,Household,27,0
2024-05-01,SKU-H-02,Household,48,0
2024-05-02,SKU-H-02,Household,58,0
2024-05-03,SKU-H-02,Household,38,0
2024-05-04,SKU-H-02,Household,22,0
2024-05-05,SKU-H-02,Household,21,0
2024-05-06,SKU-H-02,Household,45,0
2024-05-07,SKU-H-02,Household,41,0
2024-05-08,SKU-H-02,Household,56,0
2024-05-09,SKU-H-02,Household,39,0
2024-05-10,SKU-H-02,Household,29,0
2024-05-11,SKU-H-02,Household,24,0
2024-05-12,SKU-H-02,Household,24,0
2024-05-13,SKU-H-02,Household,20,0
2024-05-14,SKU-H-02,Household,56,0
2024-05-15,SKU-H-02,Household,49,0
2024-05-16,SKU-H-02,Household,31,0
2024-05-17,SKU-H-02,Household,35,0
2024-05-18,SKU-H-02,Household,17,0
2024-05-19,SKU-H-02,Household,23,0
2024-05-20,SKU-H-02,Household,46,0
2024-05-21,SKU-H-02,Household,33,0
2024-05-22,SKU-H-02,Household,49,0
2024-05-23,SKU-H-02,Household,59,0
2024-05-24,SKU-H-02,Household,25,0
2024-05-25,SKU-H-02,Household,26,0
2024-05-26,SKU-H-02,Household,25,0
2024-05-27,SKU-H-02,Household,39,0
2024-05-28,SKU-H-02,Household,57,0
2024-05-29,SKU-H-02,Household,62,0
2024-05-30,SKU-H-02,Household,44,0
2024-05-31,SKU-H-02,Household,47,0
2024-06-01,SKU-H-02,Household,22,0
2024-06-02,SKU-H-02,Household,23,0
2024-06-03,SKU-H-02,Household,45,0
2024-06-04,SKU-H-02,Household,45,0
2024-06-05,SKU-H-02,Household,31,0
2024-06-06,SKU-H-02,Household,27,0
2024-06-07,SKU-H-02,Household,47,0
2024-06-08,SKU-H-02,Household,36,0
2024-06-09,SKU-H-02,Household,17,0
2024-06-10,SKU-H-02,Household,20,0
2024-06-11,SKU-H-02,Household,45,0
2024-06-12,SKU-H-02,Household,46,0
2024-06-13,SKU-H-02,Household,30,0
2024-06-14,SKU-H-02,Household,32,0
2024-06-15,SKU-H-02,Household,12,0
2024-06-16,SKU-H-02,Household,21,0
2024-06-17,SKU-H-02,Household,20,0
2024-06-18,SKU-H-02,Household,31,0
2024-06-19,SKU-H-02,Household,62,0
2024-06-20,SKU-H-02,Household,22,0
2024-06-21,SKU-H-02,Household,39,0
2024-06-22,SKU-H-02,Household,17,0
2024-06-23,SKU-H-02,Household,12,0
2024-06-24,SKU-H-02,Household,52,0
2024-06-25,SKU-H-02,Household,50,0
2024-06-26,SKU-H-02,Household,27,0
2024-06-27,SKU-H-02,Household,49,0
2024-06-28,SKU-H-02,Household,46,0
2024-06-29,SKU-H-02,Household,24,0
2024-06-30,SKU-H-02,Household,26,0
2024-07-01,SKU-H-02,Household,65,0
2024-07-02,SKU-H-02,Household,39,0
2024-07-03,SKU-H-02,Household,37,0
2024-07-04,SKU-H-02,Household,64,0
2024-07-05,SKU-H-02,Household,16,0
2024-07-06,SKU-H-02,Household,42,0
2024-07-07,SKU-H-02,Household,17,0
2024-07-08,SKU-H-02,Household,43,0
2024-07-09,SKU-H-02,Household,35,0
2024-07-10,SKU-H-02,Household,35,0
2024-07-11,SKU-H-02,Household,21,0
2024-07-12,SKU-H-02,Household,35,0
2024-07-13,SKU-H-02,Household,28,0
2024-07-14,SKU-H-02,Household,24,0
2024-07-15,SKU-H-02,Household,49,0
2024-07-16,SKU-H-02,Household,35,0
2024-07-17,SKU-H-02,Household,57,0
2024-07-18,SKU-H-02,Household,48,0
2024-07-19,SKU-H-02,Household,45,0
2024-07-20,SKU-H-02,Household,42,1
2024-07-21,SKU-H-02,Household,25,0
2024-07-22,SKU-H-02,Household,49,0
2024-07-23,SKU-H-02,Household,66,0
2024-07-24,SKU-H-02,Household,56,0
2024-07-25,SKU-H-02,Household,21,0
2024-07-26,SKU-H-02,Household,31,0
2024-07-27,SKU-H-02,Household,20,0
2024-07-28,SKU-H-02,Household,19,0
2024-07-29,SKU-H-02,Household,42,0
2024-07-30,SKU-H-02,Household,29,0
2024-07-31,SKU-H-02,Household,68,0
2024-08-01,SKU-H-02,Household,49,0
2024-08-02,SKU-H-02,Household,24,0
2024-08-03,SKU-H-02,Household,17,0
2024-08-04,SKU-H-02,Household,30,0
2024-08-05,SKU-H-02,Household,33,0
2024-08-06,SKU-H-02,Household,39,0
2024-08-07,SKU-H-02,Household,61,0
2024-08-08,SKU-H-02,Household,48,0
2024-08-09,SKU-H-02,Household,67,0
2024-08-10,SKU-H-02,Household,23,0
2024-08-11,SKU-H-02,Household,14,0
2024-08-12,SKU-H-02,Household,49,0
2024-08-13,SKU-H-02,Household,52,0
2024-08-14,SKU-H-02,Household,25,0
2024-08-15,SKU-H-02,Household,60,0
2024-08-16,SKU-H-02,Household,42,0
2024-08-17,SKU-H-02,Household,22,0
2024-08-18,SKU-H-02,Household,16,0
2024-08-19,SKU-H-02,Household,37,0
2024-08-20,SKU-H-02,Household,60,0
2024-08-21,SKU-H-02,Household,34,0
2024-08-22,SKU-H-02,Household,49,0
2024-08-23,SKU-H-02,Household,25,0
2024-08-24,SKU-H-02,Household,21,0
2024-08-25,SKU-H-02,Household,18,0
2024-08-26,SKU-H-02,Household,32,0
2024-08-27,SKU-H-02,Household,50,0
2024-08-28,SKU-H-02,Household,49,0
2024-08-29,SKU-H-02,Household,54,0
2024-08-30,SKU-H-02,Household,31,0
2024-08-31,SKU-H-02,Household,19,0
2024-09-01,SKU-H-02,Household,21,0
2024-09-02,SKU-H-02,Household,28,0
2024-09-03,SKU-H-02,Household,26,0
2024-09-04,SKU-H-02,Household,33,0
2024-09-05,SKU-H-02,Household,35,0
2024-09-06,SKU-H-02,Household,45,0
2024-09-07,SKU-H-02,Household,23,0
2024-09-08,SKU-H-02,Household,30,1
2024-09-09,SKU-H-02,Household,47,0
2024-09-10,SKU-H-02,Household,44,0
2024-09-11,SKU-H-02,Household,38,0
2024-09-12,SKU-H-02,Household,30,0
2024-09-13,SKU-H-02,Household,22,0
2024-09-14,SKU-H-02,Household,28,0
2024-09-15,SKU-H-02,Household,27,0
2024-09-16,SKU-H-02,Household,60,1
2024-09-17,SKU-H-02,Household,39,0
2024-09-18,SKU-H-02,Household,19,0
2024-09-19,SKU-H-02,Household,30,0
2024-09-20,SKU-H-02,Household,35,0
2024-09-21,SKU-H-02,Household,21,0
2024-09-22,SKU-H-02,Household,28,0
2024-09-23,SKU-H-02,Household,63,0
2024-09-24,SKU-H-02,Household,21,0
2024-09-25,SKU-H-02,Household,46,0
2024-09-26,SKU-H-02,Household,15,0
2024-09-27,SKU-H-02,Household,33,0
2024-09-28,SKU-H-02,Household,27,0
2024-09-29,SKU-H-02,Household,25,0
2024-09-30,SKU-H-02,Household,24,0
2024-10-01,SKU-H-02,Household,41,0
2024-10-02,SKU-H-02,Household,25,0
2024-10-03,SKU-H-02,Household,50,0
2024-10-04,SKU-H-02,Household,13,0
2024-10-05,SKU-H-02,Household,46,0
2024-10-06,SKU-H-02,Household,21,0
2024-10-07,SKU-H-02,Household,24,0
2024-10-08,SKU-H-02,Household,14,0
2024-10-09,SKU-H-02,Household,38,0
2024-10-10,SKU-H-02,Household,67,0
2024-10-11,SKU-H-02,Household,22,0
2024-10-12,SKU-H-02,Household,21,0
2024-10-13,SKU-H-02,Household,19,0
2024-10-14,SKU-H-02,Household,81,1
2024-10-15,SKU-H-02,Household,28,0
2024-10-16,SKU-H-02,Household,76,0
2024-10-17,SKU-H-02,Household,30,0
2024-10-18,SKU-H-02,Household,73,0
2024-10-19,SKU-H-02,Household,14,0
2024-10-20,SKU-H-02,Household,30,0
2024-10-21,SKU-H-02,Household,30,0
2024-10-22,SKU-H-02,Household,40,0
2024-10-23,SKU-H-02,Household,28,0
2024-10-24,SKU-H-02,Household,48,0
2024-10-25,SKU-H-02,Household,49,0
2024-10-26,SKU-H-02,Household,33,0
2024-10-27,SKU-H-02,Household,26,0
2024-10-28,SKU-H-02,Household,50,0
2024-10-29,SKU-H-02,Household,28,0
2024-10-30,SKU-H-02,Household,50,0
2024-10-31,SKU-H-02,Household,37,0
2024-11-01,SKU-H-02,Household,30,0
2024-11-02,SKU-H-02,Household,37,0
2024-11-03,SKU-H-02,Household,14,0
2024-11-04,SKU-H-02,Household,26,0
2024-11-05,SKU-H-02,Household,38,0
2024-11-06,SKU-H-02,Household,41,0
2024-11-07,SKU-H-02,Household,42,0
2024-11-08,SKU-H-02,Household,27,0
2024-11-09,SKU-H-02,Household,19,0
2024-11-10,SKU-H-02,Household,23,0
2024-11-11,SKU-H-02,Household,43,0
2024-11-12,SKU-H-02,Household,56,0
2024-11-13,SKU-H-02,Household,80,0
2024-11-14,SKU-H-02,Household,47,0
2024-11-15,SKU-H-02,Household,39,0
2024-11-16,SKU-H-02,Household,34,0
2024-11-17,SKU-H-02,Household,14,0
2024-11-18,SKU-H-02,Household,35,0
2024-11-19,SKU-H-02,Household,28,0
2024-11-20,SKU-H-02,Household,27,0
2024-11-21,SKU-H-02,Household,34,0
2024-11-22,SKU-H-02,Household,51,0
2024-11-23,SKU-H-02,Household,19,0
2024-11-24,SKU-H-02,Household,26,0
2024-11-25,SKU-H-02,Household,27,0
2024-11-26,SKU-H-02,Household,79,0
2024-11-27,SKU-H-02,Household,43,0
2024-11-28,SKU-H-02,Household,41,0
2024-11-29,SKU-H-02,Household,34,0
2024-11-30,SKU-H-02,Household,19,0
2024-12-01,SKU-H-02,Household,27,0
2024-12-02,SKU-H-02,Household,70,0
2024-12-03,SKU-H-02,Household,41,0
2024-12-04,SKU-H-02,Household,19,0
2024-12-05,SKU-H-02,Household,42,0
2024-12-06,SKU-H-02,Household,46,0
2024-12-07,SKU-H-02,Household,22,0
2024-12-08,SKU-H-02,Household,16,0
2024-12-09,SKU-H-02,Household,54,0
2024-12-10,SKU-H-02,Household,35,0
2024-12-11,SKU-H-02,Household,59,0
2024-12-12,SKU-H-02,Household,44,0
2024-12-13,SKU-H-02,Household,63,0
2024-12-14,SKU-H-02,Household,30,0
2024-12-15,SKU-H-02,Household,25,0
2024-12-16,SKU-H-02,Household,37,0
2024-12-17,SKU-H-02,Household,40,0
2024-12-18,SKU-H-02,Household,40,0
2024-12-19,SKU-H-02,Household,42,0
2024-12-20,SKU-H-02,Household,29,0
2024-12-21,SKU-H-02,Household,24,0
2024-12-22,SKU-H-02,Household,25,0
2024-12-23,SKU-H-02,Household,44,0
2024-12-24,SKU-H-02,Household,35,0
2024-12-25,SKU-H-02,Household,47,0
2024-12-26,SKU-H-02,Household,24,0
2024-12-27,SKU-H-02,Household,49,0
2024-12-28,SKU-H-02,Household,18,0
2024-12-29,SKU-H-02,Household,30,0
2024-12-30,SKU-H-02,Household,55,0
2024-12-31,SKU-H-02,Household,66,0
2025-01-01,SKU-H-02,Household,46,0
2025-01-02,SKU-H-02,Household,28,0
2025-01-03,SKU-H-02,Household,19,0
2025-01-04,SKU-H-02,Household,56,1
2025-01-05,SKU-H-02,Household,20,0
2025-01-06,SKU-H-02,Household,27,0
2025-01-07,SKU-H-02,Household,33,0
2025-01-08,SKU-H-02,Household,35,0
2025-01-09,SKU-H-02,Household,68,0
2025-01-10,SKU-H-02,Household,52,0
2025-01-11,SKU-H-02,Household,18,0
2025-01-12,SKU-H-02,Household,15,0
2025-01-13,SKU-H-02,Household,34,0
2025-01-14,SKU-H-02,Household,51,0
2025-01-15,SKU-H-02,Household,32,0
2025-01-16,SKU-H-02,Household,76,0
2025-01-17,SKU-H-02,Household,35,0
2025-01-18,SKU-H-02,Household,33,0
2025-01-19,SKU-H-02,Household,23,0
2025-01-20,SKU-H-02,Household,21,0
2025-01-21,SKU-H-02,Household,16,0
2025-01-22,SKU-H-02,Household,48,0
2025-01-23,SKU-H-02,Household,17,0
2025-01-24,SKU-H-02,Household,46,0
2025-01-25,SKU-H-02,Household,20,0
2025-01-26,SKU-H-02,Household,26,0
2025-01-27,SKU-H-02,Household,39,0
2025-01-28,SKU-H-02,Household,33,0
2025-01-29,SKU-H-02,Household,26,0
2025-01-30,SKU-H-02,Household,38,0
2025-01-31,SKU-H-02,Household,47,0
2025-02-01,SKU-H-02,Household,24,0
2025-02-02,SKU-H-02,Household,14,0
2025-02-03,SKU-H-02,Household,40,0
2025-02-04,SKU-H-02,Household,37,0
2025-02-05,SKU-H-02,Household,53,0
2025-02-06,SKU-H-02,Household,37,0
2025-02-07,SKU-H-02,Household,22,0
2025-02-08,SKU-H-02,Household,10,0
2025-02-09,SKU-H-02,Household,22,0
2025-02-10,SKU-H-02,Household,27,0
2025-02-11,SKU-H-02,Household,23,0
2025-02-12,SKU-H-02,Household,55,0
2025-02-13,SKU-H-02,Household,37,0
2025-02-14,SKU-H-02,Household,32,0
2025-02-15,SKU-H-02,Household,38,0
2025-02-16,SKU-H-02,Household,13,0
2025-02-17,SKU-H-02,Household,43,0
2025-02-18,SKU-H-02,Household,58,0
2025-02-19,SKU-H-02,Household,44,0
2025-02-20,SKU-H-02,Household,37,0
2025-02-21,SKU-H-02,Household,27,0
2025-02-22,SKU-H-02,Household,28,0
2025-02-23,SKU-H-02,Household,17,0
2025-02-24,SKU-H-02,Household,18,0
2025-02-25,SKU-H-02,Household,35,0
2025-02-26,SKU-H-02,Household,34,0
2025-02-27,SKU-H-02,Household,26,0
2025-02-28,SKU-H-02,Household,29,0
2025-03-01,SKU-H-02,Household,21,0
2025-03-02,SKU-H-02,Household,15,0
2025-03-03,SKU-H-02,Household,30,0
2025-03-04,SKU-H-02,Household,40,0
2025-03-05,SKU-H-02,Household,49,0
2025-03-06,SKU-H-02,Household,32,0
2025-03-07,SKU-H-02,Household,49,0
2025-03-08,SKU-H-02,Household,23,0
2025-03-09,SKU-H-02,Household,26,0
2025-03-10,SKU-H-02,Household,49,1
2025-03-11,SKU-H-02,Household,39,0
2025-03-12,SKU-H-02,Household,39,0
2025-03-13,SKU-H-02,Household,43,0
2025-03-14,SKU-H-02,Household,19,0
2025-03-15,SKU-H-02,Household,36,0
2025-03-16,SKU-H-02,Household,32,0
2025-03-17,SKU-H-02,Household,35,0
2025-03-18,SKU-H-02,Household,22,0
2025-03-19,SKU-H-02,Household,26,0
2025-03-20,SKU-H-02,Household,16,0
2025-03-21,SKU-H-02,Household,68,0
2025-03-22,SKU-H-02,Household,16,0
2025-03-23,SKU-H-02,Household,19,0
2025-03-24,SKU-H-02,Household,44,0
2025-03-25,SKU-H-02,Household,39,0
2025-03-26,SKU-H-02,Household,67,0
2025-03-27,SKU-H-02,Household,33,0
2025-03-28,SKU-H-02,Household,25,0
2025-03-29,SKU-H-02,Household,31,0
2025-03-30,SKU-H-02,Household,28,0
2025-03-31,SKU-H-02,Household,32,0
2025-04-01,SKU-H-02,Household,52,0
2025-04-02,SKU-H-02,Household,27,0
2025-04-03,SKU-H-02,Household,37,0
2025-04-04,SKU-H-02,Household,54,0
2025-04-05,SKU-H-02,Household,18,0
2025-04-06,SKU-H-02,Household,36,0
2025-04-07,SKU-H-02,Household,25,0
2025-04-08,SKU-H-02,Household,32,0
2025-04-09,SKU-H-02,Household,37,0
2025-04-10,SKU-H-02,Household,49,0
2025-04-11,SKU-H-02,Household,49,0
2025-04-12,SKU-H-02,Household,35,0
2025-04-13,SKU-H-02,Household,19,0
2025-04-14,SKU-H-02,Household,36,0
2025-04-15,SKU-H-02,Household,47,0
2025-04-16,SKU-H-02,Household,42,0
2025-04-17,SKU-H-02,Household,56,0
2025-04-18,SKU-H-02,Household,47,0
2025-04-19,SKU-H-02,Household,15,0
2025-04-20,SKU-H-02,Household,31,0
2025-04-21,SKU-H-02,Household,38,0
2025-04-22,SKU-H-02,Household,46,0
2025-04-23,SKU-H-02,Household,52,0
2025-04-24,SKU-H-02,Household,46,0
2025-04-25,SKU-H-02,Household,43,0
2025-04-26,SKU-H-02,Household,18,0
2025-04-27,SKU-H-02,Household,36,0
2025-04-28,SKU-H-02,Household,47,0
2025-04-29,SKU-H-02,Household,55,0
2025-04-30,SKU-H-02,Household,44,0
2025-05-01,SKU-H-02,Household,62,0
2025-05-02,SKU-H-02,Household,55,1
2025-05-03,SKU-H-02,Household,15,0
2025-05-04,SKU-H-02,Household,25,0
2025-05-05,SKU-H-02,Household,45,0
2025-05-06,SKU-H-02,Household,54,0
2025-05-07,SKU-H-02,Household,51,0
2025-05-08,SKU-H-02,Household,24,0
2025-05-09,SKU-H-02,Household,54,0
2025-05-10,SKU-H-02,Household,22,0
2025-05-11,SKU-H-02,Household,10,0
2025-05-12,SKU-H-02,Household,17,0
2025-05-13,SKU-H-02,Household,65,0
2025-05-14,SKU-H-02,Household,62,0
2025-05-15,SKU-H-02,Household,17,0
2025-05-16,SKU-H-02,Household,50,0
2025-05-17,SKU-H-02,Household,43,0
2025-05-18,SKU-H-02,Household,16,0
2025-05-19,SKU-H-02,Household,37,0
2025-05-20,SKU-H-02,Household,38,0
2025-05-21,SKU-H-02,Household,55,0
2025-05-22,SKU-H-02,Household,33,0
2025-05-23,SKU-H-02,Household,22,0
2025-05-24,SKU-H-02,Household,25,0
2025-05-25,SKU-H-02,Household,10,0
2025-05-26,SKU-H-02,Household,30,0
2025-05-27,SKU-H-02,Household,30,0
2025-05-28,SKU-H-02,Household,42,0
2025-05-29,SKU-H-02,Household,25,0
2025-05-30,SKU-H-02,Household,32,0
2025-05-31,SKU-H-02,Household,25,0
2025-06-01,SKU-H-02,Household,12,0
2025-06-02,SKU-H-02,Household,34,0
2025-06-03,SKU-H-02,Household,41,0
2025-06-04,SKU-H-02,Household,17,0
2025-06-05,SKU-H-02,Household,57,0
2025-06-06,SKU-H-02,Household,56,0
2025-06-07,SKU-H-02,Household,33,0
2025-06-08,SKU-H-02,Household,15,0
2025-06-09,SKU-H-02,Household,45,0
2025-06-10,SKU-H-02,Household,56,0
2025-06-11,SKU-H-02,Household,28,0
2025-06-12,SKU-H-02,Household,26,0
2025-06-13,SKU-H-02,Household,34,0
2025-06-14,SKU-H-02,Household,23,0
2025-06-15,SKU-H-02,Household,15,0
2025-06-16,SKU-H-02,Household,61,0
2025-06-17,SKU-H-02,Household,45,0
2025-06-18,SKU-H-02,Household,39,0
2025-06-19,SKU-H-02,Household,186,1
2025-06-20,SKU-H-02,Household,41,0
2025-06-21,SKU-H-02,Household,25,0
2025-06-22,SKU-H-02,Household,23,0
2025-06-23,SKU-H-02,Household,41,0
2025-06-24,SKU-H-02,Household,52,0
2025-06-25,SKU-H-02,Household,30,0
2025-06-26,SKU-H-02,Household,21,0
2025-06-27,SKU-H-02,Household,46,0
2025-06-28,SKU-H-02,Household,17,0
2025-06-29,SKU-H-02,Household,25,0
2025-06-30,SKU-H-02,Household,27,0
2025-07-01,SKU-H-02,Household,64,0
2023-01-01,SKU-H-03,Household,27,0
2023-01-02,SKU-H-03,Household,37,0
2023-01-03,SKU-H-03,Household,25,0
2023-01-04,SKU-H-03,Household,38,0
2023-01-05,SKU-H-03,Household,22,0
2023-01-06,SKU-H-03,Household,8,0
2023-01-07,SKU-H-03,Household,13,0
2023-01-08,SKU-H-03,Household,13,0
2023-01-09,SKU-H-03,Household,25,0
2023-01-10,SKU-H-03,Household,41,0
2023-01-11,SKU-H-03,Household,43,0
2023-01-12,SKU-H-03,Household,32,0
2023-01-13,SKU-H-03,Household,8,0
2023-01-14,SKU-H-03,Household,7,0
2023-01-15,SKU-H-03,Household,13,0
2023-01-16,SKU-H-03,Household,24,0
2023-01-17,SKU-H-03,Household,24,0
2023-01-18,SKU-H-03,Household,23,0
2023-01-19,SKU-H-03,Household,33,0
2023-01-20,SKU-H-03,Household,17,0
2023-01-21,SKU-H-03,Household,10,0
2023-01-22,SKU-H-03,Household,38,0
2023-01-23,SKU-H-03,Household,19,0
2023-01-24,SKU-H-03,Household,30,0
2023-01-25,SKU-H-03,Household,29,0
2023-01-26,SKU-H-03,Household,40,0
2023-01-27,SKU-H-03,Household,35,0
2023-01-28,SKU-H-03,Household,16,0
2023-01-29,SKU-H-03,Household,19,0
2023-01-30,SKU-H-03,Household,37,0
2023-01-31,SKU-H-03,Household,18,0
2023-02-01,SKU-H-03,Household,26,0
2023-02-02,SKU-H-03,Household,19,0
2023-02-03,SKU-H-03,Household,21,0
2023-02-04,SKU-H-03,Household,30,0
2023-02-05,SKU-H-03,Household,27,0
2023-02-06,SKU-H-03,Household,26,0
2023-02-07,SKU-H-03,Household,15,0
2023-02-08,SKU-H-03,Household,40,0
2023-02-09,SKU-H-03,Household,16,0
2023-02-10,SKU-H-03,Household,10,0
2023-02-11,SKU-H-03,Household,17,0
2023-02-12,SKU-H-03,Household,12,0
2023-02-13,SKU-H-03,Household,35,0
2023-02-14,SKU-H-03,Household,58,0
2023-02-15,SKU-H-03,Household,68,1
2023-02-16,SKU-H-03,Household,14,0
2023-02-17,SKU-H-03,Household,22,0
2023-02-18,SKU-H-03,Household,18,0
2023-02-19,SKU-H-03,Household,48,1
2023-02-20,SKU-H-03,Household,46,0
2023-02-21,SKU-H-03,Household,72,0
2023-02-22,SKU-H-03,Household,26,0
2023-02-23,SKU-H-03,Household,24,0
2023-02-24,SKU-H-03,Household,14,0
2023-02-25,SKU-H-03,Household,29,0
2023-02-26,SKU-H-03,Household,9,0
2023-02-27,SKU-H-03,Household,23,0
2023-02-28,SKU-H-03,Household,14,0
2023-03-01,SKU-H-03,Household,38,0
2023-03-02,SKU-H-03,Household,7,0
2023-03-03,SKU-H-03,Household,37,0
2023-03-04,SKU-H-03,Household,21,0
2023-03-05,SKU-H-03,Household,14,0
2023-03-06,SKU-H-03,Household,34,0
2023-03-07,SKU-H-03,Household,52,0
2023-03-08,SKU-H-03,Household,18,0
2023-03-09,SKU-H-03,Household,24,0
2023-03-10,SKU-H-03,Household,27,0
2023-03-11,SKU-H-03,Household,14,0
2023-03-12,SKU-H-03,Household,32,0
2023-03-13,SKU-H-03,Household,93,1
2023-03-14,SKU-H-03,Household,11,0
2023-03-15,SKU-H-03,Household,22,0
2023-03-16,SKU-H-03,Household,21,0
2023-03-17,SKU-H-03,Household,41,0
2023-03-18,SKU-H-03,Household,21,0
2023-03-19,SKU-H-03,Household,15,0
2023-03-20,SKU-H-03,Household,43,0
2023-03-21,SKU-H-03,Household,37,0
2023-03-22,SKU-H-03,Household,36,0
2023-03-23,SKU-H-03,Household,12,0
2023-03-24,SKU-H-03,Household,29,0
2023-03-25,SKU-H-03,Household,29,1
2023-03-26,SKU-H-03,Household,14,0
2023-03-27,SKU-H-03,Household,25,0
2023-03-28,SKU-H-03,Household,25,0
2023-03-29,SKU-H-03,Household,80,1
2023-03-30,SKU-H-03,Household,16,0
2023-03-31,SKU-H-03,Household,31,0
2023-04-01,SKU-H-03,Household,15,0
2023-04-02,SKU-H-03,Household,16,0
2023-04-03,SKU-H-03,Household,24,0
2023-04-04,SKU-H-03,Household,26,0
2023-04-05,SKU-H-03,Household,33,0
2023-04-06,SKU-H-03,Household,55,0
2023-04-07,SKU-H-03,Household,22,0
2023-04-08,SKU-H-03,Household,26,0
2023-04-09,SKU-H-03,Household,7,0
2023-04-10,SKU-H-03,Household,18,0
2023-04-11,SKU-H-03,Household,14,0
2023-04-12,SKU-H-03,Household,39,0
2023-04-13,SKU-H-03,Household,51,0
2023-04-14,SKU-H-03,Household,24,0
2023-04-15,SKU-H-03,Household,5,0
2023-04-16,SKU-H-03,Household,8,0
2023-04-17,SKU-H-03,Household,19,0
2023-04-18,SKU-H-03,Household,11,0
2023-04-19,SKU-H-03,Household,22,0
2023-04-20,SKU-H-03,Household,45,0
2023-04-21,SKU-H-03,Household,20,0
2023-04-22,SKU-H-03,Household,12,0
2023-04-23,SKU-H-03,Household,20,0
2023-04-24,SKU-H-03,Household,37,0
2023-04-25,SKU-H-03,Household,47,1
2023-04-26,SKU-H-03,Household,16,0
2023-04-27,SKU-H-03,Household,38,0
2023-04-28,SKU-H-03,Household,14,0
2023-04-29,SKU-H-03,Household,8,0
2023-04-30,SKU-H-03,Household,30,0
2023-05-01,SKU-H-03,Household,23,0
2023-05-02,SKU-H-03,Household,41,0
2023-05-03,SKU-H-03,Household,38,0
2023-05-04,SKU-H-03,Household,43,0
2023-05-05,SKU-H-03,Household,28,0
2023-05-06,SKU-H-03,Household,20,0
2023-05-07,SKU-H-03,Household,16,0
2023-05-08,SKU-H-03,Household,44,0
2023-05-09,SKU-H-03,Household,13,0
2023-05-10,SKU-H-03,Household,39,0
2023-05-11,SKU-H-03,Household,79,1
2023-05-12,SKU-H-03,Household,47,0
2023-05-13,SKU-H-03,Household,14,0
2023-05-14,SKU-H-03,Household,62,1
2023-05-15,SKU-H-03,Household,35,0
2023-05-16,SKU-H-03,Household,47,0
2023-05-17,SKU-H-03,Household,17,0
2023-05-18,SKU-H-03,Household,63,1
2023-05-19,SKU-H-03,Household,22,0
2023-05-20,SKU-H-03,Household,13,0
2023-05-21,SKU-H-03,Household,8,0
2023-05-22,SKU-H-03,Household,26,0
2023-05-23,SKU-H-03,Household,39,0
2023-05-24,SKU-H-03,Household,19,0
2023-05-25,SKU-H-03,Household,26,0
2023-05-26,SKU-H-03,Household,25,0
2023-05-27,SKU-H-03,Household,20,0
2023-05-28,SKU-H-03,Household,11,0
2023-05-29,SKU-H-03,Household,49,1
2023-05-30,SKU-H-03,Household,33,0
2023-05-31,SKU-H-03,Household,14,0
2023-06-01,SKU-H-03,Household,26,0
2023-06-02,SKU-H-03,Household,28,0
2023-06-03,SKU-H-03,Household,18,0
2023-06-04,SKU-H-03,Household,18,0
2023-06-05,SKU-H-03,Household,22,0
2023-06-06,SKU-H-03,Household,54,0
2023-06-07,SKU-H-03,Household,36,0
2023-06-08,SKU-H-03,Household,32,0
2023-06-09,SKU-H-03,Household,30,0
2023-06-10,SKU-H-03,Household,29,0
2023-06-11,SKU-H-03,Household,16,0
2023-06-12,SKU-H-03,Household,30,0
2023-06-13,SKU-H-03,Household,16,0
2023-06-14,SKU-H-03,Household,29,0
2023-06-15,SKU-H-03,Household,24,0
2023-06-16,SKU-H-03,Household,34,0
2023-06-17,SKU-H-03,Household,28,0
2023-06-18,SKU-H-03,Household,22,0
2023-06-19,SKU-H-03,Household,19,0
2023-06-20,SKU-H-03,Household,55,0
2023-06-21,SKU-H-03,Household,153,1
2023-06-22,SKU-H-03,Household,33,0
2023-06-23,SKU-H-03,Household,21,0
2023-06-24,SKU-H-03,Household,30,0
2023-06-25,SKU-H-03,Household,8,0
2023-06-26,SKU-H-03,Household,49,1
2023-06-27,SKU-H-03,Household,7,0
2023-06-28,SKU-H-03,Household,45,0
2023-06-29,SKU-H-03,Household,24,0
2023-06-30,SKU-H-03,Household,29,0
2023-07-01,SKU-H-03,Household,21,0
2023-07-02,SKU-H-03,Household,9,0
2023-07-03,SKU-H-03,Household,18,0
2023-07-04,SKU-H-03,Household,41,0
2023-07-05,SKU-H-03,Household,21,0
2023-07-06,SKU-H-03,Household,38,0
2023-07-07,SKU-H-03,Household,35,0
2023-07-08,SKU-H-03,Household,19,0
2023-07-09,SKU-H-03,Household,18,0
2023-07-10,SKU-H-03,Household,27,0
2023-07-11,SKU-H-03,Household,34,0
2023-07-12,SKU-H-03,Household,31,0
2023-07-13,SKU-H-03,Household,46,0
2023-07-14,SKU-H-03,Household,11,0
2023-07-15,SKU-H-03,Household,6,0
2023-07-16,SKU-H-03,Household,16,0
2023-07-17,SKU-H-03,Household,47,0
2023-07-18,SKU-H-03,Household,23,0
2023-07-19,SKU-H-03,Household,16,0
2023-07-20,SKU-H-03,Household,20,0
2023-07-21,SKU-H-03,Household,25,0
2023-07-22,SKU-H-03,Household,9,0
2023-07-23,SKU-H-03,Household,21,0
2023-07-24,SKU-H-03,Household,25,0
2023-07-25,SKU-H-03,Household,25,0
2023-07-26,SKU-H-03,Household,28,0
2023-07-27,SKU-H-03,Household,38,0
2023-07-28,SKU-H-03,Household,22,0
2023-07-29,SKU-H-03,Household,15,0
2023-07-30,SKU-H-03,Household,8,0
2023-07-31,SKU-H-03,Household,46,0
2023-08-01,SKU-H-03,Household,28,0
2023-08-02,SKU-H-03,Household,25,0
2023-08-03,SKU-H-03,Household,21,0
2023-08-04,SKU-H-03,Household,21,0
2023-08-05,SKU-H-03,Household,27,0
2023-08-06,SKU-H-03,Household,8,0
2023-08-07,SKU-H-03,Household,22,0
2023-08-08,SKU-H-03,Household,14,0
2023-08-09,SKU-H-03,Household,25,0
2023-08-10,SKU-H-03,Household,21,0
2023-08-11,SKU-H-03,Household,19,0
2023-08-12,SKU-H-03,Household,7,0
2023-08-13,SKU-H-03,Household,15,0
2023-08-14,SKU-H-03,Household,38,0
2023-08-15,SKU-H-03,Household,11,0
2023-08-16,SKU-H-03,Household,22,0
2023-08-17,SKU-H-03,Household,13,0
2023-08-18,SKU-H-03,Household,27,0
2023-08-19,SKU-H-03,Household,30,0
2023-08-20,SKU-H-03,Household,52,1
2023-08-21,SKU-H-03,Household,31,0
2023-08-22,SKU-H-03,Household,45,0
2023-08-23,SKU-H-03,Household,15,0
2023-08-24,SKU-H-03,Household,43,0
2023-08-25,SKU-H-03,Household,17,0
2023-08-26,SKU-H-03,Household,25,0
2023-08-27,SKU-H-03,Household,11,0
2023-08-28,SKU-H-03,Household,44,0
2023-08-29,SKU-H-03,Household,14,0
2023-08-30,SKU-H-03,Household,31,0
2023-08-31,SKU-H-03,Household,33,0
2023-09-01,SKU-H-03,Household,19,0
2023-09-02,SKU-H-03,Household,12,0
2023-09-03,SKU-H-03,Household,14,0
2023-09-04,SKU-H-03,Household,27,0
2023-09-05,SKU-H-03,Household,46,0
2023-09-06,SKU-H-03,Household,9,0
2023-09-07,SKU-H-03,Household,54,0
2023-09-08,SKU-H-03,Household,28,0
2023-09-09,SKU-H-03,Household,21,0
2023-09-10,SKU-H-03,Household,60,1
2023-09-11,SKU-H-03,Household,41,0
2023-09-12,SKU-H-03,Household,26,0
2023-09-13,SKU-H-03,Household,22,0
2023-09-14,SKU-H-03,Household,33,0
2023-09-15,SKU-H-03,Household,12,0
2023-09-16,SKU-H-03,Household,17,0
2023-09-17,SKU-H-03,Household,8,0
2023-09-18,SKU-H-03,Household,23,0
2023-09-19,SKU-H-03,Household,12,0
2023-09-20,SKU-H-03,Household,15,0
2023-09-21,SKU-H-03,Household,26,0
2023-09-22,SKU-H-03,Household,13,0
2023-09-23,SKU-H-03,Household,3,0
2023-09-24,SKU-H-03,Household,13,0
2023-09-25,SKU-H-03,Household,11,0
2023-09-26,SKU-H-03,Household,38,0
2023-09-27,SKU-H-03,Household,37,0
2023-09-28,SKU-H-03,Household,56,0
2023-09-29,SKU-H-03,Household,19,0
2023-09-30,SKU-H-03,Household,11,0
2023-10-01,SKU-H-03,Household,21,0
2023-10-02,SKU-H-03,Household,27,0
2023-10-03,SKU-H-03,Household,28,0
2023-10-04,SKU-H-03,Household,46,1
2023-10-05,SKU-H-03,Household,54,0
2023-10-06,SKU-H-03,Household,25,0
2023-10-07,SKU-H-03,Household,22,0
2023-10-08,SKU-H-03,Household,18,0
2023-10-09,SKU-H-03,Household,29,0
2023-10-10,SKU-H-03,Household,30,0
2023-10-11,SKU-H-03,Household,41,0
2023-10-12,SKU-H-03,Household,29,0
2023-10-13,SKU-H-03,Household,46,0
2023-10-14,SKU-H-03,Household,5,0
2023-10-15,SKU-H-03,Household,23,0
2023-10-16,SKU-H-03,Household,24,0
2023-10-17,SKU-H-03,Household,54,0
2023-10-18,SKU-H-03,Household,22,0
2023-10-19,SKU-H-03,Household,41,0
2023-10-20,SKU-H-03,Household,25,0
2023-10-21,SKU-H-03,Household,28,0
2023-10-22,SKU-H-03,Household,21,0
2023-10-23,SKU-H-03,Household,32,0
2023-10-24,SKU-H-03,Household,32,0
2023-10-25,SKU-H-03,Household,38,0
2023-10-26,SKU-H-03,Household,30,0
2023-10-27,SKU-H-03,Household,15,0
2023-10-28,SKU-H-03,Household,15,0
2023-10-29,SKU-H-03,Household,11,0
2023-10-30,SKU-H-03,Household,20,0
2023-10-31,SKU-H-03,Household,13,0
2023-11-01,SKU-H-03,Household,31,0
2023-11-02,SKU-H-03,Household,63,1
2023-11-03,SKU-H-03,Household,42,0
2023-11-04,SKU-H-03,Household,22,0
2023-11-05,SKU-H-03,Household,14,0
2023-11-06,SKU-H-03,Household,32,0
2023-11-07,SKU-H-03,Household,25,0
2023-11-08,SKU-H-03,Household,45,0
2023-11-09,SKU-H-03,Household,26,0
2023-11-10,SKU-H-03,Household,34,0
2023-11-11,SKU-H-03,Household,8,0
2023-11-12,SKU-H-03,Household,13,0
2023-11-13,SKU-H-03,Household,33,0
2023-11-14,SKU-H-03,Household,31,0
2023-11-15,SKU-H-03,Household,10,0
2023-11-16,SKU-H-03,Household,32,0
2023-11-17,SKU-H-03,Household,31,0
2023-11-18,SKU-H-03,Household,9,0
2023-11-19,SKU-H-03,Household,13,0
2023-11-20,SKU-H-03,Household,10,0
2023-11-21,SKU-H-03,Household,24,0
2023-11-22,SKU-H-03,Household,36,0
2023-11-23,SKU-H-03,Household,14,0
2023-11-24,SKU-H-03,Household,16,0
2023-11-25,SKU-H-03,Household,25,0
2023-11-26,SKU-H-03,Household,7,0
2023-11-27,SKU-H-03,Household,33,0
2023-11-28,SKU-H-03,Household,35,0
2023-11-29,SKU-H-03,Household,25,0
2023-11-30,SKU-H-03,Household,20,0
2023-12-01,SKU-H-03,Household,38,0
2023-12-02,SKU-H-03,Household,14,0
2023-12-03,SKU-H-03,Household,11,0
2023-12-04,SKU-H-03,Household,23,0
2023-12-05,SKU-H-03,Household,37,0
2023-12-06,SKU-H-03,Household,24,0
2023-12-07,SKU-H-03,Household,17,0
2023-12-08,SKU-H-03,Household,41,0
2023-12-09,SKU-H-03,Household,17,0
2023-12-10,SKU-H-03,Household,23,0
2023-12-11,SKU-H-03,Household,7,0
2023-12-12,SKU-H-03,Household,38,1
2023-12-13,SKU-H-03,Household,26,0
2023-12-14,SKU-H-03,Household,27,0
2023-12-15,SKU-H-03,Household,43,0
2023-12-16,SKU-H-03,Household,15,0
2023-12-17,SKU-H-03,Household,15,0
2023-12-18,SKU-H-03,Household,24,0
2023-12-19,SKU-H-03,Household,30,0
2023-12-20,SKU-H-03,Household,57,0
2023-12-21,SKU-H-03,Household,30,0
2023-12-22,SKU-H-03,Household,26,0
2023-12-23,SKU-H-03,Household,11,0
2023-12-24,SKU-H-03,Household,9,0
2023-12-25,SKU-H-03,Household,29,1
2023-12-26,SKU-H-03,Household,67,1
2023-12-27,SKU-H-03,Household,23,0
2023-12-28,SKU-H-03,Household,25,0
2023-12-29,SKU-H-03,Household,18,0
2023-12-30,SKU-H-03,Household,10,0
2023-12-31,SKU-H-03,Household,16,0
2024-01-01,SKU-H-03,Household,20,0
2024-01-02,SKU-H-03,Household,35,1
2024-01-03,SKU-H-03,Household,29,0
2024-01-04,SKU-H-03,Household,29,0
2024-01-05,SKU-H-03,Household,17,0
2024-01-06,SKU-H-03,Household,13,0
2024-01-07,SKU-H-03,Household,16,0
2024-01-08,SKU-H-03,Household,23,0
2024-01-09,SKU-H-03,Household,24,0
2024-01-10,SKU-H-03,Household,34,0
2024-01-11,SKU-H-03,Household,21,0
2024-01-12,SKU-H-03,Household,31,0
2024-01-13,SKU-H-03,Household,27,0
2024-01-14,SKU-H-03,Household,7,0
2024-01-15,SKU-H-03,Household,24,0
2024-01-16,SKU-H-03,Household,22,0
2024-01-17,SKU-H-03,Household,28,0
2024-01-18,SKU-H-03,Household,34,0
2024-01-19,SKU-H-03,Household,20,1
2024-01-20,SKU-H-03,Household,28,0
2024-01-21,SKU-H-03,Household,18,0
2024-01-22,SKU-H-03,Household,46,0
2024-01-23,SKU-H-03,Household,28,0
2024-01-24,SKU-H-03,Household,30,0
2024-01-25,SKU-H-03,Household,38,0
2024-01-26,SKU-H-03,Household,32,0
2024-01-27,SKU-H-03,Household,25,0
2024-01-28,SKU-H-03,Household,20,0
2024-01-29,SKU-H-03,Household,43,0
2024-01-30,SKU-H-03,Household,16,0
2024-01-31,SKU-H-03,Household,28,0
2024-02-01,SKU-H-03,Household,25,0
2024-02-02,SKU-H-03,Household,20,0
2024-02-03,SKU-H-03,Household,21,0
2024-02-04,SKU-H-03,Household,18,0
2024-02-05,SKU-H-03,Household,29,0
2024-02-06,SKU-H-03,Household,34,0
2024-02-07,SKU-H-03,Household,34,0
2024-02-08,SKU-H-03,Household,31,0
2024-02-09,SKU-H-03,Household,27,0
2024-02-10,SKU-H-03,Household,25,0
2024-02-11,SKU-H-03,Household,3,0
2024-02-12,SKU-H-03,Household,35,0
2024-02-13,SKU-H-03,Household,42,0
2024-02-14,SKU-H-03,Household,33,0
2024-02-15,SKU-H-03,Household,24,0
2024-02-16,SKU-H-03,Household,15,0
2024-02-17,SKU-H-03,Household,17,0
2024-02-18,SKU-H-03,Household,28,0
2024-02-19,SKU-H-03,Household,23,0
2024-02-20,SKU-H-03,Household,29,0
2024-02-21,SKU-H-03,Household,18,0
2024-02-22,SKU-H-03,Household,35,0
2024-02-23,SKU-H-03,Household,20,0
2024-02-24,SKU-H-03,Household,19,0
2024-02-25,SKU-H-03,Household,8,0
2024-02-26,SKU-H-03,Household,36,0
2024-02-27,SKU-H-03,Household,23,0
2024-02-28,SKU-H-03,Household,32,0
2024-02-29,SKU-H-03,Household,19,0
2024-03-01,SKU-H-03,Household,22,0
2024-03-02,SKU-H-03,Household,18,0
2024-03-03,SKU-H-03,Household,43,1
2024-03-04,SKU-H-03,Household,28,0
2024-03-05,SKU-H-03,Household,80,1
2024-03-06,SKU-H-03,Household,25,0
2024-03-07,SKU-H-03,Household,12,0
2024-03-08,SKU-H-03,Household,30,0
2024-03-09,SKU-H-03,Household,9,0
2024-03-10,SKU-H-03,Household,22,0
2024-03-11,SKU-H-03,Household,27,0
2024-03-12,SKU-H-03,Household,60,0
2024-03-13,SKU-H-03,Household,38,0
2024-03-14,SKU-H-03,Household,28,0
2024-03-15,SKU-H-03,Household,18,0
2024-03-16,SKU-H-03,Household,31,1
2024-03-17,SKU-H-03,Household,18,0
2024-03-18,SKU-H-03,Household,101,1
2024-03-19,SKU-H-03,Household,21,0
2024-03-20,SKU-H-03,Household,26,0
2024-03-21,SKU-H-03,Household,38,0
2024-03-22,SKU-H-03,Household,18,0
2024-03-23,SKU-H-03,Household,17,0
2024-03-24,SKU-H-03,Household,26,0
2024-03-25,SKU-H-03,Household,18,0
2024-03-26,SKU-H-03,Household,28,0
2024-03-27,SKU-H-03,Household,19,0
2024-03-28,SKU-H-03,Household,35,0
2024-03-29,SKU-H-03,Household,16,0
2024-03-30,SKU-H-03,Household,17,0
2024-03-31,SKU-H-03,Household,17,0
2024-04-01,SKU-H-03,Household,29,0
2024-04-02,SKU-H-03,Household,66,0
2024-04-03,SKU-H-03,Household,30,0
2024-04-04,SKU-H-03,Household,19,0
2024-04-05,SKU-H-03,Household,22,0
2024-04-06,SKU-H-03,Household,22,0
2024-04-07,SKU-H-03,Household,6,0
2024-04-08,SKU-H-03,Household,32,0
2024-04-09,SKU-H-03,Household,13,0
2024-04-10,SKU-H-03,Household,23,0
2024-04-11,SKU-H-03,Household,27,0
2024-04-12,SKU-H-03,Household,33,0
2024-04-13,SKU-H-03,Household,26,1
2024-04-14,SKU-H-03,Household,15,0
2024-04-15,SKU-H-03,Household,26,0
2024-04-16,SKU-H-03,Household,67,0
2024-04-17,SKU-H-03,Household,33,0
2024-04-18,SKU-H-03,Household,32,0
2024-04-19,SKU-H-03,Household,16,0
2024-04-20,SKU-H-03,Household,19,0
2024-04-21,SKU-H-03,Household,10,0
2024-04-22,SKU-H-03,Household,26,0
2024-04-23,SKU-H-03,Household,18,0
2024-04-24,SKU-H-03,Household,47,1
2024-04-25,SKU-H-03,Household,22,0
2024-04-26,SKU-H-03,Household,17,0
2024-04-27,SKU-H-03,Household,15,0
2024-04-28,SKU-H-03,Household,12,0
2024-04-29,SKU-H-03,Household,25,0
2024-04-30,SKU-H-03,Household,27,0
2024-05-01,SKU-H-03,Household,24,0
2024-05-02,SKU-H-03,Household,17,0
2024-05-03,SKU-H-03,Household,35,0
2024-05-04,SKU-H-03,Household,11,0
2024-05-05,SKU-H-03,Household,25,0
2024-05-06,SKU-H-03,Household,17,0
2024-05-07,SKU-H-03,Household,46,0
2024-05-08,SKU-H-03,Household,26,0
2024-05-09,SKU-H-03,Household,20,0
2024-05-10,SKU-H-03,Household,26,0
2024-05-11,SKU-H-03,Household,12,0
2024-05-12,SKU-H-03,Household,14,0
2024-05-13,SKU-H-03,Household,21,0
2024-05-14,SKU-H-03,Household,45,0
2024-05-15,SKU-H-03,Household,18,0
2024-05-16,SKU-H-03,Household,17,0
2024-05-17,SKU-H-03,Household,19,0
2024-05-18,SKU-H-03,Household,32,0
2024-05-19,SKU-H-03,Household,20,0
2024-05-20,SKU-H-03,Household,28,0
2024-05-21,SKU-H-03,Household,39,0
2024-05-22,SKU-H-03,Household,19,0
2024-05-23,SKU-H-03,Household,34,0
2024-05-24,SKU-H-03,Household,39,0
2024-05-25,SKU-H-03,Household,17,0
2024-05-26,SKU-H-03,Household,25,0
2024-05-27,SKU-H-03,Household,28,0
2024-05-28,SKU-H-03,Household,54,0
2024-05-29,SKU-H-03,Household,28,0
2024-05-30,SKU-H-03,Household,36,0
2024-05-31,SKU-H-03,Household,30,0
2024-06-01,SKU-H-03,Household,9,0
2024-06-02,SKU-H-03,Household,27,0
2024-06-03,SKU-H-03,Household,30,0
2024-06-04,SKU-H-03,Household,26,0
2024-06-05,SKU-H-03,Household,36,0
2024-06-06,SKU-H-03,Household,12,0
2024-06-07,SKU-H-03,Household,29,0
2024-06-08,SKU-H-03,Household,8,0
2024-06-09,SKU-H-03,Household,11,0
2024-06-10,SKU-H-03,Household,29,0
2024-06-11,SKU-H-03,Household,29,0
2024-06-12,SKU-H-03,Household,19,0
2024-06-13,SKU-H-03,Household,38,0
2024-06-14,SKU-H-03,Household,32,0
2024-06-15,SKU-H-03,Household,21,0
2024-06-16,SKU-H-03,Household,16,0
2024-06-17,SKU-H-03,Household,32,0
2024-06-18,SKU-H-03,Household,19,0
2024-06-19,SKU-H-03,Household,22,0
2024-06-20,SKU-H-03,Household,30,0
2024-06-21,SKU-H-03,Household,20,0
2024-06-22,SKU-H-03,Household,10,0
2024-06-23,SKU-H-03,Household,14,0
2024-06-24,SKU-H-03,Household,30,0
2024-06-25,SKU-H-03,Household,31,0
2024-06-26,SKU-H-03,Household,33,0
2024-06-27,SKU-H-03,Household,45,0
2024-06-28,SKU-H-03,Household,73,1
2024-06-29,SKU-H-03,Household,14,0
2024-06-30,SKU-H-03,Household,14,0
2024-07-01,SKU-H-03,Household,52,0
2024-07-02,SKU-H-03,Household,28,0
2024-07-03,SKU-H-03,Household,29,0
2024-07-04,SKU-H-03,Household,28,1
2024-07-05,SKU-H-03,Household,11,0
2024-07-06,SKU-H-03,Household,24,0
2024-07-07,SKU-H-03,Household,9,0
2024-07-08,SKU-H-03,Household,23,0
2024-07-09,SKU-H-03,Household,28,0
2024-07-10,SKU-H-03,Household,29,0
2024-07-11,SKU-H-03,Household,63,0
2024-07-12,SKU-H-03,Household,23,0
2024-07-13,SKU-H-03,Household,10,0
2024-07-14,SKU-H-03,Household,7,0
2024-07-15,SKU-H-03,Household,33,0
2024-07-16,SKU-H-03,Household,18,0
2024-07-17,SKU-H-03,Household,34,0
2024-07-18,SKU-H-03,Household,34,0
2024-07-19,SKU-H-03,Household,36,0
2024-07-20,SKU-H-03,Household,25,0
2024-07-21,SKU-H-03,Household,29,0
2024-07-22,SKU-H-03,Household,22,0
2024-07-23,SKU-H-03,Household,19,0
2024-07-24,SKU-H-03,Household,34,0
2024-07-25,SKU-H-03,Household,19,0
2024-07-26,SKU-H-03,Household,29,0
2024-07-27,SKU-H-03,Household,24,0
2024-07-28,SKU-H-03,Household,8,0
2024-07-29,SKU-H-03,Household,39,0
2024-07-30,SKU-H-03,Household,38,0
2024-07-31,SKU-H-03,Household,24,0
2024-08-01,SKU-H-03,Household,41,0
2024-08-02,SKU-H-03,Household,15,0
2024-08-03,SKU-H-03,Household,38,0
2024-08-04,SKU-H-03,Household,23,0
2024-08-05,SKU-H-03,Household,17,0
2024-08-06,SKU-H-03,Household,45,0
2024-08-07,SKU-H-03,Household,36,0
2024-08-08,SKU-H-03,Household,18,0
2024-08-09,SKU-H-03,Household,19,0
2024-08-10,SKU-H-03,Household,19,0
2024-08-11,SKU-H-03,Household,11,0
2024-08-12,SKU-H-03,Household,40,0
2024-08-13,SKU-H-03,Household,22,0
2024-08-14,SKU-H-03,Household,37,0
2024-08-15,SKU-H-03,Household,20,0
2024-08-16,SKU-H-03,Household,36,0
2024-08-17,SKU-H-03,Household,34,0
2024-08-18,SKU-H-03,Household,10,0
2024-08-19,SKU-H-03,Household,41,0
2024-08-20,SKU-H-03,Household,14,0
2024-08-21,SKU-H-03,Household,27,0
2024-08-22,SKU-H-03,Household,120,1
2024-08-23,SKU-H-03,Household,16,0
2024-08-24,SKU-H-03,Household,11,0
2024-08-25,SKU-H-03,Household,17,0
2024-08-26,SKU-H-03,Household,9,0
2024-08-27,SKU-H-03,Household,41,0
2024-08-28,SKU-H-03,Household,32,0
2024-08-29,SKU-H-03,Household,38,0
2024-08-30,SKU-H-03,Household,24,0
2024-08-31,SKU-H-03,Household,8,0
2024-09-01,SKU-H-03,Household,26,0
2024-09-02,SKU-H-03,Household,25,0
2024-09-03,SKU-H-03,Household,32,0
2024-09-04,SKU-H-03,Household,16,0
2024-09-05,SKU-H-03,Household,19,0
2024-09-06,SKU-H-03,Household,8,0
2024-09-07,SKU-H-03,Household,12,0
2024-09-08,SKU-H-03,Household,14,0
2024-09-09,SKU-H-03,Household,32,0
2024-09-10,SKU-H-03,Household,18,0
2024-09-11,SKU-H-03,Household,48,0
2024-09-12,SKU-H-03,Household,26,0
2024-09-13,SKU-H-03,Household,34,0
2024-09-14,SKU-H-03,Household,10,0
2024-09-15,SKU-H-03,Household,8,0
2024-09-16,SKU-H-03,Household,25,0
2024-09-17,SKU-H-03,Household,25,0
2024-09-18,SKU-H-03,Household,43,0
2024-09-19,SKU-H-03,Household,31,0
2024-09-20,SKU-H-03,Household,17,0
2024-09-21,SKU-H-03,Household,20,0
2024-09-22,SKU-H-03,Household,9,0
2024-09-23,SKU-H-03,Household,14,0
2024-09-24,SKU-H-03,Household,28,0
2024-09-25,SKU-H-03,Household,47,0
2024-09-26,SKU-H-03,Household,11,0
2024-09-27,SKU-H-03,Household,10,0
2024-09-28,SKU-H-03,Household,13,0
2024-09-29,SKU-H-03,Household,19,0
2024-09-30,SKU-H-03,Household,21,0
2024-10-01,SKU-H-03,Household,30,0
2024-10-02,SKU-H-03,Household,18,0
2024-10-03,SKU-H-03,Household,31,0
2024-10-04,SKU-H-03,Household,43,0
2024-10-05,SKU-H-03,Household,12,0
2024-10-06,SKU-H-03,Household,22,0
2024-10-07,SKU-H-03,Household,30,0
2024-10-08,SKU-H-03,Household,18,0
2024-10-09,SKU-H-03,Household,21,0
2024-10-10,SKU-H-03,Household,26,0
2024-10-11,SKU-H-03,Household,9,0
2024-10-12,SKU-H-03,Household,18,0
2024-10-13,SKU-H-03,Household,26,0
2024-10-14,SKU-H-03,Household,12,0
2024-10-15,SKU-H-03,Household,33,0
2024-10-16,SKU-H-03,Household,33,0
2024-10-17,SKU-H-03,Household,21,0
2024-10-18,SKU-H-03,Household,18,0
2024-10-19,SKU-H-03,Household,23,0
2024-10-20,SKU-H-03,Household,21,0
2024-10-21,SKU-H-03,Household,28,0
2024-10-22,SKU-H-03,Household,34,0
2024-10-23,SKU-H-03,Household,35,0
2024-10-24,SKU-H-03,Household,34,0
2024-10-25,SKU-H-03,Household,61,0
2024-10-26,SKU-H-03,Household,21,1
2024-10-27,SKU-H-03,Household,14,0
2024-10-28,SKU-H-03,Household,28,0
2024-10-29,SKU-H-03,Household,34,0
2024-10-30,SKU-H-03,Household,29,0
2024-10-31,SKU-H-03,Household,85,1
2024-11-01,SKU-H-03,Household,25,0
2024-11-02,SKU-H-03,Household,16,0
2024-11-03,SKU-H-03,Household,13,0
2024-11-04,SKU-H-03,Household,20,0
2024-11-05,SKU-H-03,Household,19,0
2024-11-06,SKU-H-03,Household,25,0
2024-11-07,SKU-H-03,Household,33,0
2024-11-08,SKU-H-03,Household,43,0
2024-11-09,SKU-H-03,Household,21,0
2024-11-10,SKU-H-03,Household,22,0
2024-11-11,SKU-H-03,Household,39,0
2024-11-12,SKU-H-03,Household,23,0
2024-11-13,SKU-H-03,Household,19,0
2024-11-14,SKU-H-03,Household,37,0
2024-11-15,SKU-H-03,Household,39,0
2024-11-16,SKU-H-03,Household,25,0
2024-11-17,SKU-H-03,Household,22,0
2024-11-18,SKU-H-03,Household,32,0
2024-11-19,SKU-H-03,Household,45,0
2024-11-20,SKU-H-03,Household,23,0
2024-11-21,SKU-H-03,Household,26,0
2024-11-22,SKU-H-03,Household,33,1
2024-11-23,SKU-H-03,Household,34,0
2024-11-24,SKU-H-03,Household,12,0
2024-11-25,SKU-H-03,Household,24,0
2024-11-26,SKU-H-03,Household,29,0
2024-11-27,SKU-H-03,Household,25,0
2024-11-28,SKU-H-03,Household,43,0
2024-11-29,SKU-H-03,Household,11,0
2024-11-30,SKU-H-03,Household,17,0
2024-12-01,SKU-H-03,Household,8,0
2024-12-02,SKU-H-03,Household,28,0
2024-12-03,SKU-H-03,Household,38,1
2024-12-04,SKU-H-03,Household,19,0
2024-12-05,SKU-H-03,Household,44,0
2024-12-06,SKU-H-03,Household,20,0
2024-12-07,SKU-H-03,Household,37,0
2024-12-08,SKU-H-03,Household,11,0
2024-12-09,SKU-H-03,Household,26,0
2024-12-10,SKU-H-03,Household,44,0
2024-12-11,SKU-H-03,Household,20,0
2024-12-12,SKU-H-03,Household,8,0
2024-12-13,SKU-H-03,Household,27,0
2024-12-14,SKU-H-03,Household,11,0
2024-12-15,SKU-H-03,Household,13,0
2024-12-16,SKU-H-03,Household,42,0
2024-12-17,SKU-H-03,Household,32,0
2024-12-18,SKU-H-03,Household,63,0
2024-12-19,SKU-H-03,Household,39,1
2024-12-20,SKU-H-03,Household,28,0
2024-12-21,SKU-H-03,Household,8,0
2024-12-22,SKU-H-03,Household,26,0
2024-12-23,SKU-H-03,Household,23,0
2024-12-24,SKU-H-03,Household,22,0
2024-12-25,SKU-H-03,Household,18,0
2024-12-26,SKU-H-03,Household,24,0
2024-12-27,SKU-H-03,Household,38,0
2024-12-28,SKU-H-03,Household,16,0
2024-12-29,SKU-H-03,Household,4,0
2024-12-30,SKU-H-03,Household,38,0
2024-12-31,SKU-H-03,Household,15,0
2025-01-01,SKU-H-03,Household,31,0
2025-01-02,SKU-H-03,Household,40,0
2025-01-03,SKU-H-03,Household,26,0
2025-01-04,SKU-H-03,Household,23,0
2025-01-05,SKU-H-03,Household,18,0
2025-01-06,SKU-H-03,Household,36,0
2025-01-07,SKU-H-03,Household,35,0
2025-01-08,SKU-H-03,Household,21,0
2025-01-09,SKU-H-03,Household,16,0
2025-01-10,SKU-H-03,Household,39,0
2025-01-11,SKU-H-03,Household,13,0
2025-01-12,SKU-H-03,Household,16,0
2025-01-13,SKU-H-03,Household,34,0
2025-01-14,SKU-H-03,Household,17,0
2025-01-15,SKU-H-03,Household,31,0
2025-01-16,SKU-H-03,Household,19,0
2025-01-17,SKU-H-03,Household,26,0
2025-01-18,SKU-H-03,Household,11,0
2025-01-19,SKU-H-03,Household,25,0
2025-01-20,SKU-H-03,Household,24,0
2025-01-21,SKU-H-03,Household,59,1
2025-01-22,SKU-H-03,Household,16,0
2025-01-23,SKU-H-03,Household,20,0
2025-01-24,SKU-H-03,Household,14,0
2025-01-25,SKU-H-03,Household,17,0
2025-01-26,SKU-H-03,Household,18,0
2025-01-27,SKU-H-03,Household,36,0
2025-01-28,SKU-H-03,Household,19,0
2025-01-29,SKU-H-03,Household,16,0
2025-01-30,SKU-H-03,Household,28,0
2025-01-31,SKU-H-03,Household,9,0
2025-02-01,SKU-H-03,Household,15,0
2025-02-02,SKU-H-03,Household,19,0
2025-02-03,SKU-H-03,Household,29,0
2025-02-04,SKU-H-03,Household,39,0
2025-02-05,SKU-H-03,Household,36,0
2025-02-06,SKU-H-03,Household,27,0
2025-02-07,SKU-H-03,Household,49,0
2025-02-08,SKU-H-03,Household,13,0
2025-02-09,SKU-H-03,Household,17,0
2025-02-10,SKU-H-03,Household,34,0
2025-02-11,SKU-H-03,Household,8,0
2025-02-12,SKU-H-03,Household,57,0
2025-02-13,SKU-H-03,Household,15,0
2025-02-14,SKU-H-03,Household,14,0
2025-02-15,SKU-H-03,Household,9,0
2025-02-16,SKU-H-03,Household,8,0
2025-02-17,SKU-H-03,Household,17,0
2025-02-18,SKU-H-03,Household,36,0
2025-02-19,SKU-H-03,Household,57,0
2025-02-20,SKU-H-03,Household,39,1
2025-02-21,SKU-H-03,Household,22,1
2025-02-22,SKU-H-03,Household,8,0
2025-02-23,SKU-H-03,Household,22,0
2025-02-24,SKU-H-03,Household,14,0
2025-02-25,SKU-H-03,Household,67,0
2025-02-26,SKU-H-03,Household,37,0
2025-02-27,SKU-H-03,Household,32,0
2025-02-28,SKU-H-03,Household,45,0
2025-03-01,SKU-H-03,Household,10,0
2025-03-02,SKU-H-03,Household,20,0
2025-03-03,SKU-H-03,Household,11,0
2025-03-04,SKU-H-03,Household,45,0
2025-03-05,SKU-H-03,Household,38,1
2025-03-06,SKU-H-03,Household,20,0
2025-03-07,SKU-H-03,Household,21,0
2025-03-08,SKU-H-03,Household,32,0
2025-03-09,SKU-H-03,Household,17,0
2025-03-10,SKU-H-03,Household,18,0
2025-03-11,SKU-H-03,Household,14,0
2025-03-12,SKU-H-03,Household,31,0
2025-03-13,SKU-H-03,Household,40,0
2025-03-14,SKU-H-03,Household,18,0
2025-03-15,SKU-H-03,Household,12,0
2025-03-16,SKU-H-03,Household,6,0
2025-03-17,SKU-H-03,Household,25,0
2025-03-18,SKU-H-03,Household,27,0
2025-03-19,SKU-H-03,Household,21,0
2025-03-20,SKU-H-03,Household,26,0
2025-03-21,SKU-H-03,Household,10,0
2025-03-22,SKU-H-03,Household,12,0
2025-03-23,SKU-H-03,Household,9,0
2025-03-24,SKU-H-03,Household,55,0
2025-03-25,SKU-H-03,Household,27,0
2025-03-26,SKU-H-03,Household,94,1
2025-03-27,SKU-H-03,Household,22,0
2025-03-28,SKU-H-03,Household,16,0
2025-03-29,SKU-H-03,Household,8,0
2025-03-30,SKU-H-03,Household,23,0
2025-03-31,SKU-H-03,Household,30,0
2025-04-01,SKU-H-03,Household,23,0
2025-04-02,SKU-H-03,Household,18,0
2025-04-03,SKU-H-03,Household,31,0
2025-04-04,SKU-H-03,Household,35,0
2025-04-05,SKU-H-03,Household,14,0
2025-04-06,SKU-H-03,Household,11,0
2025-04-07,SKU-H-03,Household,33,0
2025-04-08,SKU-H-03,Household,21,0
2025-04-09,SKU-H-03,Household,15,0
2025-04-10,SKU-H-03,Household,43,0
2025-04-11,SKU-H-03,Household,11,0
2025-04-12,SKU-H-03,Household,22,0
2025-04-13,SKU-H-03,Household,16,0
2025-04-14,SKU-H-03,Household,20,0
2025-04-15,SKU-H-03,Household,23,0
2025-04-16,SKU-H-03,Household,20,0
2025-04-17,SKU-H-03,Household,34,0
2025-04-18,SKU-H-03,Household,11,0
2025-04-19,SKU-H-03,Household,22,0
2025-04-20,SKU-H-03,Household,12,0
2025-04-21,SKU-H-03,Household,19,0
2025-04-22,SKU-H-03,Household,63,1
2025-04-23,SKU-H-03,Household,28,0
2025-04-24,SKU-H-03,Household,31,0
2025-04-25,SKU-H-03,Household,33,0
2025-04-26,SKU-H-03,Household,25,0
2025-04-27,SKU-H-03,Household,27,1
2025-04-28,SKU-H-03,Household,17,0
2025-04-29,SKU-H-03,Household,23,0
2025-04-30,SKU-H-03,Household,35,0
2025-05-01,SKU-H-03,Household,40,0
2025-05-02,SKU-H-03,Household,24,0
2025-05-03,SKU-H-03,Household,13,0
2025-05-04,SKU-H-03,Household,102,1
2025-05-05,SKU-H-03,Household,33,0
2025-05-06,SKU-H-03,Household,29,0
2025-05-07,SKU-H-03,Household,10,0
2025-05-08,SKU-H-03,Household,26,0
2025-05-09,SKU-H-03,Household,18,0
2025-05-10,SKU-H-03,Household,10,0
2025-05-11,SKU-H-03,Household,19,0
2025-05-12,SKU-H-03,Household,30,0
2025-05-13,SKU-H-03,Household,37,0
2025-05-14,SKU-H-03,Household,32,0
2025-05-15,SKU-H-03,Household,38,0
2025-05-16,SKU-H-03,Household,15,0
2025-05-17,SKU-H-03,Household,28,0
2025-05-18,SKU-H-03,Household,18,0
2025-05-19,SKU-H-03,Household,11,0
2025-05-20,SKU-H-03,Household,41,0
2025-05-21,SKU-H-03,Household,25,0
2025-05-22,SKU-H-03,Household,9,0
2025-05-23,SKU-H-03,Household,26,0
2025-05-24,SKU-H-03,Household,45,1
2025-05-25,SKU-H-03,Household,26,0
2025-05-26,SKU-H-03,Household,15,0
2025-05-27,SKU-H-03,Household,37,0
2025-05-28,SKU-H-03,Household,13,0
2025-05-29,SKU-H-03,Household,41,0
2025-05-30,SKU-H-03,Household,24,0
2025-05-31,SKU-H-03,Household,57,1
2025-06-01,SKU-H-03,Household,3,0
2025-06-02,SKU-H-03,Household,41,0
2025-06-03,SKU-H-03,Household,54,0
2025-06-04,SKU-H-03,Household,11,0
2025-06-05,SKU-H-03,Household,17,0
2025-06-06,SKU-H-03,Household,20,0
2025-06-07,SKU-H-03,Household,20,0
2025-06-08,SKU-H-03,Household,17,0
2025-06-09,SKU-H-03,Household,25,0
2025-06-10,SKU-H-03,Household,13,0
2025-06-11,SKU-H-03,Household,34,0
2025-06-12,SKU-H-03,Household,55,0
2025-06-13,SKU-H-03,Household,20,0
2025-06-14,SKU-H-03,Household,15,0
2025-06-15,SKU-H-03,Household,18,0
2025-06-16,SKU-H-03,Household,11,0
2025-06-17,SKU-H-03,Household,27,0
2025-06-18,SKU-H-03,Household,39,1
2025-06-19,SKU-H-03,Household,23,0
2025-06-20,SKU-H-03,Household,31,0
2025-06-21,SKU-H-03,Household,17,0
2025-06-22,SKU-H-03,Household,13,0
2025-06-23,SKU-H-03,Household,58,1
2025-06-24,SKU-H-03,Household,29,0
2025-06-25,SKU-H-03,Household,32,0
2025-06-26,SKU-H-03,Household,25,0
2025-06-27,SKU-H-03,Household,27,0
2025-06-28,SKU-H-03,Household,12,0
2025-06-29,SKU-H-03,Household,7,0
2025-06-30,SKU-H-03,Household,80,1
2025-07-01,SKU-H-03,Household,70,0
2023-01-01,SKU-H-04,Household,34,0
2023-01-02,SKU-H-04,Household,52,0
2023-01-03,SKU-H-04,Household,52,0
2023-01-04,SKU-H-04,Household,92,0
2023-01-05,SKU-H-04,Household,58,0
2023-01-06,SKU-H-04,Household,72,0
2023-01-07,SKU-H-04,Household,33,0
2023-01-08,SKU-H-04,Household,29,0
2023-01-09,SKU-H-04,Household,51,0
2023-01-10,SKU-H-04,Household,114,0
2023-01-11,SKU-H-04,Household,85,0
2023-01-12,SKU-H-04,Household,84,0
2023-01-13,SKU-H-04,Household,43,0
2023-01-14,SKU-H-04,Household,24,0
2023-01-15,SKU-H-04,Household,45,0
2023-01-16,SKU-H-04,Household,56,0
2023-01-17,SKU-H-04,Household,74,0
2023-01-18,SKU-H-04,Household,56,0
2023-01-19,SKU-H-04,Household,62,0
2023-01-20,SKU-H-04,Household,60,0
2023-01-21,SKU-H-04,Household,23,0
2023-01-22,SKU-H-04,Household,60,0
2023-01-23,SKU-H-04,Household,143,1
2023-01-24,SKU-H-04,Household,88,0
2023-01-25,SKU-H-04,Household,111,0
2023-01-26,SKU-H-04,Household,54,0
2023-01-27,SKU-H-04,Household,49,0
2023-01-28,SKU-H-04,Household,45,0
2023-01-29,SKU-H-04,Household,24,0
2023-01-30,SKU-H-04,Household,58,0
2023-01-31,SKU-H-04,Household,40,0
2023-02-01,SKU-H-04,Household,69,0
2023-02-02,SKU-H-04,Household,108,0
2023-02-03,SKU-H-04,Household,59,0
2023-02-04,SKU-H-04,Household,29,0
2023-02-05,SKU-H-04,Household,56,0
2023-02-06,SKU-H-04,Household,61,0
2023-02-07,SKU-H-04,Household,56,0
2023-02-08,SKU-H-04,Household,80,0
2023-02-09,SKU-H-04,Household,52,0
2023-02-10,SKU-H-04,Household,51,0
2023-02-11,SKU-H-04,Household,37,0
2023-02-12,SKU-H-04,Household,31,0
2023-02-13,SKU-H-04,Household,42,0
2023-02-14,SKU-H-04,Household,55,0
2023-02-15,SKU-H-04,Household,51,0
2023-02-16,SKU-H-04,Household,66,0
2023-02-17,SKU-H-04,Household,76,0
2023-02-18,SKU-H-04,Household,37,0
2023-02-19,SKU-H-04,Household,25,0
2023-02-20,SKU-H-04,Household,53,0
2023-02-21,SKU-H-04,Household,26,0
2023-02-22,SKU-H-04,Household,77,0
2023-02-23,SKU-H-04,Household,101,0
2023-02-24,SKU-H-04,Household,40,0
2023-02-25,SKU-H-04,Household,30,0
2023-02-26,SKU-H-04,Household,25,0
2023-02-27,SKU-H-04,Household,55,0
2023-02-28,SKU-H-04,Household,82,0
2023-03-01,SKU-H-04,Household,73,0
2023-03-02,SKU-H-04,Household,45,0
2023-03-03,SKU-H-04,Household,43,0
2023-03-04,SKU-H-04,Household,14,0
2023-03-05,SKU-H-04,Household,47,0
2023-03-06,SKU-H-04,Household,91,0
2023-03-07,SKU-H-04,Household,62,0
2023-03-08,SKU-H-04,Household,61,0
2023-03-09,SKU-H-04,Household,52,0
2023-03-10,SKU-H-04,Household,72,0
2023-03-11,SKU-H-04,Household,20,0
2023-03-12,SKU-H-04,Household,56,0
2023-03-13,SKU-H-04,Household,40,0
2023-03-14,SKU-H-04,Household,39,0
2023-03-15,SKU-H-04,Household,69,0
2023-03-16,SKU-H-04,Household,80,0
2023-03-17,SKU-H-04,Household,163,1
2023-03-18,SKU-H-04,Household,38,0
2023-03-19,SKU-H-04,Household,46,0
2023-03-20,SKU-H-04,Household,97,0
2023-03-21,SKU-H-04,Household,59,0
2023-03-22,SKU-H-04,Household,27,0
2023-03-23,SKU-H-04,Household,49,0
2023-03-24,SKU-H-04,Household,61,0
2023-03-25,SKU-H-04,Household,42,0
2023-03-26,SKU-H-04,Household,24,0
2023-03-27,SKU-H-04,Household,107,0
2023-03-28,SKU-H-04,Household,48,0
2023-03-29,SKU-H-04,Household,70,0
2023-03-30,SKU-H-04,Household,64,0
2023-03-31,SKU-H-04,Household,82,0
2023-04-01,SKU-H-04,Household,38,0
2023-04-02,SKU-H-04,Household,23,0
2023-04-03,SKU-H-04,Household,81,0
2023-04-04,SKU-H-04,Household,52,0
2023-04-05,SKU-H-04,Household,55,0
2023-04-06,SKU-H-04,Household,46,0
2023-04-07,SKU-H-04,Household,28,0
2023-04-08,SKU-H-04,Household,23,0
2023-04-09,SKU-H-04,Household,15,0
2023-04-10,SKU-H-04,Household,74,0
2023-04-11,SKU-H-04,Household,119,0
2023-04-12,SKU-H-04,Household,75,1
2023-04-13,SKU-H-04,Household,82,1
2023-04-14,SKU-H-04,Household,60,0
2023-04-15,SKU-H-04,Household,27,0
2023-04-16,SKU-H-04,Household,18,0
2023-04-17,SKU-H-04,Household,43,0
2023-04-18,SKU-H-04,Household,47,0
2023-04-19,SKU-H-04,Household,48,0
2023-04-20,SKU-H-04,Household,81,0
2023-04-21,SKU-H-04,Household,54,0
2023-04-22,SKU-H-04,Household,43,0
2023-04-23,SKU-H-04,Household,38,0
2023-04-24,SKU-H-04,Household,42,0
2023-04-25,SKU-H-04,Household,40,0
2023-04-26,SKU-H-04,Household,41,0
2023-04-27,SKU-H-04,Household,71,0
2023-04-28,SKU-H-04,Household,71,0
2023-04-29,SKU-H-04,Household,58,0
2023-04-30,SKU-H-04,Household,32,0
2023-05-01,SKU-H-04,Household,75,0
2023-05-02,SKU-H-04,Household,40,0
2023-05-03,SKU-H-04,Household,69,1
2023-05-04,SKU-H-04,Household,50,0
2023-05-05,SKU-H-04,Household,45,0
2023-05-06,SKU-H-04,Household,45,0
2023-05-07,SKU-H-04,Household,41,0
2023-05-08,SKU-H-04,Household,100,0
2023-05-09,SKU-H-04,Household,46,0
2023-05-10,SKU-H-04,Household,52,0
2023-05-11,SKU-H-04,Household,36,0
2023-05-12,SKU-H-04,Household,52,0
2023-05-13,SKU-H-04,Household,40,0
2023-05-14,SKU-H-04,Household,28,0
2023-05-15,SKU-H-04,Household,75,0
2023-05-16,SKU-H-04,Household,47,0
2023-05-17,SKU-H-04,Household,63,0
2023-05-18,SKU-H-04,Household,174,1
2023-05-19,SKU-H-04,Household,83,0
2023-05-20,SKU-H-04,Household,74,0
2023-05-21,SKU-H-04,Household,55,0
2023-05-22,SKU-H-04,Household,100,0
2023-05-23,SKU-H-04,Household,58,0
2023-05-24,SKU-H-04,Household,70,0
2023-05-25,SKU-H-04,Household,82,0
2023-05-26,SKU-H-04,Household,114,1
2023-05-27,SKU-H-04,Household,54,0
2023-05-28,SKU-H-04,Household,52,0
2023-05-29,SKU-H-04,Household,59,0
2023-05-30,SKU-H-04,Household,124,0
2023-05-31,SKU-H-04,Household,17,0
2023-06-01,SKU-H-04,Household,38,0
2023-06-02,SKU-H-04,Household,53,0
2023-06-03,SKU-H-04,Household,53,0
2023-06-04,SKU-H-04,Household,49,0
2023-06-05,SKU-H-04,Household,50,0
2023-06-06,SKU-H-04,Household,47,0
2023-06-07,SKU-H-04,Household,84,0
2023-06-08,SKU-H-04,Household,57,0
2023-06-09,SKU-H-04,Household,126,0
2023-06-10,SKU-H-04,Household,35,0
2023-06-11,SKU-H-04,Household,28,0
2023-06-12,SKU-H-04,Household,95,0
2023-06-13,SKU-H-04,Household,63,0
2023-06-14,SKU-H-04,Household,47,0
2023-06-15,SKU-H-04,Household,63,0
2023-06-16,SKU-H-04,Household,109,1
2023-06-17,SKU-H-04,Household,27,0
2023-06-18,SKU-H-04,Household,27,0
2023-06-19,SKU-H-04,Household,51,0
2023-06-20,SKU-H-04,Household,63,0
2023-06-21,SKU-H-04,Household,74,0
2023-06-22,SKU-H-04,Household,111,0
2023-06-23,SKU-H-04,Household,88,0
2023-06-24,SKU-H-04,Household,28,0
2023-06-25,SKU-H-04,Household,36,0
2023-06-26,SKU-H-04,Household,60,0
2023-06-27,SKU-H-04,Household,26,0
2023-06-28,SKU-H-04,Household,124,0
2023-06-29,SKU-H-04,Household,67,0
2023-06-30,SKU-H-04,Household,57,0
2023-07-01,SKU-H-04,Household,38,0
2023-07-02,SKU-H-04,Household,55,0
2023-07-03,SKU-H-04,Household,57,0
2023-07-04,SKU-H-04,Household,79,0
2023-07-05,SKU-H-04,Household,65,0
2023-07-06,SKU-H-04,Household,65,0
2023-07-07,SKU-H-04,Household,48,0
2023-07-08,SKU-H-04,Household,127,1
2023-07-09,SKU-H-04,Household,51,0
2023-07-10,SKU-H-04,Household,69,0
2023-07-11,SKU-H-04,Household,45,0
2023-07-12,SKU-H-04,Household,66,0
2023-07-13,SKU-H-04,Household,40,0
2023-07-14,SKU-H-04,Household,68,0
2023-07-15,SKU-H-04,Household,47,0
2023-07-16,SKU-H-04,Household,81,1
2023-07-17,SKU-H-04,Household,81,0
2023-07-18,SKU-H-04,Household,66,0
2023-07-19,SKU-H-04,Household,37,0
2023-07-20,SKU-H-04,Household,60,0
2023-07-21,SKU-H-04,Household,57,0
2023-07-22,SKU-H-04,Household,95,1
2023-07-23,SKU-H-04,Household,32,0
2023-07-24,SKU-H-04,Household,53,0
2023-07-25,SKU-H-04,Household,82,0
2023-07-26,SKU-H-04,Household,46,0
2023-07-27,SKU-H-04,Household,53,0
2023-07-28,SKU-H-04,Household,71,0
2023-07-29,SKU-H-04,Household,37,0
2023-07-30,SKU-H-04,Household,32,0
2023-07-31,SKU-H-04,Household,51,0
2023-08-01,SKU-H-04,Household,52,0
2023-08-02,SKU-H-04,Household,79,0
2023-08-03,SKU-H-04,Household,82,0
2023-08-04,SKU-H-04,Household,28,0
2023-08-05,SKU-H-04,Household,33,0
2023-08-06,SKU-H-04,Household,39,0
2023-08-07,SKU-H-04,Household,88,0
2023-08-08,SKU-H-04,Household,129,0
2023-08-09,SKU-H-04,Household,83,0
2023-08-10,SKU-H-04,Household,128,0
2023-08-11,SKU-H-04,Household,69,0
2023-08-12,SKU-H-04,Household,26,0
2023-08-13,SKU-H-04,Household,40,0
2023-08-14,SKU-H-04,Household,67,0
2023-08-15,SKU-H-04,Household,49,0
2023-08-16,SKU-H-04,Household,43,0
2023-08-17,SKU-H-04,Household,83,0
2023-08-18,SKU-H-04,Household,38,0
2023-08-19,SKU-H-04,Household,44,0
2023-08-20,SKU-H-04,Household,75,0
2023-08-21,SKU-H-04,Household,42,0
2023-08-22,SKU-H-04,Household,219,1
2023-08-23,SKU-H-04,Household,101,0
2023-08-24,SKU-H-04,Household,52,0
2023-08-25,SKU-H-04,Household,40,0
2023-08-26,SKU-H-04,Household,28,0
2023-08-27,SKU-H-04,Household,64,0
2023-08-28,SKU-H-04,Household,50,0
2023-08-29,SKU-H-04,Household,58,0
2023-08-30,SKU-H-04,Household,64,0
2023-08-31,SKU-H-04,Household,73,0
2023-09-01,SKU-H-04,Household,46,0
2023-09-02,SKU-H-04,Household,26,0
2023-09-03,SKU-H-04,Household,45,0
2023-09-04,SKU-H-04,Household,63,0
2023-09-05,SKU-H-04,Household,109,0
2023-09-06,SKU-H-04,Household,106,0
2023-09-07,SKU-H-04,Household,42,0
2023-09-08,SKU-H-04,Household,48,0
2023-09-09,SKU-H-04,Household,32,0
2023-09-10,SKU-H-04,Household,42,0
2023-09-11,SKU-H-04,Household,103,0
2023-09-12,SKU-H-04,Household,84,0
2023-09-13,SKU-H-04,Household,75,0
2023-09-14,SKU-H-04,Household,49,0
2023-09-15,SKU-H-04,Household,31,0
2023-09-16,SKU-H-04,Household,104,1
2023-09-17,SKU-H-04,Household,32,0
2023-09-18,SKU-H-04,Household,70,0
2023-09-19,SKU-H-04,Household,70,0
2023-09-20,SKU-H-04,Household,61,0
2023-09-21,SKU-H-04,Household,86,0
2023-09-22,SKU-H-04,Household,93,0
2023-09-23,SKU-H-04,Household,43,0
2023-09-24,SKU-H-04,Household,65,0
2023-09-25,SKU-H-04,Household,76,0
2023-09-26,SKU-H-04,Household,52,0
2023-09-27,SKU-H-04,Household,43,0
2023-09-28,SKU-H-04,Household,79,0
2023-09-29,SKU-H-04,Household,40,0
2023-09-30,SKU-H-04,Household,35,0
2023-10-01,SKU-H-04,Household,30,0
2023-10-02,SKU-H-04,Household,123,0
2023-10-03,SKU-H-04,Household,53,0
2023-10-04,SKU-H-04,Household,69,0
2023-10-05,SKU-H-04,Household,158,0
2023-10-06,SKU-H-04,Household,26,0
2023-10-07,SKU-H-04,Household,52,0
2023-10-08,SKU-H-04,Household,37,0
2023-10-09,SKU-H-04,Household,30,0
2023-10-10,SKU-H-04,Household,49,0
2023-10-11,SKU-H-04,Household,85,0
2023-10-12,SKU-H-04,Household,66,0
2023-10-13,SKU-H-04,Household,79,0
2023-10-14,SKU-H-04,Household,45,0
2023-10-15,SKU-H-04,Household,25,0
2023-10-16,SKU-H-04,Household,51,0
2023-10-17,SKU-H-04,Household,90,0
2023-10-18,SKU-H-04,Household,47,0
2023-10-19,SKU-H-04,Household,83,0
2023-10-20,SKU-H-04,Household,59,0
2023-10-21,SKU-H-04,Household,22,0
2023-10-22,SKU-H-04,Household,54,0
2023-10-23,SKU-H-04,Household,55,0
2023-10-24,SKU-H-04,Household,46,0
2023-10-25,SKU-H-04,Household,116,0
2023-10-26,SKU-H-04,Household,46,0
2023-10-27,SKU-H-04,Household,78,0
2023-10-28,SKU-H-04,Household,30,0
2023-10-29,SKU-H-04,Household,44,0
2023-10-30,SKU-H-04,Household,62,0
2023-10-31,SKU-H-04,Household,64,0
2023-11-01,SKU-H-04,Household,85,0
2023-11-02,SKU-H-04,Household,56,0
2023-11-03,SKU-H-04,Household,59,0
2023-11-04,SKU-H-04,Household,59,0
2023-11-05,SKU-H-04,Household,43,0
2023-11-06,SKU-H-04,Household,97,0
2023-11-07,SKU-H-04,Household,110,0
2023-11-08,SKU-H-04,Household,130,0
2023-11-09,SKU-H-04,Household,71,0
2023-11-10,SKU-H-04,Household,58,0
2023-11-11,SKU-H-04,Household,29,0
2023-11-12,SKU-H-04,Household,53,0
2023-11-13,SKU-H-04,Household,36,0
2023-11-14,SKU-H-04,Household,90,0
2023-11-15,SKU-H-04,Household,56,0
2023-11-16,SKU-H-04,Household,87,0
2023-11-17,SKU-H-04,Household,69,0
2023-11-18,SKU-H-04,Household,45,0
2023-11-19,SKU-H-04,Household,26,0
2023-11-20,SKU-H-04,Household,27,0
2023-11-21,SKU-H-04,Household,82,0
2023-11-22,SKU-H-04,Household,90,0
2023-11-23,SKU-H-04,Household,116,0
2023-11-24,SKU-H-04,Household,32,0
2023-11-25,SKU-H-04,Household,53,0
2023-11-26,SKU-H-04,Household,27,0
2023-11-27,SKU-H-04,Household,83,0
2023-11-28,SKU-H-04,Household,86,0
2023-11-29,SKU-H-04,Household,63,0
2023-11-30,SKU-H-04,Household,42,0
2023-12-01,SKU-H-04,Household,47,0
2023-12-02,SKU-H-04,Household,31,0
2023-12-03,SKU-H-04,Household,28,0
2023-12-04,SKU-H-04,Household,29,0
2023-12-05,SKU-H-04,Household,32,0
2023-12-06,SKU-H-04,Household,48,0
2023-12-07,SKU-H-04,Household,28,0
2023-12-08,SKU-H-04,Household,165,0
2023-12-09,SKU-H-04,Household,43,0
2023-12-10,SKU-H-04,Household,49,0
2023-12-11,SKU-H-04,Household,283,1
2023-12-12,SKU-H-04,Household,97,1
2023-12-13,SKU-H-04,Household,72,0
2023-12-14,SKU-H-04,Household,98,0
2023-12-15,SKU-H-04,Household,55,0
2023-12-16,SKU-H-04,Household,14,0
2023-12-17,SKU-H-04,Household,37,0
2023-12-18,SKU-H-04,Household,51,0
2023-12-19,SKU-H-04,Household,62,0
2023-12-20,SKU-H-04,Household,74,0
2023-12-21,SKU-H-04,Household,49,0
2023-12-22,SKU-H-04,Household,45,0
2023-12-23,SKU-H-04,Household,33,0
2023-12-24,SKU-H-04,Household,27,0
2023-12-25,SKU-H-04,Household,65,0
2023-12-26,SKU-H-04,Household,66,0
2023-12-27,SKU-H-04,Household,37,0
2023-12-28,SKU-H-04,Household,42,0
2023-12-29,SKU-H-04,Household,34,0
2023-12-30,SKU-H-04,Household,31,0
2023-12-31,SKU-H-04,Household,21,0
2024-01-01,SKU-H-04,Household,86,0
2024-01-02,SKU-H-04,Household,68,0
2024-01-03,SKU-H-04,Household,66,0
2024-01-04,SKU-H-04,Household,128,1
2024-01-05,SKU-H-04,Household,90,0
2024-01-06,SKU-H-04,Household,59,0
2024-01-07,SKU-H-04,Household,29,0
2024-01-08,SKU-H-04,Household,58,0
2024-01-09,SKU-H-04,Household,54,0
2024-01-10,SKU-H-04,Household,66,0
2024-01-11,SKU-H-04,Household,126,0
2024-01-12,SKU-H-04,Household,68,0
2024-01-13,SKU-H-04,Household,26,0
2024-01-14,SKU-H-04,Household,35,0
2024-01-15,SKU-H-04,Household,62,0
2024-01-16,SKU-H-04,Household,35,0
2024-01-17,SKU-H-04,Household,55,0
2024-01-18,SKU-H-04,Household,122,0
2024-01-19,SKU-H-04,Household,37,0
2024-01-20,SKU-H-04,Household,41,0
2024-01-21,SKU-H-04,Household,49,0
2024-01-22,SKU-H-04,Household,54,0
2024-01-23,SKU-H-04,Household,70,0
2024-01-24,SKU-H-04,Household,57,0
2024-01-25,SKU-H-04,Household,53,0
2024-01-26,SKU-H-04,Household,82,0
2024-01-27,SKU-H-04,Household,50,0
2024-01-28,SKU-H-04,Household,47,0
2024-01-29,SKU-H-04,Household,61,0
2024-01-30,SKU-H-04,Household,115,0
2024-01-31,SKU-H-04,Household,61,0
2024-02-01,SKU-H-04,Household,65,0
2024-02-02,SKU-H-04,Household,51,0
2024-02-03,SKU-H-04,Household,62,0
2024-02-04,SKU-H-04,Household,39,0
2024-02-05,SKU-H-04,Household,79,0
2024-02-06,SKU-H-04,Household,86,0
2024-02-07,SKU-H-04,Household,82,0
2024-02-08,SKU-H-04,Household,119,0
2024-02-09,SKU-H-04,Household,47,0
2024-02-10,SKU-H-04,Household,24,0
2024-02-11,SKU-H-04,Household,61,0
2024-02-12,SKU-H-04,Household,69,0
2024-02-13,SKU-H-04,Household,48,0
2024-02-14,SKU-H-04,Household,114,0
2024-02-15,SKU-H-04,Household,39,0
2024-02-16,SKU-H-04,Household,51,0
2024-02-17,SKU-H-04,Household,42,0
2024-02-18,SKU-H-04,Household,28,0
2024-02-19,SKU-H-04,Household,61,0
2024-02-20,SKU-H-04,Household,68,0
2024-02-21,SKU-H-04,Household,77,0
2024-02-22,SKU-H-04,Household,98,0
2024-02-23,SKU-H-04,Household,74,0
2024-02-24,SKU-H-04,Household,35,0
2024-02-25,SKU-H-04,Household,60,0
2024-02-26,SKU-H-04,Household,61,0
2024-02-27,SKU-H-04,Household,42,0
2024-02-28,SKU-H-04,Household,65,0
2024-02-29,SKU-H-04,Household,42,0
2024-03-01,SKU-H-04,Household,69,0
2024-03-02,SKU-H-04,Household,26,0
2024-03-03,SKU-H-04,Household,30,0
2024-03-04,SKU-H-04,Household,89,0
2024-03-05,SKU-H-04,Household,89,0
2024-03-06,SKU-H-04,Household,62,0
2024-03-07,SKU-H-04,Household,59,0
2024-03-08,SKU-H-04,Household,160,1
2024-03-09,SKU-H-04,Household,48,0
2024-03-10,SKU-H-04,Household,37,0
2024-03-11,SKU-H-04,Household,74,0
2024-03-12,SKU-H-04,Household,88,0
2024-03-13,SKU-H-04,Household,91,0
2024-03-14,SKU-H-04,Household,156,0
2024-03-15,SKU-H-04,Household,37,0
2024-03-16,SKU-H-04,Household,77,0
2024-03-17,SKU-H-04,Household,51,0
2024-03-18,SKU-H-04,Household,59,0
2024-03-19,SKU-H-04,Household,52,0
2024-03-20,SKU-H-04,Household,129,0
2024-03-21,SKU-H-04,Household,66,0
2024-03-22,SKU-H-04,Household,42,0
2024-03-23,SKU-H-04,Household,67,0
2024-03-24,SKU-H-04,Household,26,0
2024-03-25,SKU-H-04,Household,47,0
2024-03-26,SKU-H-04,Household,48,0
2024-03-27,SKU-H-04,Household,83,0
2024-03-28,SKU-H-04,Household,64,0
2024-03-29,SKU-H-04,Household,46,0
2024-03-30,SKU-H-04,Household,36,0
2024-03-31,SKU-H-04,Household,25,0
2024-04-01,SKU-H-04,Household,46,0
2024-04-02,SKU-H-04,Household,80,0
2024-04-03,SKU-H-04,Household,74,0
2024-04-04,SKU-H-04,Household,64,1
2024-04-05,SKU-H-04,Household,41,0
2024-04-06,SKU-H-04,Household,39,0
2024-04-07,SKU-H-04,Household,22,0
2024-04-08,SKU-H-04,Household,40,0
2024-04-09,SKU-H-04,Household,44,0
2024-04-10,SKU-H-04,Household,46,0
2024-04-11,SKU-H-04,Household,69,0
2024-04-12,SKU-H-04,Household,95,0
2024-04-13,SKU-H-04,Household,56,0
2024-04-14,SKU-H-04,Household,56,0
2024-04-15,SKU-H-04,Household,51,0
2024-04-16,SKU-H-04,Household,74,0
2024-04-17,SKU-H-04,Household,99,0
2024-04-18,SKU-H-04,Household,92,0
2024-04-19,SKU-H-04,Household,65,0
2024-04-20,SKU-H-04,Household,51,0
2024-04-21,SKU-H-04,Household,39,0
2024-04-22,SKU-H-04,Household,87,0
2024-04-23,SKU-H-04,Household,52,0
2024-04-24,SKU-H-04,Household,53,0
2024-04-25,SKU-H-04,Household,61,0
2024-04-26,SKU-H-04,Household,58,0
2024-04-27,SKU-H-04,Household,52,0
2024-04-28,SKU-H-04,Household,22,0
2024-04-29,SKU-H-04,Household,60,0
2024-04-30,SKU-H-04,Household,72,0
2024-05-01,SKU-H-04,Household,75,0
2024-05-02,SKU-H-04,Household,60,0
2024-05-03,SKU-H-04,Household,58,0
2024-05-04,SKU-H-04,Household,44,0
2024-05-05,SKU-H-04,Household,18,0
2024-05-06,SKU-H-04,Household,45,0
2024-05-07,SKU-H-04,Household,42,0
2024-05-08,SKU-H-04,Household,81,0
2024-05-09,SKU-H-04,Household,78,0
2024-05-10,SKU-H-04,Household,50,0
2024-05-11,SKU-H-04,Household,112,1
2024-05-12,SKU-H-04,Household,37,0
2024-05-13,SKU-H-04,Household,114,0
2024-05-14,SKU-H-04,Household,36,0
2024-05-15,SKU-H-04,Household,58,0
2024-05-16,SKU-H-04,Household,137,0
2024-05-17,SKU-H-04,Household,67,0
2024-05-18,SKU-H-04,Household,44,0
2024-05-19,SKU-H-04,Household,45,0
2024-05-20,SKU-H-04,Household,56,0
2024-05-21,SKU-H-04,Household,57,0
2024-05-22,SKU-H-04,Household,90,0
2024-05-23,SKU-H-04,Household,117,0
2024-05-24,SKU-H-04,Household,52,0
2024-05-25,SKU-H-04,Household,58,0
2024-05-26,SKU-H-04,Household,57,0
2024-05-27,SKU-H-04,Household,118,0
2024-05-28,SKU-H-04,Household,114,0
2024-05-29,SKU-H-04,Household,69,0
2024-05-30,SKU-H-04,Household,99,1
2024-05-31,SKU-H-04,Household,62,1
2024-06-01,SKU-H-04,Household,28,0
2024-06-02,SKU-H-04,Household,38,0
2024-06-03,SKU-H-04,Household,50,0
2024-06-04,SKU-H-04,Household,117,0
2024-06-05,SKU-H-04,Household,46,0
2024-06-06,SKU-H-04,Household,99,0
2024-06-07,SKU-H-04,Household,72,0
2024-06-08,SKU-H-04,Household,61,0
2024-06-09,SKU-H-04,Household,73,0
2024-06-10,SKU-H-04,Household,46,0
2024-06-11,SKU-H-04,Household,105,0
2024-06-12,SKU-H-04,Household,68,0
2024-06-13,SKU-H-04,Household,39,0
2024-06-14,SKU-H-04,Household,82,0
2024-06-15,SKU-H-04,Household,50,0
2024-06-16,SKU-H-04,Household,40,0
2024-06-17,SKU-H-04,Household,62,0
2024-06-18,SKU-H-04,Household,73,0
2024-06-19,SKU-H-04,Household,68,0
2024-06-20,SKU-H-04,Household,59,0
2024-06-21,SKU-H-04,Household,34,0
2024-06-22,SKU-H-04,Household,39,0
2024-06-23,SKU-H-04,Household,35,0
2024-06-24,SKU-H-04,Household,32,0
2024-06-25,SKU-H-04,Household,90,0
2024-06-26,SKU-H-04,Household,24,0
2024-06-27,SKU-H-04,Household,70,0
2024-06-28,SKU-H-04,Household,59,0
2024-06-29,SKU-H-04,Household,67,0
2024-06-30,SKU-H-04,Household,24,0
2024-07-01,SKU-H-04,Household,77,0
2024-07-02,SKU-H-04,Household,64,0
2024-07-03,SKU-H-04,Household,82,0
2024-07-04,SKU-H-04,Household,98,0
2024-07-05,SKU-H-04,Household,60,0
2024-07-06,SKU-H-04,Household,33,0
2024-07-07,SKU-H-04,Household,29,0
2024-07-08,SKU-H-04,Household,52,0
2024-07-09,SKU-H-04,Household,111,0
2024-07-10,SKU-H-04,Household,101,0
2024-07-11,SKU-H-04,Household,65,0
2024-07-12,SKU-H-04,Household,80,0
2024-07-13,SKU-H-04,Household,32,0
2024-07-14,SKU-H-04,Household,41,0
2024-07-15,SKU-H-04,Household,47,0
2024-07-16,SKU-H-04,Household,59,0
2024-07-17,SKU-H-04,Household,80,0
2024-07-18,SKU-H-04,Household,74,0
2024-07-19,SKU-H-04,Household,41,0
2024-07-20,SKU-H-04,Household,29,0
2024-07-21,SKU-H-04,Household,47,0
2024-07-22,SKU-H-04,Household,92,0
2024-07-23,SKU-H-04,Household,61,0
2024-07-24,SKU-H-04,Household,41,0
2024-07-25,SKU-H-04,Household,69,0
2024-07-26,SKU-H-04,Household,86,1
2024-07-27,SKU-H-04,Household,24,0
2024-07-28,SKU-H-04,Household,16,0
2024-07-29,SKU-H-04,Household,69,0
2024-07-30,SKU-H-04,Household,61,0
2024-07-31,SKU-H-04,Household,62,0
2024-08-01,SKU-H-04,Household,81,0
2024-08-02,SKU-H-04,Household,85,0
2024-08-03,SKU-H-04,Household,61,0
2024-08-04,SKU-H-04,Household,30,0
2024-08-05,SKU-H-04,Household,82,0
2024-08-06,SKU-H-04,Household,76,0
2024-08-07,SKU-H-04,Household,75,0
2024-08-08,SKU-H-04,Household,39,0
2024-08-09,SKU-H-04,Household,83,0
2024-08-10,SKU-H-04,Household,50,0
2024-08-11,SKU-H-04,Household,19,0
2024-08-12,SKU-H-04,Household,65,0
2024-08-13,SKU-H-04,Household,78,0
2024-08-14,SKU-H-04,Household,85,0
2024-08-15,SKU-H-04,Household,37,0
2024-08-16,SKU-H-04,Household,80,0
2024-08-17,SKU-H-04,Household,67,0
2024-08-18,SKU-H-04,Household,51,0
2024-08-19,SKU-H-04,Household,61,0
2024-08-20,SKU-H-04,Household,65,0
2024-08-21,SKU-H-04,Household,83,0
2024-08-22,SKU-H-04,Household,50,0
2024-08-23,SKU-H-04,Household,71,0
2024-08-24,SKU-H-04,Household,30,0
2024-08-25,SKU-H-04,Household,30,0
2024-08-26,SKU-H-04,Household,56,0
2024-08-27,SKU-H-04,Household,49,0
2024-08-28,SKU-H-04,Household,58,0
2024-08-29,SKU-H-04,Household,40,0
2024-08-30,SKU-H-04,Household,49,0
2024-08-31,SKU-H-04,Household,56,0
2024-09-01,SKU-H-04,Household,58,0
2024-09-02,SKU-H-04,Household,60,0
2024-09-03,SKU-H-04,Household,44,0
2024-09-04,SKU-H-04,Household,91,0
2024-09-05,SKU-H-04,Household,46,0
2024-09-06,SKU-H-04,Household,84,0
2024-09-07,SKU-H-04,Household,67,0
2024-09-08,SKU-H-04,Household,54,0
2024-09-09,SKU-H-04,Household,42,0
2024-09-10,SKU-H-04,Household,41,0
2024-09-11,SKU-H-04,Household,71,0
2024-09-12,SKU-H-04,Household,54,0
2024-09-13,SKU-H-04,Household,70,0
2024-09-14,SKU-H-04,Household,30,0
2024-09-15,SKU-H-04,Household,38,0
2024-09-16,SKU-H-04,Household,39,0
2024-09-17,SKU-H-04,Household,109,0
2024-09-18,SKU-H-04,Household,48,0
2024-09-19,SKU-H-04,Household,72,0
2024-09-20,SKU-H-04,Household,112,0
2024-09-21,SKU-H-04,Household,33,0
2024-09-22,SKU-H-04,Household,21,0
2024-09-23,SKU-H-04,Household,44,0
2024-09-24,SKU-H-04,Household,52,0
2024-09-25,SKU-H-04,Household,64,0
2024-09-26,SKU-H-04,Household,46,0
2024-09-27,SKU-H-04,Household,55,0
2024-09-28,SKU-H-04,Household,30,0
2024-09-29,SKU-H-04,Household,30,0
2024-09-30,SKU-H-04,Household,31,0
2024-10-01,SKU-H-04,Household,48,0
2024-10-02,SKU-H-04,Household,75,0
2024-10-03,SKU-H-04,Household,69,0
2024-10-04,SKU-H-04,Household,64,0
2024-10-05,SKU-H-04,Household,52,0
2024-10-06,SKU-H-04,Household,33,0
2024-10-07,SKU-H-04,Household,68,0
2024-10-08,SKU-H-04,Household,110,0
2024-10-09,SKU-H-04,Household,37,0
2024-10-10,SKU-H-04,Household,85,0
2024-10-11,SKU-H-04,Household,36,0
2024-10-12,SKU-H-04,Household,64,0
2024-10-13,SKU-H-04,Household,52,0
2024-10-14,SKU-H-04,Household,99,0
2024-10-15,SKU-H-04,Household,97,0
2024-10-16,SKU-H-04,Household,68,0
2024-10-17,SKU-H-04,Household,107,0
2024-10-18,SKU-H-04,Household,75,0
2024-10-19,SKU-H-04,Household,66,0
2024-10-20,SKU-H-04,Household,53,0
2024-10-21,SKU-H-04,Household,41,0
2024-10-22,SKU-H-04,Household,241,1
2024-10-23,SKU-H-04,Household,63,0
2024-10-24,SKU-H-04,Household,35,0
2024-10-25,SKU-H-04,Household,59,0
2024-10-26,SKU-H-04,Household,60,0
2024-10-27,SKU-H-04,Household,26,0
2024-10-28,SKU-H-04,Household,89,0
2024-10-29,SKU-H-04,Household,44,0
2024-10-30,SKU-H-04,Household,53,0
2024-10-31,SKU-H-04,Household,83,0
2024-11-01,SKU-H-04,Household,66,0
2024-11-02,SKU-H-04,Household,23,0
2024-11-03,SKU-H-04,Household,43,0
2024-11-04,SKU-H-04,Household,45,0
2024-11-05,SKU-H-04,Household,95,0
2024-11-06,SKU-H-04,Household,65,0
2024-11-07,SKU-H-04,Household,36,0
2024-11-08,SKU-H-04,Household,46,0
2024-11-09,SKU-H-04,Household,44,0
2024-11-10,SKU-H-04,Household,27,0
2024-11-11,SKU-H-04,Household,75,0
2024-11-12,SKU-H-04,Household,95,0
2024-11-13,SKU-H-04,Household,39,0
2024-11-14,SKU-H-04,Household,94,0
2024-11-15,SKU-H-04,Household,57,0
2024-11-16,SKU-H-04,Household,44,0
2024-11-17,SKU-H-04,Household,38,0
2024-11-18,SKU-H-04,Household,70,0
2024-11-19,SKU-H-04,Household,44,0
2024-11-20,SKU-H-04,Household,54,0
2024-11-21,SKU-H-04,Household,130,0
2024-11-22,SKU-H-04,Household,79,0
2024-11-23,SKU-H-04,Household,24,0
2024-11-24,SKU-H-04,Household,25,0
2024-11-25,SKU-H-04,Household,84,0
2024-11-26,SKU-H-04,Household,29,0
2024-11-27,SKU-H-04,Household,108,0
2024-11-28,SKU-H-04,Household,88,1
2024-11-29,SKU-H-04,Household,78,0
2024-11-30,SKU-H-04,Household,26,0
2024-12-01,SKU-H-04,Household,47,0
2024-12-02,SKU-H-04,Household,90,0
2024-12-03,SKU-H-04,Household,50,0
2024-12-04,SKU-H-04,Household,78,0
2024-12-05,SKU-H-04,Household,62,0
2024-12-06,SKU-H-04,Household,50,0
2024-12-07,SKU-H-04,Household,28,0
2024-12-08,SKU-H-04,Household,38,0
2024-12-09,SKU-H-04,Household,85,0
2024-12-10,SKU-H-04,Household,72,0
2024-12-11,SKU-H-04,Household,47,0
2024-12-12,SKU-H-04,Household,74,0
2024-12-13,SKU-H-04,Household,58,0
2024-12-14,SKU-H-04,Household,16,0
2024-12-15,SKU-H-04,Household,43,0
2024-12-16,SKU-H-04,Household,70,0
2024-12-17,SKU-H-04,Household,99,0
2024-12-18,SKU-H-04,Household,50,0
2024-12-19,SKU-H-04,Household,102,0
2024-12-20,SKU-H-04,Household,38,0
2024-12-21,SKU-H-04,Household,30,0
2024-12-22,SKU-H-04,Household,22,0
2024-12-23,SKU-H-04,Household,89,0
2024-12-24,SKU-H-04,Household,64,0
2024-12-25,SKU-H-04,Household,50,0
2024-12-26,SKU-H-04,Household,67,0
2024-12-27,SKU-H-04,Household,53,0
2024-12-28,SKU-H-04,Household,39,0
2024-12-29,SKU-H-04,Household,40,0
2024-12-30,SKU-H-04,Household,56,0
2024-12-31,SKU-H-04,Household,83,0
2025-01-01,SKU-H-04,Household,27,0
2025-01-02,SKU-H-04,Household,133,0
2025-01-03,SKU-H-04,Household,42,0
2025-01-04,SKU-H-04,Household,50,0
2025-01-05,SKU-H-04,Household,27,0
2025-01-06,SKU-H-04,Household,77,0
2025-01-07,SKU-H-04,Household,80,0
2025-01-08,SKU-H-04,Household,37,0
2025-01-09,SKU-H-04,Household,55,0
2025-01-10,SKU-H-04,Household,48,0
2025-01-11,SKU-H-04,Household,38,0
2025-01-12,SKU-H-04,Household,47,1
2025-01-13,SKU-H-04,Household,93,0
2025-01-14,SKU-H-04,Household,38,0
2025-01-15,SKU-H-04,Household,66,0
2025-01-16,SKU-H-04,Household,36,0
2025-01-17,SKU-H-04,Household,93,0
2025-01-18,SKU-H-04,Household,60,1
2025-01-19,SKU-H-04,Household,20,0
2025-01-20,SKU-H-04,Household,68,0
2025-01-21,SKU-H-04,Household,86,0
2025-01-22,SKU-H-04,Household,63,0
2025-01-23,SKU-H-04,Household,51,0
2025-01-24,SKU-H-04,Household,37,0
2025-01-25,SKU-H-04,Household,41,0
2025-01-26,SKU-H-04,Household,38,0
2025-01-27,SKU-H-04,Household,39,0
2025-01-28,SKU-H-04,Household,59,0
2025-01-29,SKU-H-04,Household,62,0
2025-01-30,SKU-H-04,Household,103,0
2025-01-31,SKU-H-04,Household,69,0
2025-02-01,SKU-H-04,Household,22,0
2025-02-02,SKU-H-04,Household,19,0
2025-02-03,SKU-H-04,Household,77,0
2025-02-04,SKU-H-04,Household,87,0
2025-02-05,SKU-H-04,Household,74,0
2025-02-06,SKU-H-04,Household,250,1
2025-02-07,SKU-H-04,Household,77,0
2025-02-08,SKU-H-04,Household,33,0
2025-02-09,SKU-H-04,Household,58,0
2025-02-10,SKU-H-04,Household,93,0
2025-02-11,SKU-H-04,Household,69,0
2025-02-12,SKU-H-04,Household,86,0
2025-02-13,SKU-H-04,Household,84,0
2025-02-14,SKU-H-04,Household,40,0
2025-02-15,SKU-H-04,Household,28,0
2025-02-16,SKU-H-04,Household,14,0
2025-02-17,SKU-H-04,Household,103,0
2025-02-18,SKU-H-04,Household,105,0
2025-02-19,SKU-H-04,Household,67,0
2025-02-20,SKU-H-04,Household,77,0
2025-02-21,SKU-H-04,Household,43,0
2025-02-22,SKU-H-04,Household,32,0
2025-02-23,SKU-H-04,Household,30,0
2025-02-24,SKU-H-04,Household,46,0
2025-02-25,SKU-H-04,Household,39,0
2025-02-26,SKU-H-04,Household,50,0
2025-02-27,SKU-H-04,Household,53,0
2025-02-28,SKU-H-04,Household,31,0
2025-03-01,SKU-H-04,Household,34,0
2025-03-02,SKU-H-04,Household,28,0
2025-03-03,SKU-H-04,Household,45,0
2025-03-04,SKU-H-04,Household,225,1
2025-03-05,SKU-H-04,Household,67,0
2025-03-06,SKU-H-04,Household,80,0
2025-03-07,SKU-H-04,Household,50,0
2025-03-08,SKU-H-04,Household,53,0
2025-03-09,SKU-H-04,Household,44,0
2025-03-10,SKU-H-04,Household,49,0
2025-03-11,SKU-H-04,Household,85,0
2025-03-12,SKU-H-04,Household,76,0
2025-03-13,SKU-H-04,Household,71,0
2025-03-14,SKU-H-04,Household,47,0
2025-03-15,SKU-H-04,Household,37,0
2025-03-16,SKU-H-04,Household,62,1
2025-03-17,SKU-H-04,Household,87,0
2025-03-18,SKU-H-04,Household,38,0
2025-03-19,SKU-H-04,Household,72,0
2025-03-20,SKU-H-04,Household,66,0
2025-03-21,SKU-H-04,Household,38,0
2025-03-22,SKU-H-04,Household,36,0
2025-03-23,SKU-H-04,Household,40,0
2025-03-24,SKU-H-04,Household,62,0
2025-03-25,SKU-H-04,Household,62,0
2025-03-26,SKU-H-04,Household,44,0
2025-03-27,SKU-H-04,Household,119,0
2025-03-28,SKU-H-04,Household,89,0
2025-03-29,SKU-H-04,Household,53,0
2025-03-30,SKU-H-04,Household,45,0
2025-03-31,SKU-H-04,Household,54,0
2025-04-01,SKU-H-04,Household,43,0
2025-04-02,SKU-H-04,Household,84,0
2025-04-03,SKU-H-04,Household,57,0
2025-04-04,SKU-H-04,Household,33,0
2025-04-05,SKU-H-04,Household,17,0
2025-04-06,SKU-H-04,Household,35,0
2025-04-07,SKU-H-04,Household,39,0
2025-04-08,SKU-H-04,Household,33,0
2025-04-09,SKU-H-04,Household,63,0
2025-04-10,SKU-H-04,Household,76,0
2025-04-11,SKU-H-04,Household,84,0
2025-04-12,SKU-H-04,Household,26,0
2025-04-13,SKU-H-04,Household,54,1
2025-04-14,SKU-H-04,Household,118,0
2025-04-15,SKU-H-04,Household,58,0
2025-04-16,SKU-H-04,Household,58,0
2025-04-17,SKU-H-04,Household,65,0
2025-04-18,SKU-H-04,Household,66,0
2025-04-19,SKU-H-04,Household,51,0
2025-04-20,SKU-H-04,Household,42,0
2025-04-21,SKU-H-04,Household,68,0
2025-04-22,SKU-H-04,Household,53,0
2025-04-23,SKU-H-04,Household,51,0
2025-04-24,SKU-H-04,Household,118,0
2025-04-25,SKU-H-04,Household,58,0
2025-04-26,SKU-H-04,Household,44,0
2025-04-27,SKU-H-04,Household,36,0
2025-04-28,SKU-H-04,Household,49,0
2025-04-29,SKU-H-04,Household,51,0
2025-04-30,SKU-H-04,Household,87,0
2025-05-01,SKU-H-04,Household,84,0
2025-05-02,SKU-H-04,Household,126,0
2025-05-03,SKU-H-04,Household,40,0
2025-05-04,SKU-H-04,Household,23,0
2025-05-05,SKU-H-04,Household,66,0
2025-05-06,SKU-H-04,Household,100,0
2025-05-07,SKU-H-04,Household,88,0
2025-05-08,SKU-H-04,Household,61,0
2025-05-09,SKU-H-04,Household,59,0
2025-05-10,SKU-H-04,Household,52,0
2025-05-11,SKU-H-04,Household,35,0
2025-05-12,SKU-H-04,Household,85,0
2025-05-13,SKU-H-04,Household,81,0
2025-05-14,SKU-H-04,Household,64,0
2025-05-15,SKU-H-04,Household,60,0
2025-05-16,SKU-H-04,Household,100,0
2025-05-17,SKU-H-04,Household,50,0
2025-05-18,SKU-H-04,Household,18,0
2025-05-19,SKU-H-04,Household,65,0
2025-05-20,SKU-H-04,Household,71,0
2025-05-21,SKU-H-04,Household,98,0
2025-05-22,SKU-H-04,Household,78,0
2025-05-23,SKU-H-04,Household,89,0
2025-05-24,SKU-H-04,Household,85,0
2025-05-25,SKU-H-04,Household,28,0
2025-05-26,SKU-H-04,Household,81,0
2025-05-27,SKU-H-04,Household,55,0
2025-05-28,SKU-H-04,Household,95,0
2025-05-29,SKU-H-04,Household,102,0
2025-05-30,SKU-H-04,Household,53,0
2025-05-31,SKU-H-04,Household,52,0
2025-06-01,SKU-H-04,Household,61,0
2025-06-02,SKU-H-04,Household,69,0
2025-06-03,SKU-H-04,Household,78,0
2025-06-04,SKU-H-04,Household,62,0
2025-06-05,SKU-H-04,Household,60,0
2025-06-06,SKU-H-04,Household,78,1
2025-06-07,SKU-H-04,Household,31,0
2025-06-08,SKU-H-04,Household,26,0
2025-06-09,SKU-H-04,Household,48,0
2025-06-10,SKU-H-04,Household,86,0
2025-06-11,SKU-H-04,Household,73,0
2025-06-12,SKU-H-04,Household,63,0
2025-06-13,SKU-H-04,Household,90,0
2025-06-14,SKU-H-04,Household,62,0
2025-06-15,SKU-H-04,Household,38,0
2025-06-16,SKU-H-04,Household,71,0
2025-06-17,SKU-H-04,Household,66,0
2025-06-18,SKU-H-04,Household,65,0
2025-06-19,SKU-H-04,Household,84,0
2025-06-20,SKU-H-04,Household,59,0
2025-06-21,SKU-H-04,Household,49,0
2025-06-22,SKU-H-04,Household,31,0
2025-06-23,SKU-H-04,Household,43,0
2025-06-24,SKU-H-04,Household,120,0
2025-06-25,SKU-H-04,Household,44,0
2025-06-26,SKU-H-04,Household,90,0
2025-06-27,SKU-H-04,Household,24,0
2025-06-28,SKU-H-04,Household,27,0
2025-06-29,SKU-H-04,Household,26,0
2025-06-30,SKU-H-04,Household,72,0
2025-07-01,SKU-H-04,Household,80,0
2023-01-01,SKU-H-05,Household,21,0
2023-01-02,SKU-H-05,Household,52,0
2023-01-03,SKU-H-05,Household,41,0
2023-01-04,SKU-H-05,Household,61,0
2023-01-05,SKU-H-05,Household,27,0
2023-01-06,SKU-H-05,Household,48,0
2023-01-07,SKU-H-05,Household,16,0
2023-01-08,SKU-H-05,Household,27,0
2023-01-09,SKU-H-05,Household,54,0
2023-01-10,SKU-H-05,Household,36,0
2023-01-11,SKU-H-05,Household,36,0
2023-01-12,SKU-H-05,Household,45,0
2023-01-13,SKU-H-05,Household,36,0
2023-01-14,SKU-H-05,Household,20,0
2023-01-15,SKU-H-05,Household,30,0
2023-01-16,SKU-H-05,Household,53,0
2023-01-17,SKU-H-05,Household,34,0
2023-01-18,SKU-H-05,Household,55,0
2023-01-19,SKU-H-05,Household,35,0
2023-01-20,SKU-H-05,Household,44,0
2023-01-21,SKU-H-05,Household,41,0
2023-01-22,SKU-H-05,Household,33,0
2023-01-23,SKU-H-05,Household,36,0
2023-01-24,SKU-H-05,Household,29,0
2023-01-25,SKU-H-05,Household,42,0
2023-01-26,SKU-H-05,Household,43,0
2023-01-27,SKU-H-05,Household,26,0
2023-01-28,SKU-H-05,Household,26,0
2023-01-29,SKU-H-05,Household,13,0
2023-01-30,SKU-H-05,Household,60,0
2023-01-31,SKU-H-05,Household,20,0
2023-02-01,SKU-H-05,Household,28,0
2023-02-02,SKU-H-05,Household,46,0
2023-02-03,SKU-H-05,Household,42,0
2023-02-04,SKU-H-05,Household,20,0
2023-02-05,SKU-H-05,Household,26,0
2023-02-06,SKU-H-05,Household,73,0
2023-02-07,SKU-H-05,Household,56,0
2023-02-08,SKU-H-05,Household,33,0
2023-02-09,SKU-H-05,Household,51,0
2023-02-10,SKU-H-05,Household,49,0
2023-02-11,SKU-H-05,Household,19,0
2023-02-12,SKU-H-05,Household,28,0
2023-02-13,SKU-H-05,Household,48,0
2023-02-14,SKU-H-05,Household,76,0
2023-02-15,SKU-H-05,Household,42,0
2023-02-16,SKU-H-05,Household,49,0
2023-02-17,SKU-H-05,Household,47,1
2023-02-18,SKU-H-05,Household,22,0
2023-02-19,SKU-H-05,Household,19,0
2023-02-20,SKU-H-05,Household,30,0
2023-02-21,SKU-H-05,Household,23,0
2023-02-22,SKU-H-05,Household,49,0
2023-02-23,SKU-H-05,Household,36,0
2023-02-24,SKU-H-05,Household,65,0
2023-02-25,SKU-H-05,Household,19,0
2023-02-26,SKU-H-05,Household,31,0
2023-02-27,SKU-H-05,Household,27,0
2023-02-28,SKU-H-05,Household,62,0
2023-03-01,SKU-H-05,Household,36,0
2023-03-02,SKU-H-05,Household,44,0
2023-03-03,SKU-H-05,Household,45,0
2023-03-04,SKU-H-05,Household,17,0
2023-03-05,SKU-H-05,Household,21,0
2023-03-06,SKU-H-05,Household,25,0
2023-03-07,SKU-H-05,Household,28,0
2023-03-08,SKU-H-05,Household,72,0
2023-03-09,SKU-H-05,Household,45,0
2023-03-10,SKU-H-05,Household,54,0
2023-03-11,SKU-H-05,Household,17,0
2023-03-12,SKU-H-05,Household,28,0
2023-03-13,SKU-H-05,Household,34,0
2023-03-14,SKU-H-05,Household,50,0
2023-03-15,SKU-H-05,Household,58,0
2023-03-16,SKU-H-05,Household,41,0
2023-03-17,SKU-H-05,Household,36,0
2023-03-18,SKU-H-05,Household,29,0
2023-03-19,SKU-H-05,Household,21,0
2023-03-20,SKU-H-05,Household,58,0
2023-03-21,SKU-H-05,Household,44,0
2023-03-22,SKU-H-05,Household,41,0
2023-03-23,SKU-H-05,Household,35,0
2023-03-24,SKU-H-05,Household,29,0
2023-03-25,SKU-H-05,Household,26,0
2023-03-26,SKU-H-05,Household,14,0
2023-03-27,SKU-H-05,Household,53,0
2023-03-28,SKU-H-05,Household,59,0
2023-03-29,SKU-H-05,Household,38,0
2023-03-30,SKU-H-05,Household,36,0
2023-03-31,SKU-H-05,Household,36,0
2023-04-01,SKU-H-05,Household,28,0
2023-04-02,SKU-H-05,Household,17,0
2023-04-03,SKU-H-05,Household,95,1
2023-04-04,SKU-H-05,Household,50,0
2023-04-05,SKU-H-05,Household,50,0
2023-04-06,SKU-H-05,Household,31,0
2023-04-07,SKU-H-05,Household,35,0
2023-04-08,SKU-H-05,Household,52,0
2023-04-09,SKU-H-05,Household,31,0
2023-04-10,SKU-H-05,Household,45,0
2023-04-11,SKU-H-05,Household,39,0
2023-04-12,SKU-H-05,Household,28,0
2023-04-13,SKU-H-05,Household,40,0
2023-04-14,SKU-H-05,Household,38,0
2023-04-15,SKU-H-05,Household,20,0
2023-04-16,SKU-H-05,Household,31,0
2023-04-17,SKU-H-05,Household,56,0
2023-04-18,SKU-H-05,Household,33,0
2023-04-19,SKU-H-05,Household,46,0
2023-04-20,SKU-H-05,Household,79,0
2023-04-21,SKU-H-05,Household,27,0
2023-04-22,SKU-H-05,Household,22,0
2023-04-23,SKU-H-05,Household,24,0
2023-04-24,SKU-H-05,Household,52,0
2023-04-25,SKU-H-05,Household,75,0
2023-04-26,SKU-H-05,Household,32,0
2023-04-27,SKU-H-05,Household,46,0
2023-04-28,SKU-H-05,Household,30,0
2023-04-29,SKU-H-05,Household,31,0
2023-04-30,SKU-H-05,Household,25,0
2023-05-01,SKU-H-05,Household,28,0
2023-05-02,SKU-H-05,Household,52,0
2023-05-03,SKU-H-05,Household,97,1
2023-05-04,SKU-H-05,Household,23,0
2023-05-05,SKU-H-05,Household,27,0
2023-05-06,SKU-H-05,Household,25,0
2023-05-07,SKU-H-05,Household,15,0
2023-05-08,SKU-H-05,Household,21,0
2023-05-09,SKU-H-05,Household,40,0
2023-05-10,SKU-H-05,Household,24,0
2023-05-11,SKU-H-05,Household,38,0
2023-05-12,SKU-H-05,Household,55,0
2023-05-13,SKU-H-05,Household,24,0
2023-05-14,SKU-H-05,Household,63,1
2023-05-15,SKU-H-05,Household,40,0
2023-05-16,SKU-H-05,Household,178,1
2023-05-17,SKU-H-05,Household,46,0
2023-05-18,SKU-H-05,Household,42,0
2023-05-19,SKU-H-05,Household,18,0
2023-05-20,SKU-H-05,Household,33,0
2023-05-21,SKU-H-05,Household,48,0
2023-05-22,SKU-H-05,Household,53,0
2023-05-23,SKU-H-05,Household,40,0
2023-05-24,SKU-H-05,Household,32,0
2023-05-25,SKU-H-05,Household,36,0
2023-05-26,SKU-H-05,Household,36,0
2023-05-27,SKU-H-05,Household,41,0
2023-05-28,SKU-H-05,Household,39,1
2023-05-29,SKU-H-05,Household,39,0
2023-05-30,SKU-H-05,Household,40,0
2023-05-31,SKU-H-05,Household,93,0
2023-06-01,SKU-H-05,Household,42,0
2023-06-02,SKU-H-05,Household,49,0
2023-06-03,SKU-H-05,Household,20,0
2023-06-04,SKU-H-05,Household,16,0
2023-06-05,SKU-H-05,Household,38,0
2023-06-06,SKU-H-05,Household,34,0
2023-06-07,SKU-H-05,Household,35,0
2023-06-08,SKU-H-05,Household,42,0
2023-06-09,SKU-H-05,Household,45,0
2023-06-10,SKU-H-05,Household,27,0
2023-06-11,SKU-H-05,Household,43,0
2023-06-12,SKU-H-05,Household,47,0
2023-06-13,SKU-H-05,Household,26,0
2023-06-14,SKU-H-05,Household,59,0
2023-06-15,SKU-H-05,Household,41,0
2023-06-16,SKU-H-05,Household,31,0
2023-06-17,SKU-H-05,Household,31,0
2023-06-18,SKU-H-05,Household,32,0
2023-06-19,SKU-H-05,Household,61,0
2023-06-20,SKU-H-05,Household,60,0
2023-06-21,SKU-H-05,Household,50,0
2023-06-22,SKU-H-05,Household,48,0
2023-06-23,SKU-H-05,Household,50,0
2023-06-24,SKU-H-05,Household,31,0
2023-06-25,SKU-H-05,Household,15,0
2023-06-26,SKU-H-05,Household,59,0
2023-06-27,SKU-H-05,Household,67,0
2023-06-28,SKU-H-05,Household,48,0
2023-06-29,SKU-H-05,Household,63,0
2023-06-30,SKU-H-05,Household,33,0
2023-07-01,SKU-H-05,Household,13,0
2023-07-02,SKU-H-05,Household,12,0
2023-07-03,SKU-H-05,Household,24,0
2023-07-04,SKU-H-05,Household,27,0
2023-07-05,SKU-H-05,Household,46,0
2023-07-06,SKU-H-05,Household,47,0
2023-07-07,SKU-H-05,Household,72,0
2023-07-08,SKU-H-05,Household,25,0
2023-07-09,SKU-H-05,Household,22,0
2023-07-10,SKU-H-05,Household,46,0
2023-07-11,SKU-H-05,Household,49,0
2023-07-12,SKU-H-05,Household,63,0
2023-07-13,SKU-H-05,Household,64,0
2023-07-14,SKU-H-05,Household,29,0
2023-07-15,SKU-H-05,Household,31,0
2023-07-16,SKU-H-05,Household,22,0
2023-07-17,SKU-H-05,Household,44,0
2023-07-18,SKU-H-05,Household,57,0
2023-07-19,SKU-H-05,Household,19,0
2023-07-20,SKU-H-05,Household,31,0
2023-07-21,SKU-H-05,Household,38,0
2023-07-22,SKU-H-05,Household,16,0
2023-07-23,SKU-H-05,Household,24,0
2023-07-24,SKU-H-05,Household,52,0
2023-07-25,SKU-H-05,Household,45,0
2023-07-26,SKU-H-05,Household,58,0
2023-07-27,SKU-H-05,Household,38,0
2023-07-28,SKU-H-05,Household,48,0
2023-07-29,SKU-H-05,Household,23,0
2023-07-30,SKU-H-05,Household,22,0
2023-07-31,SKU-H-05,Household,31,0
2023-08-01,SKU-H-05,Household,41,0
2023-08-02,SKU-H-05,Household,36,0
2023-08-03,SKU-H-05,Household,55,0
2023-08-04,SKU-H-05,Household,32,0
2023-08-05,SKU-H-05,Household,38,0
2023-08-06,SKU-H-05,Household,36,0
2023-08-07,SKU-H-05,Household,50,0
2023-08-08,SKU-H-05,Household,52,0
2023-08-09,SKU-H-05,Household,39,0
2023-08-10,SKU-H-05,Household,27,0
2023-08-11,SKU-H-05,Household,34,0
2023-08-12,SKU-H-05,Household,32,0
2023-08-13,SKU-H-05,Household,24,0
2023-08-14,SKU-H-05,Household,53,0
2023-08-15,SKU-H-05,Household,37,0
2023-08-16,SKU-H-05,Household,24,0
2023-08-17,SKU-H-05,Household,65,0
2023-08-18,SKU-H-05,Household,29,0
2023-08-19,SKU-H-05,Household,29,0
2023-08-20,SKU-H-05,Household,15,0
2023-08-21,SKU-H-05,Household,36,0
2023-08-22,SKU-H-05,Household,44,0
2023-08-23,SKU-H-05,Household,38,0
2023-08-24,SKU-H-05,Household,47,0
2023-08-25,SKU-H-05,Household,33,0
2023-08-26,SKU-H-05,Household,35,0
2023-08-27,SKU-H-05,Household,40,0
2023-08-28,SKU-H-05,Household,43,0
2023-08-29,SKU-H-05,Household,36,0
2023-08-30,SKU-H-05,Household,44,0
2023-08-31,SKU-H-05,Household,34,0
2023-09-01,SKU-H-05,Household,29,0
2023-09-02,SKU-H-05,Household,53,1
2023-09-03,SKU-H-05,Household,18,0
2023-09-04,SKU-H-05,Household,72,0
2023-09-05,SKU-H-05,Household,35,0
2023-09-06,SKU-H-05,Household,77,0
2023-09-07,SKU-H-05,Household,39,0
2023-09-08,SKU-H-05,Household,25,0
2023-09-09,SKU-H-05,Household,32,0
2023-09-10,SKU-H-05,Household,29,0
2023-09-11,SKU-H-05,Household,51,0
2023-09-12,SKU-H-05,Household,33,0
2023-09-13,SKU-H-05,Household,46,0
2023-09-14,SKU-H-05,Household,30,0
2023-09-15,SKU-H-05,Household,41,0
2023-09-16,SKU-H-05,Household,44,0
2023-09-17,SKU-H-05,Household,24,0
2023-09-18,SKU-H-05,Household,33,0
2023-09-19,SKU-H-05,Household,44,0
2023-09-20,SKU-H-05,Household,41,0
2023-09-21,SKU-H-05,Household,38,0
2023-09-22,SKU-H-05,Household,25,0
2023-09-23,SKU-H-05,Household,23,0
2023-09-24,SKU-H-05,Household,44,0
2023-09-25,SKU-H-05,Household,24,0
2023-09-26,SKU-H-05,Household,38,0
2023-09-27,SKU-H-05,Household,32,0
2023-09-28,SKU-H-05,Household,30,0
2023-09-29,SKU-H-05,Household,41,0
2023-09-30,SKU-H-05,Household,28,0
2023-10-01,SKU-H-05,Household,13,0
2023-10-02,SKU-H-05,Household,26,0
2023-10-03,SKU-H-05,Household,87,0
2023-10-04,SKU-H-05,Household,50,0
2023-10-05,SKU-H-05,Household,35,0
2023-10-06,SKU-H-05,Household,34,0
2023-10-07,SKU-H-05,Household,26,0
2023-10-08,SKU-H-05,Household,19,0
2023-10-09,SKU-H-05,Household,40,0
2023-10-10,SKU-H-05,Household,36,0
2023-10-11,SKU-H-05,Household,29,0
2023-10-12,SKU-H-05,Household,21,0
2023-10-13,SKU-H-05,Household,43,0
2023-10-14,SKU-H-05,Household,23,0
2023-10-15,SKU-H-05,Household,31,0
2023-10-16,SKU-H-05,Household,35,0
2023-10-17,SKU-H-05,Household,53,0
2023-10-18,SKU-H-05,Household,50,0
2023-10-19,SKU-H-05,Household,38,0
2023-10-20,SKU-H-05,Household,30,0
2023-10-21,SKU-H-05,Household,10,0
2023-10-22,SKU-H-05,Household,28,0
2023-10-23,SKU-H-05,Household,28,0
2023-10-24,SKU-H-05,Household,38,0
2023-10-25,SKU-H-05,Household,54,0
2023-10-26,SKU-H-05,Household,59,0
2023-10-27,SKU-H-05,Household,39,0
2023-10-28,SKU-H-05,Household,21,0
2023-10-29,SKU-H-05,Household,34,0
2023-10-30,SKU-H-05,Household,51,0
2023-10-31,SKU-H-05,Household,62,0
2023-11-01,SKU-H-05,Household,52,0
2023-11-02,SKU-H-05,Household,29,0
2023-11-03,SKU-H-05,Household,31,0
2023-11-04,SKU-H-05,Household,37,0
2023-11-05,SKU-H-05,Household,17,0
2023-11-06,SKU-H-05,Household,31,0
2023-11-07,SKU-H-05,Household,67,0
2023-11-08,SKU-H-05,Household,62,0
2023-11-09,SKU-H-05,Household,47,0
2023-11-10,SKU-H-05,Household,29,0
2023-11-11,SKU-H-05,Household,39,0
2023-11-12,SKU-H-05,Household,18,0
2023-11-13,SKU-H-05,Household,21,0
2023-11-14,SKU-H-05,Household,37,0
2023-11-15,SKU-H-05,Household,41,0
2023-11-16,SKU-H-05,Household,43,0
2023-11-17,SKU-H-05,Household,30,0
2023-11-18,SKU-H-05,Household,24,0
2023-11-19,SKU-H-05,Household,23,0
2023-11-20,SKU-H-05,Household,29,0
2023-11-21,SKU-H-05,Household,34,0
2023-11-22,SKU-H-05,Household,26,0
2023-11-23,SKU-H-05,Household,41,0
2023-11-24,SKU-H-05,Household,31,0
2023-11-25,SKU-H-05,Household,23,0
2023-11-26,SKU-H-05,Household,19,0
2023-11-27,SKU-H-05,Household,21,0
2023-11-28,SKU-H-05,Household,40,0
2023-11-29,SKU-H-05,Household,41,0
2023-11-30,SKU-H-05,Household,56,0
2023-12-01,SKU-H-05,Household,17,0
2023-12-02,SKU-H-05,Household,32,0
2023-12-03,SKU-H-05,Household,34,0
2023-12-04,SKU-H-05,Household,62,0
2023-12-05,SKU-H-05,Household,65,0
2023-12-06,SKU-H-05,Household,39,0
2023-12-07,SKU-H-05,Household,41,0
2023-12-08,SKU-H-05,Household,42,0
2023-12-09,SKU-H-05,Household,30,0
2023-12-10,SKU-H-05,Household,32,0
2023-12-11,SKU-H-05,Household,52,0
2023-12-12,SKU-H-05,Household,30,0
2023-12-13,SKU-H-05,Household,20,0
2023-12-14,SKU-H-05,Household,50,0
2023-12-15,SKU-H-05,Household,44,0
2023-12-16,SKU-H-05,Household,18,0
2023-12-17,SKU-H-05,Household,30,0
2023-12-18,SKU-H-05,Household,71,0
2023-12-19,SKU-H-05,Household,53,0
2023-12-20,SKU-H-05,Household,30,0
2023-12-21,SKU-H-05,Household,22,0
2023-12-22,SKU-H-05,Household,39,0
2023-12-23,SKU-H-05,Household,16,0
2023-12-24,SKU-H-05,Household,31,0
2023-12-25,SKU-H-05,Household,26,0
2023-12-26,SKU-H-05,Household,44,0
2023-12-27,SKU-H-05,Household,36,0
2023-12-28,SKU-H-05,Household,21,0
2023-12-29,SKU-H-05,Household,36,0
2023-12-30,SKU-H-05,Household,46,1
2023-12-31,SKU-H-05,Household,19,0
2024-01-01,SKU-H-05,Household,53,0
2024-01-02,SKU-H-05,Household,50,0
2024-01-03,SKU-H-05,Household,64,0
2024-01-04,SKU-H-05,Household,32,0
2024-01-05,SKU-H-05,Household,56,0
2024-01-06,SKU-H-05,Household,30,0
2024-01-07,SKU-H-05,Household,28,0
2024-01-08,SKU-H-05,Household,33,0
2024-01-09,SKU-H-05,Household,28,0
2024-01-10,SKU-H-05,Household,39,0
2024-01-11,SKU-H-05,Household,40,0
2024-01-12,SKU-H-05,Household,44,0
2024-01-13,SKU-H-05,Household,24,0
2024-01-14,SKU-H-05,Household,17,0
2024-01-15,SKU-H-05,Household,36,0
2024-01-16,SKU-H-05,Household,47,0
2024-01-17,SKU-H-05,Household,59,0
2024-01-18,SKU-H-05,Household,42,0
2024-01-19,SKU-H-05,Household,24,0
2024-01-20,SKU-H-05,Household,26,0
2024-01-21,SKU-H-05,Household,17,0
2024-01-22,SKU-H-05,Household,38,0
2024-01-23,SKU-H-05,Household,81,1
2024-01-24,SKU-H-05,Household,53,0
2024-01-25,SKU-H-05,Household,77,0
2024-01-26,SKU-H-05,Household,37,0
2024-01-27,SKU-H-05,Household,27,0
2024-01-28,SKU-H-05,Household,26,0
2024-01-29,SKU-H-05,Household,27,0
2024-01-30,SKU-H-05,Household,53,0
2024-01-31,SKU-H-05,Household,28,0
2024-02-01,SKU-H-05,Household,44,0
2024-02-02,SKU-H-05,Household,33,0
2024-02-03,SKU-H-05,Household,25,0
2024-02-04,SKU-H-05,Household,29,0
2024-02-05,SKU-H-05,Household,36,0
2024-02-06,SKU-H-05,Household,27,0
2024-02-07,SKU-H-05,Household,38,0
2024-02-08,SKU-H-05,Household,29,0
2024-02-09,SKU-H-05,Household,40,0
2024-02-10,SKU-H-05,Household,31,0
2024-02-11,SKU-H-05,Household,14,0
2024-02-12,SKU-H-05,Household,39,0
2024-02-13,SKU-H-05,Household,50,0
2024-02-14,SKU-H-05,Household,35,0
2024-02-15,SKU-H-05,Household,50,0
2024-02-16,SKU-H-05,Household,44,0
2024-02-17,SKU-H-05,Household,47,1
2024-02-18,SKU-H-05,Household,47,0
2024-02-19,SKU-H-05,Household,43,0
2024-02-20,SKU-H-05,Household,52,0
2024-02-21,SKU-H-05,Household,70,0
2024-02-22,SKU-H-05,Household,42,0
2024-02-23,SKU-H-05,Household,36,0
2024-02-24,SKU-H-05,Household,34,0
2024-02-25,SKU-H-05,Household,23,0
2024-02-26,SKU-H-05,Household,33,0
2024-02-27,SKU-H-05,Household,38,0
2024-02-28,SKU-H-05,Household,78,0
2024-02-29,SKU-H-05,Household,31,0
2024-03-01,SKU-H-05,Household,45,0
2024-03-02,SKU-H-05,Household,21,0
2024-03-03,SKU-H-05,Household,27,0
2024-03-04,SKU-H-05,Household,19,0
2024-03-05,SKU-H-05,Household,21,0
2024-03-06,SKU-H-05,Household,33,0
2024-03-07,SKU-H-05,Household,68,0
2024-03-08,SKU-H-05,Household,52,0
2024-03-09,SKU-H-05,Household,15,0
2024-03-10,SKU-H-05,Household,19,0
2024-03-11,SKU-H-05,Household,42,0
2024-03-12,SKU-H-05,Household,25,0
2024-03-13,SKU-H-05,Household,51,0
2024-03-14,SKU-H-05,Household,33,0
2024-03-15,SKU-H-05,Household,27,0
2024-03-16,SKU-H-05,Household,20,0
2024-03-17,SKU-H-05,Household,19,0
2024-03-18,SKU-H-05,Household,27,0
2024-03-19,SKU-H-05,Household,41,0
2024-03-20,SKU-H-05,Household,113,1
2024-03-21,SKU-H-05,Household,50,0
2024-03-22,SKU-H-05,Household,31,0
2024-03-23,SKU-H-05,Household,29,0
2024-03-24,SKU-H-05,Household,30,0
2024-03-25,SKU-H-05,Household,34,0
2024-03-26,SKU-H-05,Household,54,0
2024-03-27,SKU-H-05,Household,30,0
2024-03-28,SKU-H-05,Household,65,0
2024-03-29,SKU-H-05,Household,27,0
2024-03-30,SKU-H-05,Household,46,0
2024-03-31,SKU-H-05,Household,25,0
2024-04-01,SKU-H-05,Household,98,1
2024-04-02,SKU-H-05,Household,70,0
2024-04-03,SKU-H-05,Household,52,0
2024-04-04,SKU-H-05,Household,57,0
2024-04-05,SKU-H-05,Household,33,0
2024-04-06,SKU-H-05,Household,20,0
2024-04-07,SKU-H-05,Household,14,0
2024-04-08,SKU-H-05,Household,34,0
2024-04-09,SKU-H-05,Household,53,0
2024-04-10,SKU-H-05,Household,28,0
2024-04-11,SKU-H-05,Household,44,0
2024-04-12,SKU-H-05,Household,34,0
2024-04-13,SKU-H-05,Household,28,0
2024-04-14,SKU-H-05,Household,22,0
2024-04-15,SKU-H-05,Household,73,0
2024-04-16,SKU-H-05,Household,47,0
2024-04-17,SKU-H-05,Household,55,0
2024-04-18,SKU-H-05,Household,68,0
2024-04-19,SKU-H-05,Household,30,0
2024-04-20,SKU-H-05,Household,24,0
2024-04-21,SKU-H-05,Household,11,0
2024-04-22,SKU-H-05,Household,50,0
2024-04-23,SKU-H-05,Household,59,0
2024-04-24,SKU-H-05,Household,42,0
2024-04-25,SKU-H-05,Household,47,0
2024-04-26,SKU-H-05,Household,28,0
2024-04-27,SKU-H-05,Household,29,0
2024-04-28,SKU-H-05,Household,13,0
2024-04-29,SKU-H-05,Household,14,0
2024-04-30,SKU-H-05,Household,49,0
2024-05-01,SKU-H-05,Household,21,0
2024-05-02,SKU-H-05,Household,39,0
2024-05-03,SKU-H-05,Household,23,0
2024-05-04,SKU-H-05,Household,32,0
2024-05-05,SKU-H-05,Household,62,1
2024-05-06,SKU-H-05,Household,19,0
2024-05-07,SKU-H-05,Household,50,0
2024-05-08,SKU-H-05,Household,56,0
2024-05-09,SKU-H-05,Household,35,0
2024-05-10,SKU-H-05,Household,55,0
2024-05-11,SKU-H-05,Household,40,0
2024-05-12,SKU-H-05,Household,20,0
2024-05-13,SKU-H-05,Household,45,0
2024-05-14,SKU-H-05,Household,42,0
2024-05-15,SKU-H-05,Household,16,0
2024-05-16,SKU-H-05,Household,30,0
2024-05-17,SKU-H-05,Household,52,0
2024-05-18,SKU-H-05,Household,15,0
2024-05-19,SKU-H-05,Household,18,0
2024-05-20,SKU-H-05,Household,34,0
2024-05-21,SKU-H-05,Household,55,0
2024-05-22,SKU-H-05,Household,69,0
2024-05-23,SKU-H-05,Household,40,0
2024-05-24,SKU-H-05,Household,25,0
2024-05-25,SKU-H-05,Household,30,0
2024-05-26,SKU-H-05,Household,11,0
2024-05-27,SKU-H-05,Household,40,0
2024-05-28,SKU-H-05,Household,59,0
2024-05-29,SKU-H-05,Household,15,0
2024-05-30,SKU-H-05,Household,48,0
2024-05-31,SKU-H-05,Household,31,0
2024-06-01,SKU-H-05,Household,8,0
2024-06-02,SKU-H-05,Household,26,0
2024-06-03,SKU-H-05,Household,49,0
2024-06-04,SKU-H-05,Household,77,1
2024-06-05,SKU-H-05,Household,18,0
2024-06-06,SKU-H-05,Household,50,0
2024-06-07,SKU-H-05,Household,58,1
2024-06-08,SKU-H-05,Household,47,0
2024-06-09,SKU-H-05,Household,33,0
2024-06-10,SKU-H-05,Household,32,0
2024-06-11,SKU-H-05,Household,43,0
2024-06-12,SKU-H-05,Household,73,1
2024-06-13,SKU-H-05,Household,30,0
2024-06-14,SKU-H-05,Household,35,0
2024-06-15,SKU-H-05,Household,20,0
2024-06-16,SKU-H-05,Household,13,0
2024-06-17,SKU-H-05,Household,44,0
2024-06-18,SKU-H-05,Household,41,0
2024-06-19,SKU-H-05,Household,60,0
2024-06-20,SKU-H-05,Household,40,0
2024-06-21,SKU-H-05,Household,34,0
2024-06-22,SKU-H-05,Household,24,0
2024-06-23,SKU-H-05,Household,19,0
2024-06-24,SKU-H-05,Household,29,0
2024-06-25,SKU-H-05,Household,40,0
2024-06-26,SKU-H-05,Household,56,0
2024-06-27,SKU-H-05,Household,42,0
2024-06-28,SKU-H-05,Household,55,0
2024-06-29,SKU-H-05,Household,31,0
2024-06-30,SKU-H-05,Household,11,0
2024-07-01,SKU-H-05,Household,61,0
2024-07-02,SKU-H-05,Household,60,0
2024-07-03,SKU-H-05,Household,45,0
2024-07-04,SKU-H-05,Household,22,0
2024-07-05,SKU-H-05,Household,43,0
2024-07-06,SKU-H-05,Household,32,0
2024-07-07,SKU-H-05,Household,10,0
2024-07-08,SKU-H-05,Household,44,0
2024-07-09,SKU-H-05,Household,33,0
2024-07-10,SKU-H-05,Household,31,0
2024-07-11,SKU-H-05,Household,33,0
2024-07-12,SKU-H-05,Household,29,0
2024-07-13,SKU-H-05,Household,24,0
2024-07-14,SKU-H-05,Household,65,1
2024-07-15,SKU-H-05,Household,29,0
2024-07-16,SKU-H-05,Household,26,0
2024-07-17,SKU-H-05,Household,28,0
2024-07-18,SKU-H-05,Household,57,0
2024-07-19,SKU-H-05,Household,31,0
2024-07-20,SKU-H-05,Household,31,0
2024-07-21,SKU-H-05,Household,16,0
2024-07-22,SKU-H-05,Household,43,0
2024-07-23,SKU-H-05,Household,48,0
2024-07-24,SKU-H-05,Household,59,0
2024-07-25,SKU-H-05,Household,49,0
2024-07-26,SKU-H-05,Household,45,0
2024-07-27,SKU-H-05,Household,52,0
2024-07-28,SKU-H-05,Household,16,0
2024-07-29,SKU-H-05,Household,44,1
2024-07-30,SKU-H-05,Household,41,0
2024-07-31,SKU-H-05,Household,56,0
2024-08-01,SKU-H-05,Household,43,0
2024-08-02,SKU-H-05,Household,56,0
2024-08-03,SKU-H-05,Household,22,0
2024-08-04,SKU-H-05,Household,23,0
2024-08-05,SKU-H-05,Household,47,0
2024-08-06,SKU-H-05,Household,28,0
2024-08-07,SKU-H-05,Household,39,0
2024-08-08,SKU-H-05,Household,51,0
2024-08-09,SKU-H-05,Household,22,0
2024-08-10,SKU-H-05,Household,23,0
2024-08-11,SKU-H-05,Household,7,0
2024-08-12,SKU-H-05,Household,35,0
2024-08-13,SKU-H-05,Household,44,0
2024-08-14,SKU-H-05,Household,46,0
2024-08-15,SKU-H-05,Household,47,0
2024-08-16,SKU-H-05,Household,22,0
2024-08-17,SKU-H-05,Household,22,0
2024-08-18,SKU-H-05,Household,19,0
2024-08-19,SKU-H-05,Household,31,0
2024-08-20,SKU-H-05,Household,21,0
2024-08-21,SKU-H-05,Household,16,0
2024-08-22,SKU-H-05,Household,42,0
2024-08-23,SKU-H-05,Household,21,0
2024-08-24,SKU-H-05,Household,30,0
2024-08-25,SKU-H-05,Household,25,0
2024-08-26,SKU-H-05,Household,39,0
2024-08-27,SKU-H-05,Household,78,0
2024-08-28,SKU-H-05,Household,55,0
2024-08-29,SKU-H-05,Household,30,0
2024-08-30,SKU-H-05,Household,58,0
2024-08-31,SKU-H-05,Household,11,0
2024-09-01,SKU-H-05,Household,31,0
2024-09-02,SKU-H-05,Household,46,0
2024-09-03,SKU-H-05,Household,208,1
2024-09-04,SKU-H-05,Household,49,0
2024-09-05,SKU-H-05,Household,52,0
2024-09-06,SKU-H-05,Household,27,0
2024-09-07,SKU-H-05,Household,24,0
2024-09-08,SKU-H-05,Household,11,0
2024-09-09,SKU-H-05,Household,33,0
2024-09-10,SKU-H-05,Household,35,0
2024-09-11,SKU-H-05,Household,32,0
2024-09-12,SKU-H-05,Household,37,0
2024-09-13,SKU-H-05,Household,28,0
2024-09-14,SKU-H-05,Household,26,0
2024-09-15,SKU-H-05,Household,30,1
2024-09-16,SKU-H-05,Household,52,0
2024-09-17,SKU-H-05,Household,28,0
2024-09-18,SKU-H-05,Household,23,0
2024-09-19,SKU-H-05,Household,68,0
2024-09-20,SKU-H-05,Household,36,0
2024-09-21,SKU-H-05,Household,34,0
2024-09-22,SKU-H-05,Household,27,0
2024-09-23,SKU-H-05,Household,42,0
2024-09-24,SKU-H-05,Household,39,0
2024-09-25,SKU-H-05,Household,101,1
2024-09-26,SKU-H-05,Household,85,1
2024-09-27,SKU-H-05,Household,45,0
2024-09-28,SKU-H-05,Household,39,0
2024-09-29,SKU-H-05,Household,34,0
2024-09-30,SKU-H-05,Household,45,0
2024-10-01,SKU-H-05,Household,51,0
2024-10-02,SKU-H-05,Household,34,0
2024-10-03,SKU-H-05,Household,57,0
2024-10-04,SKU-H-05,Household,58,0
2024-10-05,SKU-H-05,Household,18,0
2024-10-06,SKU-H-05,Household,21,0
2024-10-07,SKU-H-05,Household,47,0
2024-10-08,SKU-H-05,Household,38,0
2024-10-09,SKU-H-05,Household,40,0
2024-10-10,SKU-H-05,Household,25,0
2024-10-11,SKU-H-05,Household,33,0
2024-10-12,SKU-H-05,Household,39,0
2024-10-13,SKU-H-05,Household,17,0
2024-10-14,SKU-H-05,Household,53,0
2024-10-15,SKU-H-05,Household,25,0
2024-10-16,SKU-H-05,Household,61,1
2024-10-17,SKU-H-05,Household,38,0
2024-10-18,SKU-H-05,Household,39,0
2024-10-19,SKU-H-05,Household,21,0
2024-10-20,SKU-H-05,Household,27,0
2024-10-21,SKU-H-05,Household,43,0
2024-10-22,SKU-H-05,Household,49,0
2024-10-23,SKU-H-05,Household,41,0
2024-10-24,SKU-H-05,Household,33,0
2024-10-25,SKU-H-05,Household,23,0
2024-10-26,SKU-H-05,Household,41,1
2024-10-27,SKU-H-05,Household,17,0
2024-10-28,SKU-H-05,Household,44,0
2024-10-29,SKU-H-05,Household,53,0
2024-10-30,SKU-H-05,Household,28,0
2024-10-31,SKU-H-05,Household,30,0
2024-11-01,SKU-H-05,Household,30,0
2024-11-02,SKU-H-05,Household,44,0
2024-11-03,SKU-H-05,Household,26,0
2024-11-04,SKU-H-05,Household,51,0
2024-11-05,SKU-H-05,Household,27,0
2024-11-06,SKU-H-05,Household,38,0
2024-11-07,SKU-H-05,Household,43,0
2024-11-08,SKU-H-05,Household,40,0
2024-11-09,SKU-H-05,Household,18,0
2024-11-10,SKU-H-05,Household,27,0
2024-11-11,SKU-H-05,Household,39,0
2024-11-12,SKU-H-05,Household,24,0
2024-11-13,SKU-H-05,Household,54,0
2024-11-14,SKU-H-05,Household,39,0
2024-11-15,SKU-H-05,Household,36,0
2024-11-16,SKU-H-05,Household,35,0
2024-11-17,SKU-H-05,Household,28,0
2024-11-18,SKU-H-05,Household,21,0
2024-11-19,SKU-H-05,Household,59,0
2024-11-20,SKU-H-05,Household,39,0
2024-11-21,SKU-H-05,Household,70,0
2024-11-22,SKU-H-05,Household,25,0
2024-11-23,SKU-H-05,Household,29,0
2024-11-24,SKU-H-05,Household,20,0
2024-11-25,SKU-H-05,Household,30,0
2024-11-26,SKU-H-05,Household,43,0
2024-11-27,SKU-H-05,Household,29,0
2024-11-28,SKU-H-05,Household,38,0
2024-11-29,SKU-H-05,Household,36,0
2024-11-30,SKU-H-05,Household,41,1
2024-12-01,SKU-H-05,Household,19,0
2024-12-02,SKU-H-05,Household,29,0
2024-12-03,SKU-H-05,Household,40,0
2024-12-04,SKU-H-05,Household,53,0
2024-12-05,SKU-H-05,Household,43,0
2024-12-06,SKU-H-05,Household,36,0
2024-12-07,SKU-H-05,Household,17,0
2024-12-08,SKU-H-05,Household,14,0
2024-12-09,SKU-H-05,Household,71,0
2024-12-10,SKU-H-05,Household,47,0
2024-12-11,SKU-H-05,Household,30,0
2024-12-12,SKU-H-05,Household,32,0
2024-12-13,SKU-H-05,Household,45,0
2024-12-14,SKU-H-05,Household,103,1
2024-12-15,SKU-H-05,Household,24,0
2024-12-16,SKU-H-05,Household,37,0
2024-12-17,SKU-H-05,Household,40,0
2024-12-18,SKU-H-05,Household,43,0
2024-12-19,SKU-H-05,Household,27,0
2024-12-20,SKU-H-05,Household,23,0
2024-12-21,SKU-H-05,Household,19,0
2024-12-22,SKU-H-05,Household,22,0
2024-12-23,SKU-H-05,Household,56,0
2024-12-24,SKU-H-05,Household,49,0
2024-12-25,SKU-H-05,Household,39,0
2024-12-26,SKU-H-05,Household,47,0
2024-12-27,SKU-H-05,Household,37,0
2024-12-28,SKU-H-05,Household,27,0
2024-12-29,SKU-H-05,Household,28,0
2024-12-30,SKU-H-05,Household,39,0
2024-12-31,SKU-H-05,Household,47,0
2025-01-01,SKU-H-05,Household,44,0
2025-01-02,SKU-H-05,Household,30,0
2025-01-03,SKU-H-05,Household,36,0
2025-01-04,SKU-H-05,Household,41,0
2025-01-05,SKU-H-05,Household,19,0
2025-01-06,SKU-H-05,Household,35,0
2025-01-07,SKU-H-05,Household,30,0
2025-01-08,SKU-H-05,Household,51,0
2025-01-09,SKU-H-05,Household,25,0
2025-01-10,SKU-H-05,Household,36,0
2025-01-11,SKU-H-05,Household,18,0
2025-01-12,SKU-H-05,Household,19,0
2025-01-13,SKU-H-05,Household,37,0
2025-01-14,SKU-H-05,Household,30,0
2025-01-15,SKU-H-05,Household,56,0
2025-01-16,SKU-H-05,Household,61,0
2025-01-17,SKU-H-05,Household,56,0
2025-01-18,SKU-H-05,Household,18,0
2025-01-19,SKU-H-05,Household,21,0
2025-01-20,SKU-H-05,Household,46,0
2025-01-21,SKU-H-05,Household,24,0
2025-01-22,SKU-H-05,Household,51,0
2025-01-23,SKU-H-05,Household,40,0
2025-01-24,SKU-H-05,Household,25,0
2025-01-25,SKU-H-05,Household,27,0
2025-01-26,SKU-H-05,Household,32,1
2025-01-27,SKU-H-05,Household,108,1
2025-01-28,SKU-H-05,Household,56,0
2025-01-29,SKU-H-05,Household,31,0
2025-01-30,SKU-H-05,Household,20,0
2025-01-31,SKU-H-05,Household,55,0
2025-02-01,SKU-H-05,Household,33,0
2025-02-02,SKU-H-05,Household,20,0
2025-02-03,SKU-H-05,Household,57,0
2025-02-04,SKU-H-05,Household,31,0
2025-02-05,SKU-H-05,Household,41,0
2025-02-06,SKU-H-05,Household,58,0
2025-02-07,SKU-H-05,Household,28,0
2025-02-08,SKU-H-05,Household,19,0
2025-02-09,SKU-H-05,Household,13,0
2025-02-10,SKU-H-05,Household,24,0
2025-02-11,SKU-H-05,Household,70,0
2025-02-12,SKU-H-05,Household,28,0
2025-02-13,SKU-H-05,Household,38,0
2025-02-14,SKU-H-05,Household,39,0
2025-02-15,SKU-H-05,Household,12,0
2025-02-16,SKU-H-05,Household,22,0
2025-02-17,SKU-H-05,Household,50,0
2025-02-18,SKU-H-05,Household,31,0
2025-02-19,SKU-H-05,Household,19,0
2025-02-20,SKU-H-05,Household,61,0
2025-02-21,SKU-H-05,Household,36,0
2025-02-22,SKU-H-05,Household,22,0
2025-02-23,SKU-H-05,Household,19,0
2025-02-24,SKU-H-05,Household,30,0
2025-02-25,SKU-H-05,Household,53,0
2025-02-26,SKU-H-05,Household,49,0
2025-02-27,SKU-H-05,Household,51,0
2025-02-28,SKU-H-05,Household,22,0
2025-03-01,SKU-H-05,Household,25,0
2025-03-02,SKU-H-05,Household,26,0
2025-03-03,SKU-H-05,Household,44,0
2025-03-04,SKU-H-05,Household,40,0
2025-03-05,SKU-H-05,Household,35,0
2025-03-06,SKU-H-05,Household,51,0
2025-03-07,SKU-H-05,Household,65,0
2025-03-08,SKU-H-05,Household,33,0
2025-03-09,SKU-H-05,Household,27,0
2025-03-10,SKU-H-05,Household,39,0
2025-03-11,SKU-H-05,Household,41,0
2025-03-12,SKU-H-05,Household,30,0
2025-03-13,SKU-H-05,Household,20,0
2025-03-14,SKU-H-05,Household,30,0
2025-03-15,SKU-H-05,Household,11,0
2025-03-16,SKU-H-05,Household,16,0
2025-03-17,SKU-H-05,Household,29,0
2025-03-18,SKU-H-05,Household,91,1
2025-03-19,SKU-H-05,Household,87,0
2025-03-20,SKU-H-05,Household,32,0
2025-03-21,SKU-H-05,Household,59,0
2025-03-22,SKU-H-05,Household,63,1
2025-03-23,SKU-H-05,Household,12,0
2025-03-24,SKU-H-05,Household,116,1
2025-03-25,SKU-H-05,Household,44,0
2025-03-26,SKU-H-05,Household,64,0
2025-03-27,SKU-H-05,Household,26,0
2025-03-28,SKU-H-05,Household,37,0
2025-03-29,SKU-H-05,Household,49,0
2025-03-30,SKU-H-05,Household,25,0
2025-03-31,SKU-H-05,Household,52,0
2025-04-01,SKU-H-05,Household,38,0
2025-04-02,SKU-H-05,Household,53,0
2025-04-03,SKU-H-05,Household,33,0
2025-04-04,SKU-H-05,Household,79,0
2025-04-05,SKU-H-05,Household,34,0
2025-04-06,SKU-H-05,Household,23,0
2025-04-07,SKU-H-05,Household,92,1
2025-04-08,SKU-H-05,Household,39,0
2025-04-09,SKU-H-05,Household,49,0
2025-04-10,SKU-H-05,Household,37,0
2025-04-11,SKU-H-05,Household,62,0
2025-04-12,SKU-H-05,Household,32,0
2025-04-13,SKU-H-05,Household,12,0
2025-04-14,SKU-H-05,Household,26,0
2025-04-15,SKU-H-05,Household,38,0
2025-04-16,SKU-H-05,Household,17,0
2025-04-17,SKU-H-05,Household,49,0
2025-04-18,SKU-H-05,Household,43,0
2025-04-19,SKU-H-05,Household,46,0
2025-04-20,SKU-H-05,Household,32,0
2025-04-21,SKU-H-05,Household,23,0
2025-04-22,SKU-H-05,Household,42,0
2025-04-23,SKU-H-05,Household,62,1
2025-04-24,SKU-H-05,Household,86,0
2025-04-25,SKU-H-05,Household,33,0
2025-04-26,SKU-H-05,Household,28,0
2025-04-27,SKU-H-05,Household,26,0
2025-04-28,SKU-H-05,Household,69,0
2025-04-29,SKU-H-05,Household,62,0
2025-04-30,SKU-H-05,Household,43,0
2025-05-01,SKU-H-05,Household,42,0
2025-05-02,SKU-H-05,Household,43,0
2025-05-03,SKU-H-05,Household,21,0
2025-05-04,SKU-H-05,Household,5,0
2025-05-05,SKU-H-05,Household,33,0
2025-05-06,SKU-H-05,Household,23,0
2025-05-07,SKU-H-05,Household,31,0
2025-05-08,SKU-H-05,Household,58,0
2025-05-09,SKU-H-05,Household,39,0
2025-05-10,SKU-H-05,Household,37,0
2025-05-11,SKU-H-05,Household,19,0
2025-05-12,SKU-H-05,Household,39,0
2025-05-13,SKU-H-05,Household,32,0
2025-05-14,SKU-H-05,Household,40,0
2025-05-15,SKU-H-05,Household,53,0
2025-05-16,SKU-H-05,Household,57,0
2025-05-17,SKU-H-05,Household,20,0
2025-05-18,SKU-H-05,Household,34,0
2025-05-19,SKU-H-05,Household,39,0
2025-05-20,SKU-H-05,Household,74,0
2025-05-21,SKU-H-05,Household,28,0
2025-05-22,SKU-H-05,Household,40,0
2025-05-23,SKU-H-05,Household,32,0
2025-05-24,SKU-H-05,Household,32,0
2025-05-25,SKU-H-05,Household,31,0
2025-05-26,SKU-H-05,Household,58,0
2025-05-27,SKU-H-05,Household,42,0
2025-05-28,SKU-H-05,Household,30,0
2025-05-29,SKU-H-05,Household,66,0
2025-05-30,SKU-H-05,Household,28,0
2025-05-31,SKU-H-05,Household,33,0
2025-06-01,SKU-H-05,Household,31,0
2025-06-02,SKU-H-05,Household,38,0
2025-06-03,SKU-H-05,Household,50,0
2025-06-04,SKU-H-05,Household,35,0
2025-06-05,SKU-H-05,Household,21,0
2025-06-06,SKU-H-05,Household,38,0
2025-06-07,SKU-H-05,Household,19,0
2025-06-08,SKU-H-05,Household,27,0
2025-06-09,SKU-H-05,Household,74,1
2025-06-10,SKU-H-05,Household,34,0
2025-06-11,SKU-H-05,Household,57,0
2025-06-12,SKU-H-05,Household,34,0
2025-06-13,SKU-H-05,Household,28,0
2025-06-14,SKU-H-05,Household,22,0
2025-06-15,SKU-H-05,Household,30,0
2025-06-16,SKU-H-05,Household,59,0
2025-06-17,SKU-H-05,Household,61,0
2025-06-18,SKU-H-05,Household,30,0
2025-06-19,SKU-H-05,Household,36,0
2025-06-20,SKU-H-05,Household,33,0
2025-06-21,SKU-H-05,Household,30,0
2025-06-22,SKU-H-05,Household,78,1
2025-06-23,SKU-H-05,Household,53,0
2025-06-24,SKU-H-05,Household,65,0
2025-06-25,SKU-H-05,Household,33,0
2025-06-26,SKU-H-05,Household,44,0
2025-06-27,SKU-H-05,Household,26,0
2025-06-28,SKU-H-05,Household,23,0
2025-06-29,SKU-H-05,Household,39,0
2025-06-30,SKU-H-05,Household,58,0
2025-07-01,SKU-H-05,Household,52,0
2023-01-01,SKU-PC-01,Personal-Care,20,0
2023-01-02,SKU-PC-01,Personal-Care,42,0
2023-01-03,SKU-PC-01,Personal-Care,75,0
2023-01-04,SKU-PC-01,Personal-Care,38,0
2023-01-05,SKU-PC-01,Personal-Care,34,0
2023-01-06,SKU-PC-01,Personal-Care,13,0
2023-01-07,SKU-PC-01,Personal-Care,51,0
2023-01-08,SKU-PC-01,Personal-Care,31,0
2023-01-09,SKU-PC-01,Personal-Care,24,0
2023-01-10,SKU-PC-01,Personal-Care,14,0
2023-01-11,SKU-PC-01,Personal-Care,9,0
2023-01-12,SKU-PC-01,Personal-Care,19,0
2023-01-13,SKU-PC-01,Personal-Care,46,0
2023-01-14,SKU-PC-01,Personal-Care,65,0
2023-01-15,SKU-PC-01,Personal-Care,31,0
2023-01-16,SKU-PC-01,Personal-Care,36,0
2023-01-17,SKU-PC-01,Personal-Care,52,0
2023-01-18,SKU-PC-01,Personal-Care,28,0
2023-01-19,SKU-PC-01,Personal-Care,49,0
2023-01-20,SKU-PC-01,Personal-Care,41,0
2023-01-21,SKU-PC-01,Personal-Care,62,0
2023-01-22,SKU-PC-01,Personal-Care,38,0
2023-01-23,SKU-PC-01,Personal-Care,36,0
2023-01-24,SKU-PC-01,Personal-Care,25,0
2023-01-25,SKU-PC-01,Personal-Care,35,0
2023-01-26,SKU-PC-01,Personal-Care,58,0
2023-01-27,SKU-PC-01,Personal-Care,37,0
2023-01-28,SKU-PC-01,Personal-Care,21,0
2023-01-29,SKU-PC-01,Personal-Care,22,0
2023-01-30,SKU-PC-01,Personal-Care,37,0
2023-01-31,SKU-PC-01,Personal-Care,63,0
2023-02-01,SKU-PC-01,Personal-Care,53,0
2023-02-02,SKU-PC-01,Personal-Care,15,0
2023-02-03,SKU-PC-01,Personal-Care,39,0
2023-02-04,SKU-PC-01,Personal-Care,28,0
2023-02-05,SKU-PC-01,Personal-Care,38,0
2023-02-06,SKU-PC-01,Personal-Care,31,0
2023-02-07,SKU-PC-01,Personal-Care,24,0
2023-02-08,SKU-PC-01,Personal-Care,15,0
2023-02-09,SKU-PC-01,Personal-Care,40,0
2023-02-10,SKU-PC-01,Personal-Care,14,0
2023-02-11,SKU-PC-01,Personal-Care,29,0
2023-02-12,SKU-PC-01,Personal-Care,17,0
2023-02-13,SKU-PC-01,Personal-Care,33,0
2023-02-14,SKU-PC-01,Personal-Care,9,0
2023-02-15,SKU-PC-01,Personal-Care,12,0
2023-02-16,SKU-PC-01,Personal-Care,48,0
2023-02-17,SKU-PC-01,Personal-Care,22,0
2023-02-18,SKU-PC-01,Personal-Care,49,0
2023-02-19,SKU-PC-01,Personal-Care,20,0
2023-02-20,SKU-PC-01,Personal-Care,79,0
2023-02-21,SKU-PC-01,Personal-Care,11,0
2023-02-22,SKU-PC-01,Personal-Care,21,0
2023-02-23,SKU-PC-01,Personal-Care,25,0
2023-02-24,SKU-PC-01,Personal-Care,44,0
2023-02-25,SKU-PC-01,Personal-Care,52,0
2023-02-26,SKU-PC-01,Personal-Care,32,0
2023-02-27,SKU-PC-01,Personal-Care,31,0
2023-02-28,SKU-PC-01,Personal-Care,28,0
2023-03-01,SKU-PC-01,Personal-Care,37,0
2023-03-02,SKU-PC-01,Personal-Care,33,0
2023-03-03,SKU-PC-01,Personal-Care,43,0
2023-03-04,SKU-PC-01,Personal-Care,40,0
2023-03-05,SKU-PC-01,Personal-Care,31,0
2023-03-06,SKU-PC-01,Personal-Care,16,0
2023-03-07,SKU-PC-01,Personal-Care,32,0
2023-03-08,SKU-PC-01,Personal-Care,20,0
2023-03-09,SKU-PC-01,Personal-Care,43,0
2023-03-10,SKU-PC-01,Personal-Care,24,0
2023-03-11,SKU-PC-01,Personal-Care,20,0
2023-03-12,SKU-PC-01,Personal-Care,40,0
2023-03-13,SKU-PC-01,Personal-Care,22,0
2023-03-14,SKU-PC-01,Personal-Care,46,0
2023-03-15,SKU-PC-01,Personal-Care,17,0
2023-03-16,SKU-PC-01,Personal-Care,52,0
2023-03-17,SKU-PC-01,Personal-Care,84,0
2023-03-18,SKU-PC-01,Personal-Care,26,0
2023-03-19,SKU-PC-01,Personal-Care,108,1
2023-03-20,SKU-PC-01,Personal-Care,18,0
2023-03-21,SKU-PC-01,Personal-Care,21,0
2023-03-22,SKU-PC-01,Personal-Care,33,0
2023-03-23,SKU-PC-01,Personal-Care,64,0
2023-03-24,SKU-PC-01,Personal-Care,22,0
2023-03-25,SKU-PC-01,Personal-Care,22,0
2023-03-26,SKU-PC-01,Personal-Care,44,0
2023-03-27,SKU-PC-01,Personal-Care,36,0
2023-03-28,SKU-PC-01,Personal-Care,40,0
2023-03-29,SKU-PC-01,Personal-Care,21,0
2023-03-30,SKU-PC-01,Personal-Care,22,0
2023-03-31,SKU-PC-01,Personal-Care,26,0
2023-04-01,SKU-PC-01,Personal-Care,29,0
2023-04-02,SKU-PC-01,Personal-Care,22,0
2023-04-03,SKU-PC-01,Personal-Care,68,0
2023-04-04,SKU-PC-01,Personal-Care,187,1
2023-04-05,SKU-PC-01,Personal-Care,45,0
2023-04-06,SKU-PC-01,Personal-Care,36,0
2023-04-07,SKU-PC-01,Personal-Care,47,0
2023-04-08,SKU-PC-01,Personal-Care,60,0
2023-04-09,SKU-PC-01,Personal-Care,28,0
2023-04-10,SKU-PC-01,Personal-Care,17,0
2023-04-11,SKU-PC-01,Personal-Care,58,0
2023-04-12,SKU-PC-01,Personal-Care,44,0
2023-04-13,SKU-PC-01,Personal-Care,58,0
2023-04-14,SKU-PC-01,Personal-Care,41,0
2023-04-15,SKU-PC-01,Personal-Care,48,0
2023-04-16,SKU-PC-01,Personal-Care,44,0
2023-04-17,SKU-PC-01,Personal-Care,15,0
2023-04-18,SKU-PC-01,Personal-Care,43,0
2023-04-19,SKU-PC-01,Personal-Care,53,0
2023-04-20,SKU-PC-01,Personal-Care,41,0
2023-04-21,SKU-PC-01,Personal-Care,24,0
2023-04-22,SKU-PC-01,Personal-Care,27,0
2023-04-23,SKU-PC-01,Personal-Care,33,0
2023-04-24,SKU-PC-01,Personal-Care,41,0
2023-04-25,SKU-PC-01,Personal-Care,34,0
2023-04-26,SKU-PC-01,Personal-Care,22,0
2023-04-27,SKU-PC-01,Personal-Care,22,0
2023-04-28,SKU-PC-01,Personal-Care,34,0
2023-04-29,SKU-PC-01,Personal-Care,53,0
2023-04-30,SKU-PC-01,Personal-Care,63,0
2023-05-01,SKU-PC-01,Personal-Care,30,0
2023-05-02,SKU-PC-01,Personal-Care,59,0
2023-05-03,SKU-PC-01,Personal-Care,53,0
2023-05-04,SKU-PC-01,Personal-Care,33,0
2023-05-05,SKU-PC-01,Personal-Care,32,0
2023-05-06,SKU-PC-01,Personal-Care,28,0
2023-05-07,SKU-PC-01,Personal-Care,15,0
2023-05-08,SKU-PC-01,Personal-Care,33,0
2023-05-09,SKU-PC-01,Personal-Care,48,0
2023-05-10,SKU-PC-01,Personal-Care,39,0
2023-05-11,SKU-PC-01,Personal-Care,18,0
2023-05-12,SKU-PC-01,Personal-Care,32,0
2023-05-13,SKU-PC-01,Personal-Care,41,0
2023-05-14,SKU-PC-01,Personal-Care,42,0
2023-05-15,SKU-PC-01,Personal-Care,39,1
2023-05-16,SKU-PC-01,Personal-Care,26,0
2023-05-17,SKU-PC-01,Personal-Care,35,0
2023-05-18,SKU-PC-01,Personal-Care,35,0
2023-05-19,SKU-PC-01,Personal-Care,66,0
2023-05-20,SKU-PC-01,Personal-Care,28,0
2023-05-21,SKU-PC-01,Personal-Care,70,0
2023-05-22,SKU-PC-01,Personal-Care,56,0
2023-05-23,SKU-PC-01,Personal-Care,52,1
2023-05-24,SKU-PC-01,Personal-Care,34,0
2023-05-25,SKU-PC-01,Personal-Care,29,0
2023-05-26,SKU-PC-01,Personal-Care,27,0
2023-05-27,SKU-PC-01,Personal-Care,28,0
2023-05-28,SKU-PC-01,Personal-Care,32,0
2023-05-29,SKU-PC-01,Personal-Care,16,0
2023-05-30,SKU-PC-01,Personal-Care,27,0
2023-05-31,SKU-PC-01,Personal-Care,33,0
2023-06-01,SKU-PC-01,Personal-Care,39,0
2023-06-02,SKU-PC-01,Personal-Care,37,0
2023-06-03,SKU-PC-01,Personal-Care,71,0
2023-06-04,SKU-PC-01,Personal-Care,48,0
2023-06-05,SKU-PC-01,Personal-Care,27,0
2023-06-06,SKU-PC-01,Personal-Care,33,0
2023-06-07,SKU-PC-01,Personal-Care,29,0
2023-06-08,SKU-PC-01,Personal-Care,19,0
2023-06-09,SKU-PC-01,Personal-Care,33,0
2023-06-10,SKU-PC-01,Personal-Care,40,0
2023-06-11,SKU-PC-01,Personal-Care,33,0
2023-06-12,SKU-PC-01,Personal-Care,26,0
2023-06-13,SKU-PC-01,Personal-Care,38,0
2023-06-14,SKU-PC-01,Personal-Care,23,0
2023-06-15,SKU-PC-01,Personal-Care,24,0
2023-06-16,SKU-PC-01,Personal-Care,9,0
2023-06-17,SKU-PC-01,Personal-Care,38,0
2023-06-18,SKU-PC-01,Personal-Care,46,0
2023-06-19,SKU-PC-01,Personal-Care,43,0
2023-06-20,SKU-PC-01,Personal-Care,41,0
2023-06-21,SKU-PC-01,Personal-Care,48,0
2023-06-22,SKU-PC-01,Personal-Care,53,0
2023-06-23,SKU-PC-01,Personal-Care,64,0
2023-06-24,SKU-PC-01,Personal-Care,31,0
2023-06-25,SKU-PC-01,Personal-Care,65,0
2023-06-26,SKU-PC-01,Personal-Care,29,0
2023-06-27,SKU-PC-01,Personal-Care,25,0
2023-06-28,SKU-PC-01,Personal-Care,43,0
2023-06-29,SKU-PC-01,Personal-Care,18,0
2023-06-30,SKU-PC-01,Personal-Care,61,0
2023-07-01,SKU-PC-01,Personal-Care,50,0
2023-07-02,SKU-PC-01,Personal-Care,64,0
2023-07-03,SKU-PC-01,Personal-Care,42,0
2023-07-04,SKU-PC-01,Personal-Care,43,0
2023-07-05,SKU-PC-01,Personal-Care,30,0
2023-07-06,SKU-PC-01,Personal-Care,52,0
2023-07-07,SKU-PC-01,Personal-Care,23,0
2023-07-08,SKU-PC-01,Personal-Care,22,0
2023-07-09,SKU-PC-01,Personal-Care,21,0
2023-07-10,SKU-PC-01,Personal-Care,66,1
2023-07-11,SKU-PC-01,Personal-Care,32,0
2023-07-12,SKU-PC-01,Personal-Care,27,0
2023-07-13,SKU-PC-01,Personal-Care,50,0
2023-07-14,SKU-PC-01,Personal-Care,22,0
2023-07-15,SKU-PC-01,Personal-Care,24,0
2023-07-16,SKU-PC-01,Personal-Care,58,0
2023-07-17,SKU-PC-01,Personal-Care,29,0
2023-07-18,SKU-PC-01,Personal-Care,91,0
2023-07-19,SKU-PC-01,Personal-Care,35,0
2023-07-20,SKU-PC-01,Personal-Care,15,0
2023-07-21,SKU-PC-01,Personal-Care,124,1
2023-07-22,SKU-PC-01,Personal-Care,38,0
2023-07-23,SKU-PC-01,Personal-Care,30,0
2023-07-24,SKU-PC-01,Personal-Care,10,0
2023-07-25,SKU-PC-01,Personal-Care,39,0
2023-07-26,SKU-PC-01,Personal-Care,37,0
2023-07-27,SKU-PC-01,Personal-Care,46,0
2023-07-28,SKU-PC-01,Personal-Care,36,0
2023-07-29,SKU-PC-01,Personal-Care,48,0
2023-07-30,SKU-PC-01,Personal-Care,11,0
2023-07-31,SKU-PC-01,Personal-Care,46,1
2023-08-01,SKU-PC-01,Personal-Care,30,0
2023-08-02,SKU-PC-01,Personal-Care,33,0
2023-08-03,SKU-PC-01,Personal-Care,25,0
2023-08-04,SKU-PC-01,Personal-Care,49,0
2023-08-05,SKU-PC-01,Personal-Care,26,0
2023-08-06,SKU-PC-01,Personal-Care,29,0
2023-08-07,SKU-PC-01,Personal-Care,75,0
2023-08-08,SKU-PC-01,Personal-Care,75,1
2023-08-09,SKU-PC-01,Personal-Care,35,0
2023-08-10,SKU-PC-01,Personal-Care,24,0
2023-08-11,SKU-PC-01,Personal-Care,35,0
2023-08-12,SKU-PC-01,Personal-Care,79,0
2023-08-13,SKU-PC-01,Personal-Care,29,0
2023-08-14,SKU-PC-01,Personal-Care,48,0
2023-08-15,SKU-PC-01,Personal-Care,17,0
2023-08-16,SKU-PC-01,Personal-Care,33,0
2023-08-17,SKU-PC-01,Personal-Care,24,0
2023-08-18,SKU-PC-01,Personal-Care,48,0
2023-08-19,SKU-PC-01,Personal-Care,17,0
2023-08-20,SKU-PC-01,Personal-Care,27,0
2023-08-21,SKU-PC-01,Personal-Care,31,0
2023-08-22,SKU-PC-01,Personal-Care,31,0
2023-08-23,SKU-PC-01,Personal-Care,28,0
2023-08-24,SKU-PC-01,Personal-Care,5,0
2023-08-25,SKU-PC-01,Personal-Care,38,0
2023-08-26,SKU-PC-01,Personal-Care,148,1
2023-08-27,SKU-PC-01,Personal-Care,16,0
2023-08-28,SKU-PC-01,Personal-Care,20,0
2023-08-29,SKU-PC-01,Personal-Care,22,0
2023-08-30,SKU-PC-01,Personal-Care,26,0
2023-08-31,SKU-PC-01,Personal-Care,39,0
2023-09-01,SKU-PC-01,Personal-Care,31,0
2023-09-02,SKU-PC-01,Personal-Care,56,0
2023-09-03,SKU-PC-01,Personal-Care,36,0
2023-09-04,SKU-PC-01,Personal-Care,34,0
2023-09-05,SKU-PC-01,Personal-Care,24,0
2023-09-06,SKU-PC-01,Personal-Care,63,0
2023-09-07,SKU-PC-01,Personal-Care,54,0
2023-09-08,SKU-PC-01,Personal-Care,48,0
2023-09-09,SKU-PC-01,Personal-Care,79,0
2023-09-10,SKU-PC-01,Personal-Care,53,1
2023-09-11,SKU-PC-01,Personal-Care,23,0
2023-09-12,SKU-PC-01,Personal-Care,34,0
2023-09-13,SKU-PC-01,Personal-Care,14,0
2023-09-14,SKU-PC-01,Personal-Care,16,0
2023-09-15,SKU-PC-01,Personal-Care,21,0
2023-09-16,SKU-PC-01,Personal-Care,37,0
2023-09-17,SKU-PC-01,Personal-Care,28,0
2023-09-18,SKU-PC-01,Personal-Care,59,0
2023-09-19,SKU-PC-01,Personal-Care,52,0
2023-09-20,SKU-PC-01,Personal-Care,47,0
2023-09-21,SKU-PC-01,Personal-Care,17,0
2023-09-22,SKU-PC-01,Personal-Care,33,0
2023-09-23,SKU-PC-01,Personal-Care,30,0
2023-09-24,SKU-PC-01,Personal-Care,40,0
2023-09-25,SKU-PC-01,Personal-Care,33,0
2023-09-26,SKU-PC-01,Personal-Care,42,0
2023-09-27,SKU-PC-01,Personal-Care,64,1
2023-09-28,SKU-PC-01,Personal-Care,25,0
2023-09-29,SKU-PC-01,Personal-Care,35,0
2023-09-30,SKU-PC-01,Personal-Care,23,0
2023-10-01,SKU-PC-01,Personal-Care,42,0
2023-10-02,SKU-PC-01,Personal-Care,26,0
2023-10-03,SKU-PC-01,Personal-Care,22,0
2023-10-04,SKU-PC-01,Personal-Care,33,0
2023-10-05,SKU-PC-01,Personal-Care,33,0
2023-10-06,SKU-PC-01,Personal-Care,28,0
2023-10-07,SKU-PC-01,Personal-Care,35,0
2023-10-08,SKU-PC-01,Personal-Care,31,0
2023-10-09,SKU-PC-01,Personal-Care,67,0
2023-10-10,SKU-PC-01,Personal-Care,27,0
2023-10-11,SKU-PC-01,Personal-Care,27,0
2023-10-12,SKU-PC-01,Personal-Care,36,0
2023-10-13,SKU-PC-01,Personal-Care,72,0
2023-10-14,SKU-PC-01,Personal-Care,98,0
2023-10-15,SKU-PC-01,Personal-Care,45,1
2023-10-16,SKU-PC-01,Personal-Care,43,0
2023-10-17,SKU-PC-01,Personal-Care,53,0
2023-10-18,SKU-PC-01,Personal-Care,17,0
2023-10-19,SKU-PC-01,Personal-Care,21,0
2023-10-20,SKU-PC-01,Personal-Care,27,0
2023-10-21,SKU-PC-01,Personal-Care,36,0
2023-10-22,SKU-PC-01,Personal-Care,32,0
2023-10-23,SKU-PC-01,Personal-Care,68,0
2023-10-24,SKU-PC-01,Personal-Care,21,0
2023-10-25,SKU-PC-01,Personal-Care,30,0
2023-10-26,SKU-PC-01,Personal-Care,23,0
2023-10-27,SKU-PC-01,Personal-Care,32,0
2023-10-28,SKU-PC-01,Personal-Care,144,1
2023-10-29,SKU-PC-01,Personal-Care,16,0
2023-10-30,SKU-PC-01,Personal-Care,33,0
2023-10-31,SKU-PC-01,Personal-Care,33,0
2023-11-01,SKU-PC-01,Personal-Care,61,0
2023-11-02,SKU-PC-01,Personal-Care,56,0
2023-11-03,SKU-PC-01,Personal-Care,40,0
2023-11-04,SKU-PC-01,Personal-Care,49,0
2023-11-05,SKU-PC-01,Personal-Care,33,0
2023-11-06,SKU-PC-01,Personal-Care,46,0
2023-11-07,SKU-PC-01,Personal-Care,22,0
2023-11-08,SKU-PC-01,Personal-Care,39,0
2023-11-09,SKU-PC-01,Personal-Care,42,0
2023-11-10,SKU-PC-01,Personal-Care,44,0
2023-11-11,SKU-PC-01,Personal-Care,39,0
2023-11-12,SKU-PC-01,Personal-Care,32,0
2023-11-13,SKU-PC-01,Personal-Care,53,0
2023-11-14,SKU-PC-01,Personal-Care,30,0
2023-11-15,SKU-PC-01,Personal-Care,47,0
2023-11-16,SKU-PC-01,Personal-Care,56,0
2023-11-17,SKU-PC-01,Personal-Care,22,0
2023-11-18,SKU-PC-01,Personal-Care,19,0
2023-11-19,SKU-PC-01,Personal-Care,25,0
2023-11-20,SKU-PC-01,Personal-Care,32,0
2023-11-21,SKU-PC-01,Personal-Care,23,0
2023-11-22,SKU-PC-01,Personal-Care,34,0
2023-11-23,SKU-PC-01,Personal-Care,52,0
2023-11-24,SKU-PC-01,Personal-Care,25,0
2023-11-25,SKU-PC-01,Personal-Care,16,0
2023-11-26,SKU-PC-01,Personal-Care,20,0
2023-11-27,SKU-PC-01,Personal-Care,16,0
2023-11-28,SKU-PC-01,Personal-Care,20,0
2023-11-29,SKU-PC-01,Personal-Care,62,0
2023-11-30,SKU-PC-01,Personal-Care,49,0
2023-12-01,SKU-PC-01,Personal-Care,26,0
2023-12-02,SKU-PC-01,Personal-Care,13,0
2023-12-03,SKU-PC-01,Personal-Care,24,0
2023-12-04,SKU-PC-01,Personal-Care,75,1
2023-12-05,SKU-PC-01,Personal-Care,47,0
2023-12-06,SKU-PC-01,Personal-Care,22,0
2023-12-07,SKU-PC-01,Personal-Care,35,0
2023-12-08,SKU-PC-01,Personal-Care,28,0
2023-12-09,SKU-PC-01,Personal-Care,40,0
2023-12-10,SKU-PC-01,Personal-Care,19,0
2023-12-11,SKU-PC-01,Personal-Care,57,1
2023-12-12,SKU-PC-01,Personal-Care,12,0
2023-12-13,SKU-PC-01,Personal-Care,34,0
2023-12-14,SKU-PC-01,Personal-Care,58,0
2023-12-15,SKU-PC-01,Personal-Care,26,0
2023-12-16,SKU-PC-01,Personal-Care,71,0
2023-12-17,SKU-PC-01,Personal-Care,13,0
2023-12-18,SKU-PC-01,Personal-Care,29,0
2023-12-19,SKU-PC-01,Personal-Care,53,1
2023-12-20,SKU-PC-01,Personal-Care,33,0
2023-12-21,SKU-PC-01,Personal-Care,77,0
2023-12-22,SKU-PC-01,Personal-Care,58,0
2023-12-23,SKU-PC-01,Personal-Care,49,0
2023-12-24,SKU-PC-01,Personal-Care,59,0
2023-12-25,SKU-PC-01,Personal-Care,40,0
2023-12-26,SKU-PC-01,Personal-Care,37,0
2023-12-27,SKU-PC-01,Personal-Care,28,0
2023-12-28,SKU-PC-01,Personal-Care,50,0
2023-12-29,SKU-PC-01,Personal-Care,18,0
2023-12-30,SKU-PC-01,Personal-Care,66,0
2023-12-31,SKU-PC-01,Personal-Care,21,0
2024-01-01,SKU-PC-01,Personal-Care,62,0
2024-01-02,SKU-PC-01,Personal-Care,50,0
2024-01-03,SKU-PC-01,Personal-Care,50,0
2024-01-04,SKU-PC-01,Personal-Care,32,0
2024-01-05,SKU-PC-01,Personal-Care,56,0
2024-01-06,SKU-PC-01,Personal-Care,35,0
2024-01-07,SKU-PC-01,Personal-Care,40,0
2024-01-08,SKU-PC-01,Personal-Care,41,0
2024-01-09,SKU-PC-01,Personal-Care,43,0
2024-01-10,SKU-PC-01,Personal-Care,52,0
2024-01-11,SKU-PC-01,Personal-Care,42,0
2024-01-12,SKU-PC-01,Personal-Care,50,0
2024-01-13,SKU-PC-01,Personal-Care,52,0
2024-01-14,SKU-PC-01,Personal-Care,37,0
2024-01-15,SKU-PC-01,Personal-Care,68,0
2024-01-16,SKU-PC-01,Personal-Care,63,0
2024-01-17,SKU-PC-01,Personal-Care,34,0
2024-01-18,SKU-PC-01,Personal-Care,34,0
2024-01-19,SKU-PC-01,Personal-Care,3,0
2024-01-20,SKU-PC-01,Personal-Care,78,0
2024-01-21,SKU-PC-01,Personal-Care,121,1
2024-01-22,SKU-PC-01,Personal-Care,48,0
2024-01-23,SKU-PC-01,Personal-Care,35,0
2024-01-24,SKU-PC-01,Personal-Care,37,0
2024-01-25,SKU-PC-01,Personal-Care,29,0
2024-01-26,SKU-PC-01,Personal-Care,13,0
2024-01-27,SKU-PC-01,Personal-Care,16,0
2024-01-28,SKU-PC-01,Personal-Care,31,0
2024-01-29,SKU-PC-01,Personal-Care,24,0
2024-01-30,SKU-PC-01,Personal-Care,44,0
2024-01-31,SKU-PC-01,Personal-Care,19,0
2024-02-01,SKU-PC-01,Personal-Care,47,0
2024-02-02,SKU-PC-01,Personal-Care,34,0
2024-02-03,SKU-PC-01,Personal-Care,37,0
2024-02-04,SKU-PC-01,Personal-Care,70,0
2024-02-05,SKU-PC-01,Personal-Care,24,0
2024-02-06,SKU-PC-01,Personal-Care,69,0
2024-02-07,SKU-PC-01,Personal-Care,17,0
2024-02-08,SKU-PC-01,Personal-Care,31,0
2024-02-09,SKU-PC-01,Personal-Care,23,0
2024-02-10,SKU-PC-01,Personal-Care,18,0
2024-02-11,SKU-PC-01,Personal-Care,72,1
2024-02-12,SKU-PC-01,Personal-Care,42,0
2024-02-13,SKU-PC-01,Personal-Care,36,0
2024-02-14,SKU-PC-01,Personal-Care,41,0
2024-02-15,SKU-PC-01,Personal-Care,34,0
2024-02-16,SKU-PC-01,Personal-Care,62,0
2024-02-17,SKU-PC-01,Personal-Care,27,0
2024-02-18,SKU-PC-01,Personal-Care,26,0
2024-02-19,SKU-PC-01,Personal-Care,69,1
2024-02-20,SKU-PC-01,Personal-Care,54,1
2024-02-21,SKU-PC-01,Personal-Care,21,0
2024-02-22,SKU-PC-01,Personal-Care,68,0
2024-02-23,SKU-PC-01,Personal-Care,68,0
2024-02-24,SKU-PC-01,Personal-Care,18,0
2024-02-25,SKU-PC-01,Personal-Care,29,0
2024-02-26,SKU-PC-01,Personal-Care,10,0
2024-02-27,SKU-PC-01,Personal-Care,57,0
2024-02-28,SKU-PC-01,Personal-Care,21,0
2024-02-29,SKU-PC-01,Personal-Care,44,0
2024-03-01,SKU-PC-01,Personal-Care,44,0
2024-03-02,SKU-PC-01,Personal-Care,54,0
2024-03-03,SKU-PC-01,Personal-Care,65,1
2024-03-04,SKU-PC-01,Personal-Care,117,1
2024-03-05,SKU-PC-01,Personal-Care,39,0
2024-03-06,SKU-PC-01,Personal-Care,43,0
2024-03-07,SKU-PC-01,Personal-Care,52,0
2024-03-08,SKU-PC-01,Personal-Care,33,0
2024-03-09,SKU-PC-01,Personal-Care,86,0
2024-03-10,SKU-PC-01,Personal-Care,82,1
2024-03-11,SKU-PC-01,Personal-Care,45,0
2024-03-12,SKU-PC-01,Personal-Care,10,0
2024-03-13,SKU-PC-01,Personal-Care,28,0
2024-03-14,SKU-PC-01,Personal-Care,12,0
2024-03-15,SKU-PC-01,Personal-Care,18,0
2024-03-16,SKU-PC-01,Personal-Care,37,0
2024-03-17,SKU-PC-01,Personal-Care,28,0
2024-03-18,SKU-PC-01,Personal-Care,56,0
2024-03-19,SKU-PC-01,Personal-Care,44,0
2024-03-20,SKU-PC-01,Personal-Care,23,0
2024-03-21,SKU-PC-01,Personal-Care,34,0
2024-03-22,SKU-PC-01,Personal-Care,10,0
2024-03-23,SKU-PC-01,Personal-Care,9,0
2024-03-24,SKU-PC-01,Personal-Care,54,0
2024-03-25,SKU-PC-01,Personal-Care,21,0
2024-03-26,SKU-PC-01,Personal-Care,13,0
2024-03-27,SKU-PC-01,Personal-Care,37,0
2024-03-28,SKU-PC-01,Personal-Care,82,0
2024-03-29,SKU-PC-01,Personal-Care,6,0
2024-03-30,SKU-PC-01,Personal-Care,28,0
2024-03-31,SKU-PC-01,Personal-Care,32,0
2024-04-01,SKU-PC-01,Personal-Care,26,0
2024-04-02,SKU-PC-01,Personal-Care,12,0
2024-04-03,SKU-PC-01,Personal-Care,17,0
2024-04-04,SKU-PC-01,Personal-Care,46,0
2024-04-05,SKU-PC-01,Personal-Care,43,1
2024-04-06,SKU-PC-01,Personal-Care,50,0
2024-04-07,SKU-PC-01,Personal-Care,23,0
2024-04-08,SKU-PC-01,Personal-Care,36,0
2024-04-09,SKU-PC-01,Personal-Care,40,0
2024-04-10,SKU-PC-01,Personal-Care,22,0
2024-04-11,SKU-PC-01,Personal-Care,88,1
2024-04-12,SKU-PC-01,Personal-Care,33,0
2024-04-13,SKU-PC-01,Personal-Care,20,0
2024-04-14,SKU-PC-01,Personal-Care,49,0
2024-04-15,SKU-PC-01,Personal-Care,39,0
2024-04-16,SKU-PC-01,Personal-Care,51,0
2024-04-17,SKU-PC-01,Personal-Care,68,0
2024-04-18,SKU-PC-01,Personal-Care,35,0
2024-04-19,SKU-PC-01,Personal-Care,88,0
2024-04-20,SKU-PC-01,Personal-Care,27,0
2024-04-21,SKU-PC-01,Personal-Care,52,0
2024-04-22,SKU-PC-01,Personal-Care,29,0
2024-04-23,SKU-PC-01,Personal-Care,36,0
2024-04-24,SKU-PC-01,Personal-Care,28,0
2024-04-25,SKU-PC-01,Personal-Care,69,0
2024-04-26,SKU-PC-01,Personal-Care,33,0
2024-04-27,SKU-PC-01,Personal-Care,27,0
2024-04-28,SKU-PC-01,Personal-Care,16,0
2024-04-29,SKU-PC-01,Personal-Care,60,0
2024-04-30,SKU-PC-01,Personal-Care,37,0
2024-05-01,SKU-PC-01,Personal-Care,41,0
2024-05-02,SKU-PC-01,Personal-Care,24,0
2024-05-03,SKU-PC-01,Personal-Care,66,0
2024-05-04,SKU-PC-01,Personal-Care,17,0
2024-05-05,SKU-PC-01,Personal-Care,24,0
2024-05-06,SKU-PC-01,Personal-Care,48,0
2024-05-07,SKU-PC-01,Personal-Care,31,0
2024-05-08,SKU-PC-01,Personal-Care,30,0
2024-05-09,SKU-PC-01,Personal-Care,39,0
2024-05-10,SKU-PC-01,Personal-Care,83,0
2024-05-11,SKU-PC-01,Personal-Care,27,0
2024-05-12,SKU-PC-01,Personal-Care,60,0
2024-05-13,SKU-PC-01,Personal-Care,12,0
2024-05-14,SKU-PC-01,Personal-Care,35,0
2024-05-15,SKU-PC-01,Personal-Care,44,0
2024-05-16,SKU-PC-01,Personal-Care,8,0
2024-05-17,SKU-PC-01,Personal-Care,25,0
2024-05-18,SKU-PC-01,Personal-Care,37,0
2024-05-19,SKU-PC-01,Personal-Care,25,0
2024-05-20,SKU-PC-01,Personal-Care,30,0
2024-05-21,SKU-PC-01,Personal-Care,25,0
2024-05-22,SKU-PC-01,Personal-Care,40,0
2024-05-23,SKU-PC-01,Personal-Care,30,0
2024-05-24,SKU-PC-01,Personal-Care,70,0
2024-05-25,SKU-PC-01,Personal-Care,34,0
2024-05-26,SKU-PC-01,Personal-Care,38,0
2024-05-27,SKU-PC-01,Personal-Care,53,0
2024-05-28,SKU-PC-01,Personal-Care,44,0
2024-05-29,SKU-PC-01,Personal-Care,46,0
2024-05-30,SKU-PC-01,Personal-Care,34,0
2024-05-31,SKU-PC-01,Personal-Care,100,1
2024-06-01,SKU-PC-01,Personal-Care,32,0
2024-06-02,SKU-PC-01,Personal-Care,19,0
2024-06-03,SKU-PC-01,Personal-Care,49,0
2024-06-04,SKU-PC-01,Personal-Care,43,0
2024-06-05,SKU-PC-01,Personal-Care,18,0
2024-06-06,SKU-PC-01,Personal-Care,32,0
2024-06-07,SKU-PC-01,Personal-Care,31,0
2024-06-08,SKU-PC-01,Personal-Care,23,0
2024-06-09,SKU-PC-01,Personal-Care,146,1
2024-06-10,SKU-PC-01,Personal-Care,16,0
2024-06-11,SKU-PC-01,Personal-Care,59,0
2024-06-12,SKU-PC-01,Personal-Care,15,0
2024-06-13,SKU-PC-01,Personal-Care,9,0
2024-06-14,SKU-PC-01,Personal-Care,24,0
2024-06-15,SKU-PC-01,Personal-Care,61,0
2024-06-16,SKU-PC-01,Personal-Care,29,0
2024-06-17,SKU-PC-01,Personal-Care,55,0
2024-06-18,SKU-PC-01,Personal-Care,103,1
2024-06-19,SKU-PC-01,Personal-Care,28,0
2024-06-20,SKU-PC-01,Personal-Care,60,0
2024-06-21,SKU-PC-01,Personal-Care,31,0
2024-06-22,SKU-PC-01,Personal-Care,41,0
2024-06-23,SKU-PC-01,Personal-Care,34,0
2024-06-24,SKU-PC-01,Personal-Care,29,0
2024-06-25,SKU-PC-01,Personal-Care,34,0
2024-06-26,SKU-PC-01,Personal-Care,21,0
2024-06-27,SKU-PC-01,Personal-Care,47,0
2024-06-28,SKU-PC-01,Personal-Care,27,0
2024-06-29,SKU-PC-01,Personal-Care,38,0
2024-06-30,SKU-PC-01,Personal-Care,170,1
2024-07-01,SKU-PC-01,Personal-Care,18,0
2024-07-02,SKU-PC-01,Personal-Care,111,1
2024-07-03,SKU-PC-01,Personal-Care,23,0
2024-07-04,SKU-PC-01,Personal-Care,62,0
2024-07-05,SKU-PC-01,Personal-Care,64,0
2024-07-06,SKU-PC-01,Personal-Care,32,0
2024-07-07,SKU-PC-01,Personal-Care,21,0
2024-07-08,SKU-PC-01,Personal-Care,27,0
2024-07-09,SKU-PC-01,Personal-Care,42,0
2024-07-10,SKU-PC-01,Personal-Care,51,0
2024-07-11,SKU-PC-01,Personal-Care,33,0
2024-07-12,SKU-PC-01,Personal-Care,35,0
2024-07-13,SKU-PC-01,Personal-Care,38,0
2024-07-14,SKU-PC-01,Personal-Care,50,0
2024-07-15,SKU-PC-01,Personal-Care,66,0
2024-07-16,SKU-PC-01,Personal-Care,33,0
2024-07-17,SKU-PC-01,Personal-Care,48,0
2024-07-18,SKU-PC-01,Personal-Care,28,0
2024-07-19,SKU-PC-01,Personal-Care,26,0
2024-07-20,SKU-PC-01,Personal-Care,21,0
2024-07-21,SKU-PC-01,Personal-Care,21,0
2024-07-22,SKU-PC-01,Personal-Care,24,0
2024-07-23,SKU-PC-01,Personal-Care,23,0
2024-07-24,SKU-PC-01,Personal-Care,34,0
2024-07-25,SKU-PC-01,Personal-Care,22,0
2024-07-26,SKU-PC-01,Personal-Care,11,0
2024-07-27,SKU-PC-01,Personal-Care,10,0
2024-07-28,SKU-PC-01,Personal-Care,25,0
2024-07-29,SKU-PC-01,Personal-Care,75,0
2024-07-30,SKU-PC-01,Personal-Care,40,0
2024-07-31,SKU-PC-01,Personal-Care,27,0
2024-08-01,SKU-PC-01,Personal-Care,55,0
2024-08-02,SKU-PC-01,Personal-Care,57,0
2024-08-03,SKU-PC-01,Personal-Care,40,0
2024-08-04,SKU-PC-01,Personal-Care,4,0
2024-08-05,SKU-PC-01,Personal-Care,16,0
2024-08-06,SKU-PC-01,Personal-Care,38,0
2024-08-07,SKU-PC-01,Personal-Care,20,0
2024-08-08,SKU-PC-01,Personal-Care,46,0
2024-08-09,SKU-PC-01,Personal-Care,38,0
2024-08-10,SKU-PC-01,Personal-Care,32,0
2024-08-11,SKU-PC-01,Personal-Care,23,0
2024-08-12,SKU-PC-01,Personal-Care,24,0
2024-08-13,SKU-PC-01,Personal-Care,41,0
2024-08-14,SKU-PC-01,Personal-Care,15,0
2024-08-15,SKU-PC-01,Personal-Care,56,0
2024-08-16,SKU-PC-01,Personal-Care,28,0
2024-08-17,SKU-PC-01,Personal-Care,29,0
2024-08-18,SKU-PC-01,Personal-Care,31,0
2024-08-19,SKU-PC-01,Personal-Care,12,0
2024-08-20,SKU-PC-01,Personal-Care,19,0
2024-08-21,SKU-PC-01,Personal-Care,77,1
2024-08-22,SKU-PC-01,Personal-Care,30,0
2024-08-23,SKU-PC-01,Personal-Care,56,0
2024-08-24,SKU-PC-01,Personal-Care,51,0
2024-08-25,SKU-PC-01,Personal-Care,30,0
2024-08-26,SKU-PC-01,Personal-Care,51,0
2024-08-27,SKU-PC-01,Personal-Care,50,0
2024-08-28,SKU-PC-01,Personal-Care,19,0
2024-08-29,SKU-PC-01,Personal-Care,34,0
2024-08-30,SKU-PC-01,Personal-Care,18,0
2024-08-31,SKU-PC-01,Personal-Care,54,0
2024-09-01,SKU-PC-01,Personal-Care,33,0
2024-09-02,SKU-PC-01,Personal-Care,30,0
2024-09-03,SKU-PC-01,Personal-Care,38,0
2024-09-04,SKU-PC-01,Personal-Care,23,0
2024-09-05,SKU-PC-01,Personal-Care,61,1
2024-09-06,SKU-PC-01,Personal-Care,40,0
2024-09-07,SKU-PC-01,Personal-Care,26,0
2024-09-08,SKU-PC-01,Personal-Care,49,1
2024-09-09,SKU-PC-01,Personal-Care,38,0
2024-09-10,SKU-PC-01,Personal-Care,29,0
2024-09-11,SKU-PC-01,Personal-Care,35,0
2024-09-12,SKU-PC-01,Personal-Care,24,0
2024-09-13,SKU-PC-01,Personal-Care,24,0
2024-09-14,SKU-PC-01,Personal-Care,39,0
2024-09-15,SKU-PC-01,Personal-Care,56,0
2024-09-16,SKU-PC-01,Personal-Care,22,0
2024-09-17,SKU-PC-01,Personal-Care,42,0
2024-09-18,SKU-PC-01,Personal-Care,33,1
2024-09-19,SKU-PC-01,Personal-Care,19,0
2024-09-20,SKU-PC-01,Personal-Care,27,0
2024-09-21,SKU-PC-01,Personal-Care,31,0
2024-09-22,SKU-PC-01,Personal-Care,52,0
2024-09-23,SKU-PC-01,Personal-Care,35,0
2024-09-24,SKU-PC-01,Personal-Care,25,0
2024-09-25,SKU-PC-01,Personal-Care,33,0
2024-09-26,SKU-PC-01,Personal-Care,34,0
2024-09-27,SKU-PC-01,Personal-Care,19,0
2024-09-28,SKU-PC-01,Personal-Care,51,0
2024-09-29,SKU-PC-01,Personal-Care,20,0
2024-09-30,SKU-PC-01,Personal-Care,36,0
2024-10-01,SKU-PC-01,Personal-Care,60,0
2024-10-02,SKU-PC-01,Personal-Care,36,0
2024-10-03,SKU-PC-01,Personal-Care,13,0
2024-10-04,SKU-PC-01,Personal-Care,40,0
2024-10-05,SKU-PC-01,Personal-Care,22,0
2024-10-06,SKU-PC-01,Personal-Care,33,0
2024-10-07,SKU-PC-01,Personal-Care,35,0
2024-10-08,SKU-PC-01,Personal-Care,29,0
2024-10-09,SKU-PC-01,Personal-Care,72,0
2024-10-10,SKU-PC-01,Personal-Care,30,0
2024-10-11,SKU-PC-01,Personal-Care,42,0
2024-10-12,SKU-PC-01,Personal-Care,41,0
2024-10-13,SKU-PC-01,Personal-Care,14,0
2024-10-14,SKU-PC-01,Personal-Care,23,0
2024-10-15,SKU-PC-01,Personal-Care,39,0
2024-10-16,SKU-PC-01,Personal-Care,36,0
2024-10-17,SKU-PC-01,Personal-Care,43,0
2024-10-18,SKU-PC-01,Personal-Care,61,0
2024-10-19,SKU-PC-01,Personal-Care,24,0
2024-10-20,SKU-PC-01,Personal-Care,41,0
2024-10-21,SKU-PC-01,Personal-Care,37,0
2024-10-22,SKU-PC-01,Personal-Care,62,0
2024-10-23,SKU-PC-01,Personal-Care,25,0
2024-10-24,SKU-PC-01,Personal-Care,56,0
2024-10-25,SKU-PC-01,Personal-Care,45,0
2024-10-26,SKU-PC-01,Personal-Care,27,0
2024-10-27,SKU-PC-01,Personal-Care,5,0
2024-10-28,SKU-PC-01,Personal-Care,27,0
2024-10-29,SKU-PC-01,Personal-Care,58,0
2024-10-30,SKU-PC-01,Personal-Care,38,0
2024-10-31,SKU-PC-01,Personal-Care,27,0
2024-11-01,SKU-PC-01,Personal-Care,44,0
2024-11-02,SKU-PC-01,Personal-Care,47,0
2024-11-03,SKU-PC-01,Personal-Care,38,0
2024-11-04,SKU-PC-01,Personal-Care,38,0
2024-11-05,SKU-PC-01,Personal-Care,55,0
2024-11-06,SKU-PC-01,Personal-Care,27,0
2024-11-07,SKU-PC-01,Personal-Care,214,1
2024-11-08,SKU-PC-01,Personal-Care,43,0
2024-11-09,SKU-PC-01,Personal-Care,19,0
2024-11-10,SKU-PC-01,Personal-Care,52,0
2024-11-11,SKU-PC-01,Personal-Care,25,0
2024-11-12,SKU-PC-01,Personal-Care,64,0
2024-11-13,SKU-PC-01,Personal-Care,18,0
2024-11-14,SKU-PC-01,Personal-Care,55,0
2024-11-15,SKU-PC-01,Personal-Care,27,0
2024-11-16,SKU-PC-01,Personal-Care,24,0
2024-11-17,SKU-PC-01,Personal-Care,55,0
2024-11-18,SKU-PC-01,Personal-Care,20,0
2024-11-19,SKU-PC-01,Personal-Care,37,0
2024-11-20,SKU-PC-01,Personal-Care,25,0
2024-11-21,SKU-PC-01,Personal-Care,26,0
2024-11-22,SKU-PC-01,Personal-Care,5,1
2024-11-23,SKU-PC-01,Personal-Care,15,0
2024-11-24,SKU-PC-01,Personal-Care,14,0
2024-11-25,SKU-PC-01,Personal-Care,20,0
2024-11-26,SKU-PC-01,Personal-Care,30,0
2024-11-27,SKU-PC-01,Personal-Care,39,0
2024-11-28,SKU-PC-01,Personal-Care,36,0
2024-11-29,SKU-PC-01,Personal-Care,21,0
2024-11-30,SKU-PC-01,Personal-Care,39,0
2024-12-01,SKU-PC-01,Personal-Care,24,0
2024-12-02,SKU-PC-01,Personal-Care,19,0
2024-12-03,SKU-PC-01,Personal-Care,24,0
2024-12-04,SKU-PC-01,Personal-Care,43,0
2024-12-05,SKU-PC-01,Personal-Care,54,0
2024-12-06,SKU-PC-01,Personal-Care,25,0
2024-12-07,SKU-PC-01,Personal-Care,37,0
2024-12-08,SKU-PC-01,Personal-Care,57,0
2024-12-09,SKU-PC-01,Personal-Care,58,0
2024-12-10,SKU-PC-01,Personal-Care,25,0
2024-12-11,SKU-PC-01,Personal-Care,17,0
2024-12-12,SKU-PC-01,Personal-Care,56,0
2024-12-13,SKU-PC-01,Personal-Care,43,0
2024-12-14,SKU-PC-01,Personal-Care,56,0
2024-12-15,SKU-PC-01,Personal-Care,25,0
2024-12-16,SKU-PC-01,Personal-Care,109,0
2024-12-17,SKU-PC-01,Personal-Care,7,0
2024-12-18,SKU-PC-01,Personal-Care,35,0
2024-12-19,SKU-PC-01,Personal-Care,50,0
2024-12-20,SKU-PC-01,Personal-Care,68,0
2024-12-21,SKU-PC-01,Personal-Care,16,0
2024-12-22,SKU-PC-01,Personal-Care,11,0
2024-12-23,SKU-PC-01,Personal-Care,38,0
2024-12-24,SKU-PC-01,Personal-Care,75,0
2024-12-25,SKU-PC-01,Personal-Care,33,0
2024-12-26,SKU-PC-01,Personal-Care,103,1
2024-12-27,SKU-PC-01,Personal-Care,46,0
2024-12-28,SKU-PC-01,Personal-Care,32,0
2024-12-29,SKU-PC-01,Personal-Care,78,0
2024-12-30,SKU-PC-01,Personal-Care,27,0
2024-12-31,SKU-PC-01,Personal-Care,24,0
2025-01-01,SKU-PC-01,Personal-Care,44,0
2025-01-02,SKU-PC-01,Personal-Care,48,0
2025-01-03,SKU-PC-01,Personal-Care,53,0
2025-01-04,SKU-PC-01,Personal-Care,26,0
2025-01-05,SKU-PC-01,Personal-Care,45,0
2025-01-06,SKU-PC-01,Personal-Care,65,0
2025-01-07,SKU-PC-01,Personal-Care,59,0
2025-01-08,SKU-PC-01,Personal-Care,59,0
2025-01-09,SKU-PC-01,Personal-Care,23,0
2025-01-10,SKU-PC-01,Personal-Care,36,0
2025-01-11,SKU-PC-01,Personal-Care,51,0
2025-01-12,SKU-PC-01,Personal-Care,35,0
2025-01-13,SKU-PC-01,Personal-Care,31,0
2025-01-14,SKU-PC-01,Personal-Care,18,0
2025-01-15,SKU-PC-01,Personal-Care,29,0
2025-01-16,SKU-PC-01,Personal-Care,45,0
2025-01-17,SKU-PC-01,Personal-Care,21,0
2025-01-18,SKU-PC-01,Personal-Care,85,0
2025-01-19,SKU-PC-01,Personal-Care,30,0
2025-01-20,SKU-PC-01,Personal-Care,65,0
2025-01-21,SKU-PC-01,Personal-Care,70,0
2025-01-22,SKU-PC-01,Personal-Care,56,0
2025-01-23,SKU-PC-01,Personal-Care,8,0
2025-01-24,SKU-PC-01,Personal-Care,44,0
2025-01-25,SKU-PC-01,Personal-Care,38,0
2025-01-26,SKU-PC-01,Personal-Care,33,0
2025-01-27,SKU-PC-01,Personal-Care,32,0
2025-01-28,SKU-PC-01,Personal-Care,51,0
2025-01-29,SKU-PC-01,Personal-Care,23,0
2025-01-30,SKU-PC-01,Personal-Care,24,0
2025-01-31,SKU-PC-01,Personal-Care,53,0
2025-02-01,SKU-PC-01,Personal-Care,23,0
2025-02-02,SKU-PC-01,Personal-Care,40,0
2025-02-03,SKU-PC-01,Personal-Care,37,0
2025-02-04,SKU-PC-01,Personal-Care,31,0
2025-02-05,SKU-PC-01,Personal-Care,27,0
2025-02-06,SKU-PC-01,Personal-Care,35,0
2025-02-07,SKU-PC-01,Personal-Care,38,0
2025-02-08,SKU-PC-01,Personal-Care,15,0
2025-02-09,SKU-PC-01,Personal-Care,25,0
2025-02-10,SKU-PC-01,Personal-Care,23,0
2025-02-11,SKU-PC-01,Personal-Care,12,0
2025-02-12,SKU-PC-01,Personal-Care,27,0
2025-02-13,SKU-PC-01,Personal-Care,8,0
2025-02-14,SKU-PC-01,Personal-Care,114,1
2025-02-15,SKU-PC-01,Personal-Care,28,0
2025-02-16,SKU-PC-01,Personal-Care,46,1
2025-02-17,SKU-PC-01,Personal-Care,50,0
2025-02-18,SKU-PC-01,Personal-Care,30,0
2025-02-19,SKU-PC-01,Personal-Care,79,0
2025-02-20,SKU-PC-01,Personal-Care,31,0
2025-02-21,SKU-PC-01,Personal-Care,26,0
2025-02-22,SKU-PC-01,Personal-Care,44,0
2025-02-23,SKU-PC-01,Personal-Care,43,0
2025-02-24,SKU-PC-01,Personal-Care,41,0
2025-02-25,SKU-PC-01,Personal-Care,32,0
2025-02-26,SKU-PC-01,Personal-Care,36,0
2025-02-27,SKU-PC-01,Personal-Care,81,0
2025-02-28,SKU-PC-01,Personal-Care,22,0
2025-03-01,SKU-PC-01,Personal-Care,33,0
2025-03-02,SKU-PC-01,Personal-Care,34,0
2025-03-03,SKU-PC-01,Personal-Care,154,1
2025-03-04,SKU-PC-01,Personal-Care,43,0
2025-03-05,SKU-PC-01,Personal-Care,17,0
2025-03-06,SKU-PC-01,Personal-Care,43,0
2025-03-07,SKU-PC-01,Personal-Care,102,1
2025-03-08,SKU-PC-01,Personal-Care,30,0
2025-03-09,SKU-PC-01,Personal-Care,19,0
2025-03-10,SKU-PC-01,Personal-Care,36,0
2025-03-11,SKU-PC-01,Personal-Care,36,0
2025-03-12,SKU-PC-01,Personal-Care,51,0
2025-03-13,SKU-PC-01,Personal-Care,31,0
2025-03-14,SKU-PC-01,Personal-Care,29,0
2025-03-15,SKU-PC-01,Personal-Care,37,0
2025-03-16,SKU-PC-01,Personal-Care,21,0
2025-03-17,SKU-PC-01,Personal-Care,24,0
2025-03-18,SKU-PC-01,Personal-Care,38,0
2025-03-19,SKU-PC-01,Personal-Care,26,0
2025-03-20,SKU-PC-01,Personal-Care,27,0
2025-03-21,SKU-PC-01,Personal-Care,31,0
2025-03-22,SKU-PC-01,Personal-Care,21,0
2025-03-23,SKU-PC-01,Personal-Care,28,0
2025-03-24,SKU-PC-01,Personal-Care,18,0
2025-03-25,SKU-PC-01,Personal-Care,47,0
2025-03-26,SKU-PC-01,Personal-Care,40,0
2025-03-27,SKU-PC-01,Personal-Care,17,0
2025-03-28,SKU-PC-01,Personal-Care,40,0
2025-03-29,SKU-PC-01,Personal-Care,26,0
2025-03-30,SKU-PC-01,Personal-Care,37,0
2025-03-31,SKU-PC-01,Personal-Care,21,0
2025-04-01,SKU-PC-01,Personal-Care,25,0
2025-04-02,SKU-PC-01,Personal-Care,67,0
2025-04-03,SKU-PC-01,Personal-Care,40,0
2025-04-04,SKU-PC-01,Personal-Care,39,0
2025-04-05,SKU-PC-01,Personal-Care,101,1
2025-04-06,SKU-PC-01,Personal-Care,32,0
2025-04-07,SKU-PC-01,Personal-Care,63,0
2025-04-08,SKU-PC-01,Personal-Care,41,0
2025-04-09,SKU-PC-01,Personal-Care,25,0
2025-04-10,SKU-PC-01,Personal-Care,5,0
2025-04-11,SKU-PC-01,Personal-Care,13,0
2025-04-12,SKU-PC-01,Personal-Care,29,0
2025-04-13,SKU-PC-01,Personal-Care,34,0
2025-04-14,SKU-PC-01,Personal-Care,50,0
2025-04-15,SKU-PC-01,Personal-Care,22,0
2025-04-16,SKU-PC-01,Personal-Care,61,0
2025-04-17,SKU-PC-01,Personal-Care,35,0
2025-04-18,SKU-PC-01,Personal-Care,56,0
2025-04-19,SKU-PC-01,Personal-Care,34,0
2025-04-20,SKU-PC-01,Personal-Care,12,0
2025-04-21,SKU-PC-01,Personal-Care,39,0
2025-04-22,SKU-PC-01,Personal-Care,40,0
2025-04-23,SKU-PC-01,Personal-Care,41,0
2025-04-24,SKU-PC-01,Personal-Care,26,0
2025-04-25,SKU-PC-01,Personal-Care,47,0
2025-04-26,SKU-PC-01,Personal-Care,14,0
2025-04-27,SKU-PC-01,Personal-Care,24,0
2025-04-28,SKU-PC-01,Personal-Care,39,0
2025-04-29,SKU-PC-01,Personal-Care,57,0
2025-04-30,SKU-PC-01,Personal-Care,30,0
2025-05-01,SKU-PC-01,Personal-Care,49,0
2025-05-02,SKU-PC-01,Personal-Care,21,0
2025-05-03,SKU-PC-01,Personal-Care,39,0
2025-05-04,SKU-PC-01,Personal-Care,41,0
2025-05-05,SKU-PC-01,Personal-Care,23,0
2025-05-06,SKU-PC-01,Personal-Care,43,0
2025-05-07,SKU-PC-01,Personal-Care,21,0
2025-05-08,SKU-PC-01,Personal-Care,26,0
2025-05-09,SKU-PC-01,Personal-Care,67,0
2025-05-10,SKU-PC-01,Personal-Care,38,0
2025-05-11,SKU-PC-01,Personal-Care,121,1
2025-05-12,SKU-PC-01,Personal-Care,14,0
2025-05-13,SKU-PC-01,Personal-Care,38,0
2025-05-14,SKU-PC-01,Personal-Care,40,0
2025-05-15,SKU-PC-01,Personal-Care,17,0
2025-05-16,SKU-PC-01,Personal-Care,57,1
2025-05-17,SKU-PC-01,Personal-Care,31,0
2025-05-18,SKU-PC-01,Personal-Care,36,0
2025-05-19,SKU-PC-01,Personal-Care,48,0
2025-05-20,SKU-PC-01,Personal-Care,37,0
2025-05-21,SKU-PC-01,Personal-Care,51,0
2025-05-22,SKU-PC-01,Personal-Care,28,0
2025-05-23,SKU-PC-01,Personal-Care,35,0
2025-05-24,SKU-PC-01,Personal-Care,33,0
2025-05-25,SKU-PC-01,Personal-Care,37,0
2025-05-26,SKU-PC-01,Personal-Care,30,0
2025-05-27,SKU-PC-01,Personal-Care,7,0
2025-05-28,SKU-PC-01,Personal-Care,22,0
2025-05-29,SKU-PC-01,Personal-Care,36,0
2025-05-30,SKU-PC-01,Personal-Care,11,0
2025-05-31,SKU-PC-01,Personal-Care,29,0
2025-06-01,SKU-PC-01,Personal-Care,41,0
2025-06-02,SKU-PC-01,Personal-Care,59,0
2025-06-03,SKU-PC-01,Personal-Care,45,0
2025-06-04,SKU-PC-01,Personal-Care,58,1
2025-06-05,SKU-PC-01,Personal-Care,29,0
2025-06-06,SKU-PC-01,Personal-Care,12,0
2025-06-07,SKU-PC-01,Personal-Care,42,0
2025-06-08,SKU-PC-01,Personal-Care,22,0
2025-06-09,SKU-PC-01,Personal-Care,31,0
2025-06-10,SKU-PC-01,Personal-Care,25,0
2025-06-11,SKU-PC-01,Personal-Care,88,1
2025-06-12,SKU-PC-01,Personal-Care,29,0
2025-06-13,SKU-PC-01,Personal-Care,36,0
2025-06-14,SKU-PC-01,Personal-Care,32,0
2025-06-15,SKU-PC-01,Personal-Care,43,0
2025-06-16,SKU-PC-01,Personal-Care,43,0
2025-06-17,SKU-PC-01,Personal-Care,34,0
2025-06-18,SKU-PC-01,Personal-Care,15,0
2025-06-19,SKU-PC-01,Personal-Care,39,0
2025-06-20,SKU-PC-01,Personal-Care,27,0
2025-06-21,SKU-PC-01,Personal-Care,71,0
2025-06-22,SKU-PC-01,Personal-Care,41,0
2025-06-23,SKU-PC-01,Personal-Care,8,0
2025-06-24,SKU-PC-01,Personal-Care,27,0
2025-06-25,SKU-PC-01,Personal-Care,35,0
2025-06-26,SKU-PC-01,Personal-Care,29,0
2025-06-27,SKU-PC-01,Personal-Care,32,0
2025-06-28,SKU-PC-01,Personal-Care,18,0
2025-06-29,SKU-PC-01,Personal-Care,47,0
2025-06-30,SKU-PC-01,Personal-Care,31,0
2025-07-01,SKU-PC-01,Personal-Care,40,0
2023-01-01,SKU-PC-02,Personal-Care,27,1
2023-01-02,SKU-PC-02,Personal-Care,19,0
2023-01-03,SKU-PC-02,Personal-Care,23,0
2023-01-04,SKU-PC-02,Personal-Care,29,0
2023-01-05,SKU-PC-02,Personal-Care,14,0
2023-01-06,SKU-PC-02,Personal-Care,16,0
2023-01-07,SKU-PC-02,Personal-Care,21,0
2023-01-08,SKU-PC-02,Personal-Care,25,0
2023-01-09,SKU-PC-02,Personal-Care,45,0
2023-01-10,SKU-PC-02,Personal-Care,9,0
2023-01-11,SKU-PC-02,Personal-Care,14,0
2023-01-12,SKU-PC-02,Personal-Care,19,0
2023-01-13,SKU-PC-02,Personal-Care,24,0
2023-01-14,SKU-PC-02,Personal-Care,74,1
2023-01-15,SKU-PC-02,Personal-Care,15,0
2023-01-16,SKU-PC-02,Personal-Care,8,0
2023-01-17,SKU-PC-02,Personal-Care,20,0
2023-01-18,SKU-PC-02,Personal-Care,44,1
2023-01-19,SKU-PC-02,Personal-Care,4,0
2023-01-20,SKU-PC-02,Personal-Care,25,0
2023-01-21,SKU-PC-02,Personal-Care,17,0
2023-01-22,SKU-PC-02,Personal-Care,26,0
2023-01-23,SKU-PC-02,Personal-Care,37,0
2023-01-24,SKU-PC-02,Personal-Care,32,0
2023-01-25,SKU-PC-02,Personal-Care,15,0
2023-01-26,SKU-PC-02,Personal-Care,16,0
2023-01-27,SKU-PC-02,Personal-Care,16,0
2023-01-28,SKU-PC-02,Personal-Care,18,0
2023-01-29,SKU-PC-02,Personal-Care,28,0
2023-01-30,SKU-PC-02,Personal-Care,27,0
2023-01-31,SKU-PC-02,Personal-Care,35,1
2023-02-01,SKU-PC-02,Personal-Care,12,0
2023-02-02,SKU-PC-02,Personal-Care,20,0
2023-02-03,SKU-PC-02,Personal-Care,12,0
2023-02-04,SKU-PC-02,Personal-Care,11,0
2023-02-05,SKU-PC-02,Personal-Care,16,0
2023-02-06,SKU-PC-02,Personal-Care,15,0
2023-02-07,SKU-PC-02,Personal-Care,18,0
2023-02-08,SKU-PC-02,Personal-Care,17,0
2023-02-09,SKU-PC-02,Personal-Care,21,0
2023-02-10,SKU-PC-02,Personal-Care,19,0
2023-02-11,SKU-PC-02,Personal-Care,24,0
2023-02-12,SKU-PC-02,Personal-Care,9,0
2023-02-13,SKU-PC-02,Personal-Care,16,0
2023-02-14,SKU-PC-02,Personal-Care,25,1
2023-02-15,SKU-PC-02,Personal-Care,14,0
2023-02-16,SKU-PC-02,Personal-Care,21,0
2023-02-17,SKU-PC-02,Personal-Care,11,0
2023-02-18,SKU-PC-02,Personal-Care,16,0
2023-02-19,SKU-PC-02,Personal-Care,16,0
2023-02-20,SKU-PC-02,Personal-Care,16,0
2023-02-21,SKU-PC-02,Personal-Care,15,0
2023-02-22,SKU-PC-02,Personal-Care,27,0
2023-02-23,SKU-PC-02,Personal-Care,17,0
2023-02-24,SKU-PC-02,Personal-Care,13,0
2023-02-25,SKU-PC-02,Personal-Care,18,0
2023-02-26,SKU-PC-02,Personal-Care,19,0
2023-02-27,SKU-PC-02,Personal-Care,18,0
2023-02-28,SKU-PC-02,Personal-Care,19,0
2023-03-01,SKU-PC-02,Personal-Care,17,0
2023-03-02,SKU-PC-02,Personal-Care,16,0
2023-03-03,SKU-PC-02,Personal-Care,6,0
2023-03-04,SKU-PC-02,Personal-Care,19,0
2023-03-05,SKU-PC-02,Personal-Care,6,0
2023-03-06,SKU-PC-02,Personal-Care,17,0
2023-03-07,SKU-PC-02,Personal-Care,15,0
2023-03-08,SKU-PC-02,Personal-Care,12,0
2023-03-09,SKU-PC-02,Personal-Care,2,0
2023-03-10,SKU-PC-02,Personal-Care,14,0
2023-03-11,SKU-PC-02,Personal-Care,8,0
2023-03-12,SKU-PC-02,Personal-Care,29,0
2023-03-13,SKU-PC-02,Personal-Care,12,0
2023-03-14,SKU-PC-02,Personal-Care,10,0
2023-03-15,SKU-PC-02,Personal-Care,5,0
2023-03-16,SKU-PC-02,Personal-Care,23,0
2023-03-17,SKU-PC-02,Personal-Care,18,0
2023-03-18,SKU-PC-02,Personal-Care,9,0
2023-03-19,SKU-PC-02,Personal-Care,16,0
2023-03-20,SKU-PC-02,Personal-Care,14,0
2023-03-21,SKU-PC-02,Personal-Care,17,0
2023-03-22,SKU-PC-02,Personal-Care,20,0
2023-03-23,SKU-PC-02,Personal-Care,6,0
2023-03-24,SKU-PC-02,Personal-Care,14,0
2023-03-25,SKU-PC-02,Personal-Care,11,0
2023-03-26,SKU-PC-02,Personal-Care,9,0
2023-03-27,SKU-PC-02,Personal-Care,16,0
2023-03-28,SKU-PC-02,Personal-Care,17,0
2023-03-29,SKU-PC-02,Personal-Care,30,0
2023-03-30,SKU-PC-02,Personal-Care,17,0
2023-03-31,SKU-PC-02,Personal-Care,18,0
2023-04-01,SKU-PC-02,Personal-Care,21,0
2023-04-02,SKU-PC-02,Personal-Care,14,0
2023-04-03,SKU-PC-02,Personal-Care,18,0
2023-04-04,SKU-PC-02,Personal-Care,14,0
2023-04-05,SKU-PC-02,Personal-Care,18,0
2023-04-06,SKU-PC-02,Personal-Care,24,0
2023-04-07,SKU-PC-02,Personal-Care,21,0
2023-04-08,SKU-PC-02,Personal-Care,34,1
2023-04-09,SKU-PC-02,Personal-Care,18,0
2023-04-10,SKU-PC-02,Personal-Care,16,0
2023-04-11,SKU-PC-02,Personal-Care,20,0
2023-04-12,SKU-PC-02,Personal-Care,17,0
2023-04-13,SKU-PC-02,Personal-Care,9,0
2023-04-14,SKU-PC-02,Personal-Care,8,0
2023-04-15,SKU-PC-02,Personal-Care,14,0
2023-04-16,SKU-PC-02,Personal-Care,26,0
2023-04-17,SKU-PC-02,Personal-Care,23,0
2023-04-18,SKU-PC-02,Personal-Care,24,0
2023-04-19,SKU-PC-02,Personal-Care,19,0
2023-04-20,SKU-PC-02,Personal-Care,19,0
2023-04-21,SKU-PC-02,Personal-Care,16,0
2023-04-22,SKU-PC-02,Personal-Care,10,0
2023-04-23,SKU-PC-02,Personal-Care,17,0
2023-04-24,SKU-PC-02,Personal-Care,20,0
2023-04-25,SKU-PC-02,Personal-Care,20,0
2023-04-26,SKU-PC-02,Personal-Care,29,0
2023-04-27,SKU-PC-02,Personal-Care,26,1
2023-04-28,SKU-PC-02,Personal-Care,22,0
2023-04-29,SKU-PC-02,Personal-Care,12,0
2023-04-30,SKU-PC-02,Personal-Care,7,0
2023-05-01,SKU-PC-02,Personal-Care,10,0
2023-05-02,SKU-PC-02,Personal-Care,8,0
2023-05-03,SKU-PC-02,Personal-Care,5,0
2023-05-04,SKU-PC-02,Personal-Care,18,0
2023-05-05,SKU-PC-02,Personal-Care,34,0
2023-05-06,SKU-PC-02,Personal-Care,19,0
2023-05-07,SKU-PC-02,Personal-Care,9,0
2023-05-08,SKU-PC-02,Personal-Care,39,1
2023-05-09,SKU-PC-02,Personal-Care,20,0
2023-05-10,SKU-PC-02,Personal-Care,21,0
2023-05-11,SKU-PC-02,Personal-Care,27,0
2023-05-12,SKU-PC-02,Personal-Care,3,0
2023-05-13,SKU-PC-02,Personal-Care,9,0
2023-05-14,SKU-PC-02,Personal-Care,15,0
2023-05-15,SKU-PC-02,Personal-Care,14,0
2023-05-16,SKU-PC-02,Personal-Care,14,0
2023-05-17,SKU-PC-02,Personal-Care,18,0
2023-05-18,SKU-PC-02,Personal-Care,13,0
2023-05-19,SKU-PC-02,Personal-Care,9,0
2023-05-20,SKU-PC-02,Personal-Care,12,0
2023-05-21,SKU-PC-02,Personal-Care,17,0
2023-05-22,SKU-PC-02,Personal-Care,18,0
2023-05-23,SKU-PC-02,Personal-Care,9,0
2023-05-24,SKU-PC-02,Personal-Care,17,0
2023-05-25,SKU-PC-02,Personal-Care,15,0
2023-05-26,SKU-PC-02,Personal-Care,20,0
2023-05-27,SKU-PC-02,Personal-Care,11,0
2023-05-28,SKU-PC-02,Personal-Care,15,0
2023-05-29,SKU-PC-02,Personal-Care,22,0
2023-05-30,SKU-PC-02,Personal-Care,8,0
2023-05-31,SKU-PC-02,Personal-Care,11,0
2023-06-01,SKU-PC-02,Personal-Care,9,0
2023-06-02,SKU-PC-02,Personal-Care,16,0
2023-06-03,SKU-PC-02,Personal-Care,8,0
2023-06-04,SKU-PC-02,Personal-Care,18,0
2023-06-05,SKU-PC-02,Personal-Care,10,0
2023-06-06,SKU-PC-02,Personal-Care,6,0
2023-06-07,SKU-PC-02,Personal-Care,29,0
2023-06-08,SKU-PC-02,Personal-Care,9,0
2023-06-09,SKU-PC-02,Personal-Care,13,0
2023-06-10,SKU-PC-02,Personal-Care,20,0
2023-06-11,SKU-PC-02,Personal-Care,9,0
2023-06-12,SKU-PC-02,Personal-Care,21,0
2023-06-13,SKU-PC-02,Personal-Care,16,0
2023-06-14,SKU-PC-02,Personal-Care,17,0
2023-06-15,SKU-PC-02,Personal-Care,23,0
2023-06-16,SKU-PC-02,Personal-Care,13,0
2023-06-17,SKU-PC-02,Personal-Care,14,0
2023-06-18,SKU-PC-02,Personal-Care,48,1
2023-06-19,SKU-PC-02,Personal-Care,22,0
2023-06-20,SKU-PC-02,Personal-Care,10,0
2023-06-21,SKU-PC-02,Personal-Care,18,0
2023-06-22,SKU-PC-02,Personal-Care,18,0
2023-06-23,SKU-PC-02,Personal-Care,8,0
2023-06-24,SKU-PC-02,Personal-Care,30,0
2023-06-25,SKU-PC-02,Personal-Care,19,0
2023-06-26,SKU-PC-02,Personal-Care,29,1
2023-06-27,SKU-PC-02,Personal-Care,9,0
2023-06-28,SKU-PC-02,Personal-Care,20,0
2023-06-29,SKU-PC-02,Personal-Care,15,0
2023-06-30,SKU-PC-02,Personal-Care,20,0
2023-07-01,SKU-PC-02,Personal-Care,17,0
2023-07-02,SKU-PC-02,Personal-Care,18,0
2023-07-03,SKU-PC-02,Personal-Care,15,0
2023-07-04,SKU-PC-02,Personal-Care,21,0
2023-07-05,SKU-PC-02,Personal-Care,16,0
2023-07-06,SKU-PC-02,Personal-Care,18,0
2023-07-07,SKU-PC-02,Personal-Care,25,0
2023-07-08,SKU-PC-02,Personal-Care,24,0
2023-07-09,SKU-PC-02,Personal-Care,9,0
2023-07-10,SKU-PC-02,Personal-Care,21,0
2023-07-11,SKU-PC-02,Personal-Care,17,0
2023-07-12,SKU-PC-02,Personal-Care,21,0
2023-07-13,SKU-PC-02,Personal-Care,8,0
2023-07-14,SKU-PC-02,Personal-Care,21,0
2023-07-15,SKU-PC-02,Personal-Care,4,0
2023-07-16,SKU-PC-02,Personal-Care,17,0
2023-07-17,SKU-PC-02,Personal-Care,23,0
2023-07-18,SKU-PC-02,Personal-Care,16,0
2023-07-19,SKU-PC-02,Personal-Care,9,0
2023-07-20,SKU-PC-02,Personal-Care,19,0
2023-07-21,SKU-PC-02,Personal-Care,18,0
2023-07-22,SKU-PC-02,Personal-Care,13,0
2023-07-23,SKU-PC-02,Personal-Care,41,1
2023-07-24,SKU-PC-02,Personal-Care,23,0
2023-07-25,SKU-PC-02,Personal-Care,10,0
2023-07-26,SKU-PC-02,Personal-Care,16,0
2023-07-27,SKU-PC-02,Personal-Care,10,0
2023-07-28,SKU-PC-02,Personal-Care,21,0
2023-07-29,SKU-PC-02,Personal-Care,14,0
2023-07-30,SKU-PC-02,Personal-Care,9,0
2023-07-31,SKU-PC-02,Personal-Care,13,0
2023-08-01,SKU-PC-02,Personal-Care,17,0
2023-08-02,SKU-PC-02,Personal-Care,10,0
2023-08-03,SKU-PC-02,Personal-Care,15,0
2023-08-04,SKU-PC-02,Personal-Care,12,0
2023-08-05,SKU-PC-02,Personal-Care,22,0
2023-08-06,SKU-PC-02,Personal-Care,26,0
2023-08-07,SKU-PC-02,Personal-Care,18,0
2023-08-08,SKU-PC-02,Personal-Care,29,0
2023-08-09,SKU-PC-02,Personal-Care,23,0
2023-08-10,SKU-PC-02,Personal-Care,15,0
2023-08-11,SKU-PC-02,Personal-Care,25,0
2023-08-12,SKU-PC-02,Personal-Care,17,0
2023-08-13,SKU-PC-02,Personal-Care,10,0
2023-08-14,SKU-PC-02,Personal-Care,10,0
2023-08-15,SKU-PC-02,Personal-Care,6,0
2023-08-16,SKU-PC-02,Personal-Care,19,0
2023-08-17,SKU-PC-02,Personal-Care,22,0
2023-08-18,SKU-PC-02,Personal-Care,19,0
2023-08-19,SKU-PC-02,Personal-Care,25,0
2023-08-20,SKU-PC-02,Personal-Care,18,0
2023-08-21,SKU-PC-02,Personal-Care,19,0
2023-08-22,SKU-PC-02,Personal-Care,24,0
2023-08-23,SKU-PC-02,Personal-Care,31,0
2023-08-24,SKU-PC-02,Personal-Care,23,0
2023-08-25,SKU-PC-02,Personal-Care,22,0
2023-08-26,SKU-PC-02,Personal-Care,28,0
2023-08-27,SKU-PC-02,Personal-Care,10,0
2023-08-28,SKU-PC-02,Personal-Care,6,0
2023-08-29,SKU-PC-02,Personal-Care,10,0
2023-08-30,SKU-PC-02,Personal-Care,23,0
2023-08-31,SKU-PC-02,Personal-Care,8,0
2023-09-01,SKU-PC-02,Personal-Care,18,0
2023-09-02,SKU-PC-02,Personal-Care,6,1
2023-09-03,SKU-PC-02,Personal-Care,7,0
2023-09-04,SKU-PC-02,Personal-Care,11,0
2023-09-05,SKU-PC-02,Personal-Care,17,0
2023-09-06,SKU-PC-02,Personal-Care,10,0
2023-09-07,SKU-PC-02,Personal-Care,11,0
2023-09-08,SKU-PC-02,Personal-Care,10,0
2023-09-09,SKU-PC-02,Personal-Care,16,0
2023-09-10,SKU-PC-02,Personal-Care,15,0
2023-09-11,SKU-PC-02,Personal-Care,39,0
2023-09-12,SKU-PC-02,Personal-Care,22,0
2023-09-13,SKU-PC-02,Personal-Care,14,0
2023-09-14,SKU-PC-02,Personal-Care,46,1
2023-09-15,SKU-PC-02,Personal-Care,16,0
2023-09-16,SKU-PC-02,Personal-Care,10,0
2023-09-17,SKU-PC-02,Personal-Care,7,0
2023-09-18,SKU-PC-02,Personal-Care,23,0
2023-09-19,SKU-PC-02,Personal-Care,18,0
2023-09-20,SKU-PC-02,Personal-Care,20,0
2023-09-21,SKU-PC-02,Personal-Care,14,0
2023-09-22,SKU-PC-02,Personal-Care,23,0
2023-09-23,SKU-PC-02,Personal-Care,10,0
2023-09-24,SKU-PC-02,Personal-Care,25,0
2023-09-25,SKU-PC-02,Personal-Care,10,0
2023-09-26,SKU-PC-02,Personal-Care,8,0
2023-09-27,SKU-PC-02,Personal-Care,33,0
2023-09-28,SKU-PC-02,Personal-Care,17,0
2023-09-29,SKU-PC-02,Personal-Care,12,0
2023-09-30,SKU-PC-02,Personal-Care,23,0
2023-10-01,SKU-PC-02,Personal-Care,6,0
2023-10-02,SKU-PC-02,Personal-Care,12,0
2023-10-03,SKU-PC-02,Personal-Care,11,0
2023-10-04,SKU-PC-02,Personal-Care,12,0
2023-10-05,SKU-PC-02,Personal-Care,23,0
2023-10-06,SKU-PC-02,Personal-Care,11,0
2023-10-07,SKU-PC-02,Personal-Care,8,0
2023-10-08,SKU-PC-02,Personal-Care,9,0
2023-10-09,SKU-PC-02,Personal-Care,24,0
2023-10-10,SKU-PC-02,Personal-Care,22,0
2023-10-11,SKU-PC-02,Personal-Care,20,1
2023-10-12,SKU-PC-02,Personal-Care,11,0
2023-10-13,SKU-PC-02,Personal-Care,5,0
2023-10-14,SKU-PC-02,Personal-Care,32,0
2023-10-15,SKU-PC-02,Personal-Care,16,0
2023-10-16,SKU-PC-02,Personal-Care,16,0
2023-10-17,SKU-PC-02,Personal-Care,16,0
2023-10-18,SKU-PC-02,Personal-Care,8,0
2023-10-19,SKU-PC-02,Personal-Care,12,0
2023-10-20,SKU-PC-02,Personal-Care,12,0
2023-10-21,SKU-PC-02,Personal-Care,20,0
2023-10-22,SKU-PC-02,Personal-Care,14,0
2023-10-23,SKU-PC-02,Personal-Care,15,0
2023-10-24,SKU-PC-02,Personal-Care,9,0
2023-10-25,SKU-PC-02,Personal-Care,21,0
2023-10-26,SKU-PC-02,Personal-Care,8,0
2023-10-27,SKU-PC-02,Personal-Care,28,0
2023-10-28,SKU-PC-02,Personal-Care,13,0
2023-10-29,SKU-PC-02,Personal-Care,9,0
2023-10-30,SKU-PC-02,Personal-Care,17,0
2023-10-31,SKU-PC-02,Personal-Care,19,0
2023-11-01,SKU-PC-02,Personal-Care,21,0
2023-11-02,SKU-PC-02,Personal-Care,31,0
2023-11-03,SKU-PC-02,Personal-Care,9,0
2023-11-04,SKU-PC-02,Personal-Care,16,0
2023-11-05,SKU-PC-02,Personal-Care,21,0
2023-11-06,SKU-PC-02,Personal-Care,25,0
2023-11-07,SKU-PC-02,Personal-Care,9,0
2023-11-08,SKU-PC-02,Personal-Care,16,0
2023-11-09,SKU-PC-02,Personal-Care,22,0
2023-11-10,SKU-PC-02,Personal-Care,7,0
2023-11-11,SKU-PC-02,Personal-Care,16,0
2023-11-12,SKU-PC-02,Personal-Care,10,0
2023-11-13,SKU-PC-02,Personal-Care,20,0
2023-11-14,SKU-PC-02,Personal-Care,15,0
2023-11-15,SKU-PC-02,Personal-Care,7,0
2023-11-16,SKU-PC-02,Personal-Care,12,0
2023-11-17,SKU-PC-02,Personal-Care,25,0
2023-11-18,SKU-PC-02,Personal-Care,17,0
2023-11-19,SKU-PC-02,Personal-Care,26,0
2023-11-20,SKU-PC-02,Personal-Care,12,0
2023-11-21,SKU-PC-02,Personal-Care,14,0
2023-11-22,SKU-PC-02,Personal-Care,16,0
2023-11-23,SKU-PC-02,Personal-Care,9,0
2023-11-24,SKU-PC-02,Personal-Care,12,0
2023-11-25,SKU-PC-02,Personal-Care,26,0
2023-11-26,SKU-PC-02,Personal-Care,21,0
2023-11-27,SKU-PC-02,Personal-Care,24,0
2023-11-28,SKU-PC-02,Personal-Care,31,0
2023-11-29,SKU-PC-02,Personal-Care,12,0
2023-11-30,SKU-PC-02,Personal-Care,22,0
2023-12-01,SKU-PC-02,Personal-Care,16,0
2023-12-02,SKU-PC-02,Personal-Care,14,0
2023-12-03,SKU-PC-02,Personal-Care,24,0
2023-12-04,SKU-PC-02,Personal-Care,9,0
2023-12-05,SKU-PC-02,Personal-Care,30,1
2023-12-06,SKU-PC-02,Personal-Care,6,0
2023-12-07,SKU-PC-02,Personal-Care,7,0
2023-12-08,SKU-PC-02,Personal-Care,11,0
2023-12-09,SKU-PC-02,Personal-Care,12,0
2023-12-10,SKU-PC-02,Personal-Care,11,0
2023-12-11,SKU-PC-02,Personal-Care,29,0
2023-12-12,SKU-PC-02,Personal-Care,19,0
2023-12-13,SKU-PC-02,Personal-Care,14,0
2023-12-14,SKU-PC-02,Personal-Care,29,1
2023-12-15,SKU-PC-02,Personal-Care,15,0
2023-12-16,SKU-PC-02,Personal-Care,12,0
2023-12-17,SKU-PC-02,Personal-Care,18,0
2023-12-18,SKU-PC-02,Personal-Care,35,0
2023-12-19,SKU-PC-02,Personal-Care,18,0
2023-12-20,SKU-PC-02,Personal-Care,24,1
2023-12-21,SKU-PC-02,Personal-Care,16,0
2023-12-22,SKU-PC-02,Personal-Care,17,0
2023-12-23,SKU-PC-02,Personal-Care,22,0
2023-12-24,SKU-PC-02,Personal-Care,10,0
2023-12-25,SKU-PC-02,Personal-Care,33,1
2023-12-26,SKU-PC-02,Personal-Care,17,0
2023-12-27,SKU-PC-02,Personal-Care,19,0
2023-12-28,SKU-PC-02,Personal-Care,8,0
2023-12-29,SKU-PC-02,Personal-Care,28,0
2023-12-30,SKU-PC-02,Personal-Care,22,0
2023-12-31,SKU-PC-02,Personal-Care,19,0
2024-01-01,SKU-PC-02,Personal-Care,13,0
2024-01-02,SKU-PC-02,Personal-Care,18,0
2024-01-03,SKU-PC-02,Personal-Care,26,0
2024-01-04,SKU-PC-02,Personal-Care,16,0
2024-01-05,SKU-PC-02,Personal-Care,16,0
2024-01-06,SKU-PC-02,Personal-Care,10,0
2024-01-07,SKU-PC-02,Personal-Care,10,0
2024-01-08,SKU-PC-02,Personal-Care,19,0
2024-01-09,SKU-PC-02,Personal-Care,22,0
2024-01-10,SKU-PC-02,Personal-Care,14,0
2024-01-11,SKU-PC-02,Personal-Care,20,0
2024-01-12,SKU-PC-02,Personal-Care,20,0
2024-01-13,SKU-PC-02,Personal-Care,21,0
2024-01-14,SKU-PC-02,Personal-Care,27,0
2024-01-15,SKU-PC-02,Personal-Care,11,0
2024-01-16,SKU-PC-02,Personal-Care,29,0
2024-01-17,SKU-PC-02,Personal-Care,14,0
2024-01-18,SKU-PC-02,Personal-Care,18,0
2024-01-19,SKU-PC-02,Personal-Care,22,0
2024-01-20,SKU-PC-02,Personal-Care,10,0
2024-01-21,SKU-PC-02,Personal-Care,14,0
2024-01-22,SKU-PC-02,Personal-Care,22,0
2024-01-23,SKU-PC-02,Personal-Care,21,0
2024-01-24,SKU-PC-02,Personal-Care,14,0
2024-01-25,SKU-PC-02,Personal-Care,16,0
2024-01-26,SKU-PC-02,Personal-Care,33,1
2024-01-27,SKU-PC-02,Personal-Care,11,0
2024-01-28,SKU-PC-02,Personal-Care,18,0
2024-01-29,SKU-PC-02,Personal-Care,7,0
2024-01-30,SKU-PC-02,Personal-Care,18,0
2024-01-31,SKU-PC-02,Personal-Care,20,0
2024-02-01,SKU-PC-02,Personal-Care,23,0
2024-02-02,SKU-PC-02,Personal-Care,15,0
2024-02-03,SKU-PC-02,Personal-Care,20,0
2024-02-04,SKU-PC-02,Personal-Care,15,0
2024-02-05,SKU-PC-02,Personal-Care,17,0
2024-02-06,SKU-PC-02,Personal-Care,17,0
2024-02-07,SKU-PC-02,Personal-Care,6,0
2024-02-08,SKU-PC-02,Personal-Care,26,1
2024-02-09,SKU-PC-02,Personal-Care,28,0
2024-02-10,SKU-PC-02,Personal-Care,5,0
2024-02-11,SKU-PC-02,Personal-Care,21,0
2024-02-12,SKU-PC-02,Personal-Care,16,0
2024-02-13,SKU-PC-02,Personal-Care,17,0
2024-02-14,SKU-PC-02,Personal-Care,17,0
2024-02-15,SKU-PC-02,Personal-Care,12,0
2024-02-16,SKU-PC-02,Personal-Care,24,0
2024-02-17,SKU-PC-02,Personal-Care,11,0
2024-02-18,SKU-PC-02,Personal-Care,18,0
2024-02-19,SKU-PC-02,Personal-Care,35,0
2024-02-20,SKU-PC-02,Personal-Care,16,0
2024-02-21,SKU-PC-02,Personal-Care,8,0
2024-02-22,SKU-PC-02,Personal-Care,20,0
2024-02-23,SKU-PC-02,Personal-Care,16,0
2024-02-24,SKU-PC-02,Personal-Care,12,0
2024-02-25,SKU-PC-02,Personal-Care,23,0
2024-02-26,SKU-PC-02,Personal-Care,17,0
2024-02-27,SKU-PC-02,Personal-Care,21,0
2024-02-28,SKU-PC-02,Personal-Care,14,0
2024-02-29,SKU-PC-02,Personal-Care,18,0
2024-03-01,SKU-PC-02,Personal-Care,24,0
2024-03-02,SKU-PC-02,Personal-Care,20,0
2024-03-03,SKU-PC-02,Personal-Care,14,0
2024-03-04,SKU-PC-02,Personal-Care,20,0
2024-03-05,SKU-PC-02,Personal-Care,11,0
2024-03-06,SKU-PC-02,Personal-Care,23,1
2024-03-07,SKU-PC-02,Personal-Care,17,0
2024-03-08,SKU-PC-02,Personal-Care,40,1
2024-03-09,SKU-PC-02,Personal-Care,19,0
2024-03-10,SKU-PC-02,Personal-Care,3,0
2024-03-11,SKU-PC-02,Personal-Care,20,0
2024-03-12,SKU-PC-02,Personal-Care,6,0
2024-03-13,SKU-PC-02,Personal-Care,5,0
2024-03-14,SKU-PC-02,Personal-Care,11,0
2024-03-15,SKU-PC-02,Personal-Care,11,0
2024-03-16,SKU-PC-02,Personal-Care,11,0
2024-03-17,SKU-PC-02,Personal-Care,32,1
2024-03-18,SKU-PC-02,Personal-Care,15,0
2024-03-19,SKU-PC-02,Personal-Care,18,0
2024-03-20,SKU-PC-02,Personal-Care,31,0
2024-03-21,SKU-PC-02,Personal-Care,15,0
2024-03-22,SKU-PC-02,Personal-Care,15,0
2024-03-23,SKU-PC-02,Personal-Care,10,0
2024-03-24,SKU-PC-02,Personal-Care,13,0
2024-03-25,SKU-PC-02,Personal-Care,12,0
2024-03-26,SKU-PC-02,Personal-Care,11,0
2024-03-27,SKU-PC-02,Personal-Care,36,1
2024-03-28,SKU-PC-02,Personal-Care,3,0
2024-03-29,SKU-PC-02,Personal-Care,14,0
2024-03-30,SKU-PC-02,Personal-Care,19,0
2024-03-31,SKU-PC-02,Personal-Care,13,0
2024-04-01,SKU-PC-02,Personal-Care,7,0
2024-04-02,SKU-PC-02,Personal-Care,18,0
2024-04-03,SKU-PC-02,Personal-Care,19,0
2024-04-04,SKU-PC-02,Personal-Care,8,0
2024-04-05,SKU-PC-02,Personal-Care,23,0
2024-04-06,SKU-PC-02,Personal-Care,6,0
2024-04-07,SKU-PC-02,Personal-Care,16,0
2024-04-08,SKU-PC-02,Personal-Care,9,0
2024-04-09,SKU-PC-02,Personal-Care,18,0
2024-04-10,SKU-PC-02,Personal-Care,8,0
2024-04-11,SKU-PC-02,Personal-Care,8,0
2024-04-12,SKU-PC-02,Personal-Care,14,0
2024-04-13,SKU-PC-02,Personal-Care,16,0
2024-04-14,SKU-PC-02,Personal-Care,13,0
2024-04-15,SKU-PC-02,Personal-Care,9,0
2024-04-16,SKU-PC-02,Personal-Care,22,0
2024-04-17,SKU-PC-02,Personal-Care,15,0
2024-04-18,SKU-PC-02,Personal-Care,14,0
2024-04-19,SKU-PC-02,Personal-Care,19,0
2024-04-20,SKU-PC-02,Personal-Care,12,0
2024-04-21,SKU-PC-02,Personal-Care,25,0
2024-04-22,SKU-PC-02,Personal-Care,19,0
2024-04-23,SKU-PC-02,Personal-Care,9,0
2024-04-24,SKU-PC-02,Personal-Care,11,0
2024-04-25,SKU-PC-02,Personal-Care,18,0
2024-04-26,SKU-PC-02,Personal-Care,6,0
2024-04-27,SKU-PC-02,Personal-Care,11,0
2024-04-28,SKU-PC-02,Personal-Care,37,1
2024-04-29,SKU-PC-02,Personal-Care,15,0
2024-04-30,SKU-PC-02,Personal-Care,6,0
2024-05-01,SKU-PC-02,Personal-Care,25,0
2024-05-02,SKU-PC-02,Personal-Care,12,0
2024-05-03,SKU-PC-02,Personal-Care,21,0
2024-05-04,SKU-PC-02,Personal-Care,16,0
2024-05-05,SKU-PC-02,Personal-Care,37,1
2024-05-06,SKU-PC-02,Personal-Care,29,0
2024-05-07,SKU-PC-02,Personal-Care,16,0
2024-05-08,SKU-PC-02,Personal-Care,13,0
2024-05-09,SKU-PC-02,Personal-Care,36,1
2024-05-10,SKU-PC-02,Personal-Care,6,0
2024-05-11,SKU-PC-02,Personal-Care,14,0
2024-05-12,SKU-PC-02,Personal-Care,7,0
2024-05-13,SKU-PC-02,Personal-Care,16,0
2024-05-14,SKU-PC-02,Personal-Care,44,1
2024-05-15,SKU-PC-02,Personal-Care,17,0
2024-05-16,SKU-PC-02,Personal-Care,25,0
2024-05-17,SKU-PC-02,Personal-Care,3,0
2024-05-18,SKU-PC-02,Personal-Care,17,0
2024-05-19,SKU-PC-02,Personal-Care,7,0
2024-05-20,SKU-PC-02,Personal-Care,25,0
2024-05-21,SKU-PC-02,Personal-Care,11,0
2024-05-22,SKU-PC-02,Personal-Care,16,0
2024-05-23,SKU-PC-02,Personal-Care,19,0
2024-05-24,SKU-PC-02,Personal-Care,12,0
2024-05-25,SKU-PC-02,Personal-Care,43,1
2024-05-26,SKU-PC-02,Personal-Care,6,0
2024-05-27,SKU-PC-02,Personal-Care,12,0
2024-05-28,SKU-PC-02,Personal-Care,10,0
2024-05-29,SKU-PC-02,Personal-Care,18,0
2024-05-30,SKU-PC-02,Personal-Care,23,0
2024-05-31,SKU-PC-02,Personal-Care,16,0
2024-06-01,SKU-PC-02,Personal-Care,11,0
2024-06-02,SKU-PC-02,Personal-Care,9,0
2024-06-03,SKU-PC-02,Personal-Care,21,0
2024-06-04,SKU-PC-02,Personal-Care,12,0
2024-06-05,SKU-PC-02,Personal-Care,11,0
2024-06-06,SKU-PC-02,Personal-Care,8,0
2024-06-07,SKU-PC-02,Personal-Care,10,0
2024-06-08,SKU-PC-02,Personal-Care,26,0
2024-06-09,SKU-PC-02,Personal-Care,18,0
2024-06-10,SKU-PC-02,Personal-Care,23,0
2024-06-11,SKU-PC-02,Personal-Care,28,0
2024-06-12,SKU-PC-02,Personal-Care,8,0
2024-06-13,SKU-PC-02,Personal-Care,13,0
2024-06-14,SKU-PC-02,Personal-Care,22,0
2024-06-15,SKU-PC-02,Personal-Care,14,0
2024-06-16,SKU-PC-02,Personal-Care,12,0
2024-06-17,SKU-PC-02,Personal-Care,29,1
2024-06-18,SKU-PC-02,Personal-Care,14,0
2024-06-19,SKU-PC-02,Personal-Care,26,0
2024-06-20,SKU-PC-02,Personal-Care,9,0
2024-06-21,SKU-PC-02,Personal-Care,5,0
2024-06-22,SKU-PC-02,Personal-Care,19,0
2024-06-23,SKU-PC-02,Personal-Care,18,0
2024-06-24,SKU-PC-02,Personal-Care,18,0
2024-06-25,SKU-PC-02,Personal-Care,13,0
2024-06-26,SKU-PC-02,Personal-Care,10,0
2024-06-27,SKU-PC-02,Personal-Care,12,0
2024-06-28,SKU-PC-02,Personal-Care,23,0
2024-06-29,SKU-PC-02,Personal-Care,10,0
2024-06-30,SKU-PC-02,Personal-Care,54,1
2024-07-01,SKU-PC-02,Personal-Care,14,0
2024-07-02,SKU-PC-02,Personal-Care,8,0
2024-07-03,SKU-PC-02,Personal-Care,12,0
2024-07-04,SKU-PC-02,Personal-Care,13,0
2024-07-05,SKU-PC-02,Personal-Care,13,0
2024-07-06,SKU-PC-02,Personal-Care,15,0
2024-07-07,SKU-PC-02,Personal-Care,16,0
2024-07-08,SKU-PC-02,Personal-Care,18,0
2024-07-09,SKU-PC-02,Personal-Care,10,0
2024-07-10,SKU-PC-02,Personal-Care,5,0
2024-07-11,SKU-PC-02,Personal-Care,18,0
2024-07-12,SKU-PC-02,Personal-Care,9,0
2024-07-13,SKU-PC-02,Personal-Care,7,0
2024-07-14,SKU-PC-02,Personal-Care,36,1
2024-07-15,SKU-PC-02,Personal-Care,25,0
2024-07-16,SKU-PC-02,Personal-Care,20,0
2024-07-17,SKU-PC-02,Personal-Care,17,0
2024-07-18,SKU-PC-02,Personal-Care,16,0
2024-07-19,SKU-PC-02,Personal-Care,14,0
2024-07-20,SKU-PC-02,Personal-Care,3,0
2024-07-21,SKU-PC-02,Personal-Care,52,1
2024-07-22,SKU-PC-02,Personal-Care,26,0
2024-07-23,SKU-PC-02,Personal-Care,6,0
2024-07-24,SKU-PC-02,Personal-Care,10,0
2024-07-25,SKU-PC-02,Personal-Care,27,0
2024-07-26,SKU-PC-02,Personal-Care,12,0
2024-07-27,SKU-PC-02,Personal-Care,8,0
2024-07-28,SKU-PC-02,Personal-Care,10,0
2024-07-29,SKU-PC-02,Personal-Care,13,0
2024-07-30,SKU-PC-02,Personal-Care,23,0
2024-07-31,SKU-PC-02,Personal-Care,17,0
2024-08-01,SKU-PC-02,Personal-Care,7,0
2024-08-02,SKU-PC-02,Personal-Care,21,0
2024-08-03,SKU-PC-02,Personal-Care,7,0
2024-08-04,SKU-PC-02,Personal-Care,17,0
2024-08-05,SKU-PC-02,Personal-Care,9,0
2024-08-06,SKU-PC-02,Personal-Care,13,0
2024-08-07,SKU-PC-02,Personal-Care,45,1
2024-08-08,SKU-PC-02,Personal-Care,4,0
2024-08-09,SKU-PC-02,Personal-Care,14,0
2024-08-10,SKU-PC-02,Personal-Care,14,0
2024-08-11,SKU-PC-02,Personal-Care,10,0
2024-08-12,SKU-PC-02,Personal-Care,23,0
2024-08-13,SKU-PC-02,Personal-Care,8,0
2024-08-14,SKU-PC-02,Personal-Care,28,1
2024-08-15,SKU-PC-02,Personal-Care,16,0
2024-08-16,SKU-PC-02,Personal-Care,13,0
2024-08-17,SKU-PC-02,Personal-Care,60,1
2024-08-18,SKU-PC-02,Personal-Care,7,0
2024-08-19,SKU-PC-02,Personal-Care,18,0
2024-08-20,SKU-PC-02,Personal-Care,12,0
2024-08-21,SKU-PC-02,Personal-Care,15,0
2024-08-22,SKU-PC-02,Personal-Care,15,0
2024-08-23,SKU-PC-02,Personal-Care,12,0
2024-08-24,SKU-PC-02,Personal-Care,15,0
2024-08-25,SKU-PC-02,Personal-Care,7,0
2024-08-26,SKU-PC-02,Personal-Care,12,0
2024-08-27,SKU-PC-02,Personal-Care,18,0
2024-08-28,SKU-PC-02,Personal-Care,20,0
2024-08-29,SKU-PC-02,Personal-Care,10,0
2024-08-30,SKU-PC-02,Personal-Care,16,0
2024-08-31,SKU-PC-02,Personal-Care,19,0
2024-09-01,SKU-PC-02,Personal-Care,22,0
2024-09-02,SKU-PC-02,Personal-Care,12,0
2024-09-03,SKU-PC-02,Personal-Care,19,0
2024-09-04,SKU-PC-02,Personal-Care,3,0
2024-09-05,SKU-PC-02,Personal-Care,15,0
2024-09-06,SKU-PC-02,Personal-Care,11,0
2024-09-07,SKU-PC-02,Personal-Care,23,1
2024-09-08,SKU-PC-02,Personal-Care,16,0
2024-09-09,SKU-PC-02,Personal-Care,11,0
2024-09-10,SKU-PC-02,Personal-Care,32,1
2024-09-11,SKU-PC-02,Personal-Care,7,0
2024-09-12,SKU-PC-02,Personal-Care,15,0
2024-09-13,SKU-PC-02,Personal-Care,9,0
2024-09-14,SKU-PC-02,Personal-Care,13,0
2024-09-15,SKU-PC-02,Personal-Care,43,1
2024-09-16,SKU-PC-02,Personal-Care,7,0
2024-09-17,SKU-PC-02,Personal-Care,19,0
2024-09-18,SKU-PC-02,Personal-Care,7,0
2024-09-19,SKU-PC-02,Personal-Care,20,0
2024-09-20,SKU-PC-02,Personal-Care,19,0
2024-09-21,SKU-PC-02,Personal-Care,13,0
2024-09-22,SKU-PC-02,Personal-Care,13,0
2024-09-23,SKU-PC-02,Personal-Care,22,0
2024-09-24,SKU-PC-02,Personal-Care,9,0
2024-09-25,SKU-PC-02,Personal-Care,24,1
2024-09-26,SKU-PC-02,Personal-Care,9,0
2024-09-27,SKU-PC-02,Personal-Care,12,0
2024-09-28,SKU-PC-02,Personal-Care,11,0
2024-09-29,SKU-PC-02,Personal-Care,7,0
2024-09-30,SKU-PC-02,Personal-Care,14,0
2024-10-01,SKU-PC-02,Personal-Care,10,0
2024-10-02,SKU-PC-02,Personal-Care,27,0
2024-10-03,SKU-PC-02,Personal-Care,13,0
2024-10-04,SKU-PC-02,Personal-Care,19,0
2024-10-05,SKU-PC-02,Personal-Care,6,0
2024-10-06,SKU-PC-02,Personal-Care,13,0
2024-10-07,SKU-PC-02,Personal-Care,5,0
2024-10-08,SKU-PC-02,Personal-Care,13,0
2024-10-09,SKU-PC-02,Personal-Care,20,0
2024-10-10,SKU-PC-02,Personal-Care,24,0
2024-10-11,SKU-PC-02,Personal-Care,13,0
2024-10-12,SKU-PC-02,Personal-Care,11,0
2024-10-13,SKU-PC-02,Personal-Care,10,0
2024-10-14,SKU-PC-02,Personal-Care,18,0
2024-10-15,SKU-PC-02,Personal-Care,17,0
2024-10-16,SKU-PC-02,Personal-Care,5,0
2024-10-17,SKU-PC-02,Personal-Care,11,0
2024-10-18,SKU-PC-02,Personal-Care,9,0
2024-10-19,SKU-PC-02,Personal-Care,11,0
2024-10-20,SKU-PC-02,Personal-Care,12,0
2024-10-21,SKU-PC-02,Personal-Care,14,0
2024-10-22,SKU-PC-02,Personal-Care,12,0
2024-10-23,SKU-PC-02,Personal-Care,8,0
2024-10-24,SKU-PC-02,Personal-Care,14,0
2024-10-25,SKU-PC-02,Personal-Care,13,0
2024-10-26,SKU-PC-02,Personal-Care,1,0
2024-10-27,SKU-PC-02,Personal-Care,12,0
2024-10-28,SKU-PC-02,Personal-Care,14,0
2024-10-29,SKU-PC-02,Personal-Care,11,0
2024-10-30,SKU-PC-02,Personal-Care,10,0
2024-10-31,SKU-PC-02,Personal-Care,13,0
2024-11-01,SKU-PC-02,Personal-Care,7,0
2024-11-02,SKU-PC-02,Personal-Care,27,0
2024-11-03,SKU-PC-02,Personal-Care,14,0
2024-11-04,SKU-PC-02,Personal-Care,8,0
2024-11-05,SKU-PC-02,Personal-Care,15,0
2024-11-06,SKU-PC-02,Personal-Care,10,0
2024-11-07,SKU-PC-02,Personal-Care,9,0
2024-11-08,SKU-PC-02,Personal-Care,16,0
2024-11-09,SKU-PC-02,Personal-Care,19,0
2024-11-10,SKU-PC-02,Personal-Care,18,0
2024-11-11,SKU-PC-02,Personal-Care,14,0
2024-11-12,SKU-PC-02,Personal-Care,10,0
2024-11-13,SKU-PC-02,Personal-Care,33,1
2024-11-14,SKU-PC-02,Personal-Care,14,0
2024-11-15,SKU-PC-02,Personal-Care,5,0
2024-11-16,SKU-PC-02,Personal-Care,16,0
2024-11-17,SKU-PC-02,Personal-Care,16,0
2024-11-18,SKU-PC-02,Personal-Care,16,0
2024-11-19,SKU-PC-02,Personal-Care,12,0
2024-11-20,SKU-PC-02,Personal-Care,17,0
2024-11-21,SKU-PC-02,Personal-Care,13,0
2024-11-22,SKU-PC-02,Personal-Care,7,0
2024-11-23,SKU-PC-02,Personal-Care,14,0
2024-11-24,SKU-PC-02,Personal-Care,15,0
2024-11-25,SKU-PC-02,Personal-Care,10,0
2024-11-26,SKU-PC-02,Personal-Care,13,0
2024-11-27,SKU-PC-02,Personal-Care,13,0
2024-11-28,SKU-PC-02,Personal-Care,12,0
2024-11-29,SKU-PC-02,Personal-Care,10,0
2024-11-30,SKU-PC-02,Personal-Care,8,0
2024-12-01,SKU-PC-02,Personal-Care,10,0
2024-12-02,SKU-PC-02,Personal-Care,12,0
2024-12-03,SKU-PC-02,Personal-Care,3,0
2024-12-04,SKU-PC-02,Personal-Care,36,1
2024-12-05,SKU-PC-02,Personal-Care,7,0
2024-12-06,SKU-PC-02,Personal-Care,31,1
2024-12-07,SKU-PC-02,Personal-Care,23,0
2024-12-08,SKU-PC-02,Personal-Care,18,0
2024-12-09,SKU-PC-02,Personal-Care,6,0
2024-12-10,SKU-PC-02,Personal-Care,14,0
2024-12-11,SKU-PC-02,Personal-Care,20,0
2024-12-12,SKU-PC-02,Personal-Care,15,0
2024-12-13,SKU-PC-02,Personal-Care,16,0
2024-12-14,SKU-PC-02,Personal-Care,6,0
2024-12-15,SKU-PC-02,Personal-Care,35,1
2024-12-16,SKU-PC-02,Personal-Care,18,0
2024-12-17,SKU-PC-02,Personal-Care,19,0
2024-12-18,SKU-PC-02,Personal-Care,10,0
2024-12-19,SKU-PC-02,Personal-Care,4,0
2024-12-20,SKU-PC-02,Personal-Care,38,1
2024-12-21,SKU-PC-02,Personal-Care,21,1
2024-12-22,SKU-PC-02,Personal-Care,9,0
2024-12-23,SKU-PC-02,Personal-Care,15,0
2024-12-24,SKU-PC-02,Personal-Care,15,0
2024-12-25,SKU-PC-02,Personal-Care,20,0
2024-12-26,SKU-PC-02,Personal-Care,16,0
2024-12-27,SKU-PC-02,Personal-Care,20,0
2024-12-28,SKU-PC-02,Personal-Care,12,0
2024-12-29,SKU-PC-02,Personal-Care,20,0
2024-12-30,SKU-PC-02,Personal-Care,11,0
2024-12-31,SKU-PC-02,Personal-Care,15,0
2025-01-01,SKU-PC-02,Personal-Care,13,0
2025-01-02,SKU-PC-02,Personal-Care,24,0
2025-01-03,SKU-PC-02,Personal-Care,28,1
2025-01-04,SKU-PC-02,Personal-Care,12,0
2025-01-05,SKU-PC-02,Personal-Care,12,0
2025-01-06,SKU-PC-02,Personal-Care,15,0
2025-01-07,SKU-PC-02,Personal-Care,3,0
2025-01-08,SKU-PC-02,Personal-Care,19,0
2025-01-09,SKU-PC-02,Personal-Care,12,0
2025-01-10,SKU-PC-02,Personal-Care,16,0
2025-01-11,SKU-PC-02,Personal-Care,19,0
2025-01-12,SKU-PC-02,Personal-Care,8,0
2025-01-13,SKU-PC-02,Personal-Care,17,0
2025-01-14,SKU-PC-02,Personal-Care,9,0
2025-01-15,SKU-PC-02,Personal-Care,16,0
2025-01-16,SKU-PC-02,Personal-Care,20,0
2025-01-17,SKU-PC-02,Personal-Care,12,0
2025-01-18,SKU-PC-02,Personal-Care,10,0
2025-01-19,SKU-PC-02,Personal-Care,9,0
2025-01-20,SKU-PC-02,Personal-Care,18,0
2025-01-21,SKU-PC-02,Personal-Care,18,0
2025-01-22,SKU-PC-02,Personal-Care,7,0
2025-01-23,SKU-PC-02,Personal-Care,5,0
2025-01-24,SKU-PC-02,Personal-Care,16,0
2025-01-25,SKU-PC-02,Personal-Care,15,0
2025-01-26,SKU-PC-02,Personal-Care,15,0
2025-01-27,SKU-PC-02,Personal-Care,23,0
2025-01-28,SKU-PC-02,Personal-Care,25,0
2025-01-29,SKU-PC-02,Personal-Care,34,1
2025-01-30,SKU-PC-02,Personal-Care,13,0
2025-01-31,SKU-PC-02,Personal-Care,10,0
2025-02-01,SKU-PC-02,Personal-Care,18,0
2025-02-02,SKU-PC-02,Personal-Care,13,0
2025-02-03,SKU-PC-02,Personal-Care,9,0
2025-02-04,SKU-PC-02,Personal-Care,27,1
2025-02-05,SKU-PC-02,Personal-Care,9,0
2025-02-06,SKU-PC-02,Personal-Care,8,0
2025-02-07,SKU-PC-02,Personal-Care,15,0
2025-02-08,SKU-PC-02,Personal-Care,17,0
2025-02-09,SKU-PC-02,Personal-Care,16,0
2025-02-10,SKU-PC-02,Personal-Care,7,0
2025-02-11,SKU-PC-02,Personal-Care,11,0
2025-02-12,SKU-PC-02,Personal-Care,13,0
2025-02-13,SKU-PC-02,Personal-Care,12,0
2025-02-14,SKU-PC-02,Personal-Care,18,0
2025-02-15,SKU-PC-02,Personal-Care,23,0
2025-02-16,SKU-PC-02,Personal-Care,4,0
2025-02-17,SKU-PC-02,Personal-Care,16,0
2025-02-18,SKU-PC-02,Personal-Care,12,0
2025-02-19,SKU-PC-02,Personal-Care,5,0
2025-02-20,SKU-PC-02,Personal-Care,7,0
2025-02-21,SKU-PC-02,Personal-Care,18,0
2025-02-22,SKU-PC-02,Personal-Care,6,0
2025-02-23,SKU-PC-02,Personal-Care,18,0
2025-02-24,SKU-PC-02,Personal-Care,2,0
2025-02-25,SKU-PC-02,Personal-Care,17,0
2025-02-26,SKU-PC-02,Personal-Care,14,0
2025-02-27,SKU-PC-02,Personal-Care,15,0
2025-02-28,SKU-PC-02,Personal-Care,14,0
2025-03-01,SKU-PC-02,Personal-Care,11,0
2025-03-02,SKU-PC-02,Personal-Care,14,0
2025-03-03,SKU-PC-02,Personal-Care,16,0
2025-03-04,SKU-PC-02,Personal-Care,9,0
2025-03-05,SKU-PC-02,Personal-Care,7,0
2025-03-06,SKU-PC-02,Personal-Care,10,0
2025-03-07,SKU-PC-02,Personal-Care,15,0
2025-03-08,SKU-PC-02,Personal-Care,18,0
2025-03-09,SKU-PC-02,Personal-Care,13,0
2025-03-10,SKU-PC-02,Personal-Care,7,0
2025-03-11,SKU-PC-02,Personal-Care,23,0
2025-03-12,SKU-PC-02,Personal-Care,9,0
2025-03-13,SKU-PC-02,Personal-Care,14,0
2025-03-14,SKU-PC-02,Personal-Care,11,0
2025-03-15,SKU-PC-02,Personal-Care,9,0
2025-03-16,SKU-PC-02,Personal-Care,19,0
2025-03-17,SKU-PC-02,Personal-Care,26,0
2025-03-18,SKU-PC-02,Personal-Care,9,0
2025-03-19,SKU-PC-02,Personal-Care,14,0
2025-03-20,SKU-PC-02,Personal-Care,15,0
2025-03-21,SKU-PC-02,Personal-Care,14,0
2025-03-22,SKU-PC-02,Personal-Care,13,0
2025-03-23,SKU-PC-02,Personal-Care,12,0
2025-03-24,SKU-PC-02,Personal-Care,31,1
2025-03-25,SKU-PC-02,Personal-Care,16,0
2025-03-26,SKU-PC-02,Personal-Care,15,1
2025-03-27,SKU-PC-02,Personal-Care,9,0
2025-03-28,SKU-PC-02,Personal-Care,11,0
2025-03-29,SKU-PC-02,Personal-Care,12,0
2025-03-30,SKU-PC-02,Personal-Care,19,0
2025-03-31,SKU-PC-02,Personal-Care,12,0
2025-04-01,SKU-PC-02,Personal-Care,7,0
2025-04-02,SKU-PC-02,Personal-Care,13,0
2025-04-03,SKU-PC-02,Personal-Care,13,0
2025-04-04,SKU-PC-02,Personal-Care,15,0
2025-04-05,SKU-PC-02,Personal-Care,6,0
2025-04-06,SKU-PC-02,Personal-Care,16,0
2025-04-07,SKU-PC-02,Personal-Care,16,0
2025-04-08,SKU-PC-02,Personal-Care,11,0
2025-04-09,SKU-PC-02,Personal-Care,15,0
2025-04-10,SKU-PC-02,Personal-Care,11,0
2025-04-11,SKU-PC-02,Personal-Care,9,0
2025-04-12,SKU-PC-02,Personal-Care,9,0
2025-04-13,SKU-PC-02,Personal-Care,12,0
2025-04-14,SKU-PC-02,Personal-Care,11,0
2025-04-15,SKU-PC-02,Personal-Care,14,0
2025-04-16,SKU-PC-02,Personal-Care,8,0
2025-04-17,SKU-PC-02,Personal-Care,12,0
2025-04-18,SKU-PC-02,Personal-Care,10,0
2025-04-19,SKU-PC-02,Personal-Care,7,0
2025-04-20,SKU-PC-02,Personal-Care,38,0
2025-04-21,SKU-PC-02,Personal-Care,6,0
2025-04-22,SKU-PC-02,Personal-Care,10,0
2025-04-23,SKU-PC-02,Personal-Care,9,0
2025-04-24,SKU-PC-02,Personal-Care,13,0
2025-04-25,SKU-PC-02,Personal-Care,9,0
2025-04-26,SKU-PC-02,Personal-Care,11,0
2025-04-27,SKU-PC-02,Personal-Care,14,0
2025-04-28,SKU-PC-02,Personal-Care,13,0
2025-04-29,SKU-PC-02,Personal-Care,18,0
2025-04-30,SKU-PC-02,Personal-Care,8,0
2025-05-01,SKU-PC-02,Personal-Care,20,0
2025-05-02,SKU-PC-02,Personal-Care,8,0
2025-05-03,SKU-PC-02,Personal-Care,18,0
2025-05-04,SKU-PC-02,Personal-Care,18,0
2025-05-05,SKU-PC-02,Personal-Care,12,0
2025-05-06,SKU-PC-02,Personal-Care,11,0
2025-05-07,SKU-PC-02,Personal-Care,17,0
2025-05-08,SKU-PC-02,Personal-Care,24,0
2025-05-09,SKU-PC-02,Personal-Care,10,0
2025-05-10,SKU-PC-02,Personal-Care,16,0
2025-05-11,SKU-PC-02,Personal-Care,17,0
2025-05-12,SKU-PC-02,Personal-Care,9,0
2025-05-13,SKU-PC-02,Personal-Care,18,0
2025-05-14,SKU-PC-02,Personal-Care,14,0
2025-05-15,SKU-PC-02,Personal-Care,13,0
2025-05-16,SKU-PC-02,Personal-Care,18,0
2025-05-17,SKU-PC-02,Personal-Care,19,0
2025-05-18,SKU-PC-02,Personal-Care,16,0
2025-05-19,SKU-PC-02,Personal-Care,13,0
2025-05-20,SKU-PC-02,Personal-Care,18,0
2025-05-21,SKU-PC-02,Personal-Care,8,0
2025-05-22,SKU-PC-02,Personal-Care,19,0
2025-05-23,SKU-PC-02,Personal-Care,9,0
2025-05-24,SKU-PC-02,Personal-Care,22,0
2025-05-25,SKU-PC-02,Personal-Care,11,0
2025-05-26,SKU-PC-02,Personal-Care,12,0
2025-05-27,SKU-PC-02,Personal-Care,7,0
2025-05-28,SKU-PC-02,Personal-Care,9,0
2025-05-29,SKU-PC-02,Personal-Care,9,0
2025-05-30,SKU-PC-02,Personal-Care,10,0
2025-05-31,SKU-PC-02,Personal-Care,11,0
2025-06-01,SKU-PC-02,Personal-Care,17,0
2025-06-02,SKU-PC-02,Personal-Care,6,0
2025-06-03,SKU-PC-02,Personal-Care,7,0
2025-06-04,SKU-PC-02,Personal-Care,13,0
2025-06-05,SKU-PC-02,Personal-Care,5,0
2025-06-06,SKU-PC-02,Personal-Care,6,0
2025-06-07,SKU-PC-02,Personal-Care,16,0
2025-06-08,SKU-PC-02,Personal-Care,10,0
2025-06-09,SKU-PC-02,Personal-Care,16,0
2025-06-10,SKU-PC-02,Personal-Care,3,0
2025-06-11,SKU-PC-02,Personal-Care,5,0
2025-06-12,SKU-PC-02,Personal-Care,7,0
2025-06-13,SKU-PC-02,Personal-Care,17,0
2025-06-14,SKU-PC-02,Personal-Care,12,0
2025-06-15,SKU-PC-02,Personal-Care,9,0
2025-06-16,SKU-PC-02,Personal-Care,9,0
2025-06-17,SKU-PC-02,Personal-Care,12,0
2025-06-18,SKU-PC-02,Personal-Care,18,0
2025-06-19,SKU-PC-02,Personal-Care,7,0
2025-06-20,SKU-PC-02,Personal-Care,11,0
2025-06-21,SKU-PC-02,Personal-Care,23,0
2025-06-22,SKU-PC-02,Personal-Care,20,0
2025-06-23,SKU-PC-02,Personal-Care,19,0
2025-06-24,SKU-PC-02,Personal-Care,42,1
2025-06-25,SKU-PC-02,Personal-Care,18,0
2025-06-26,SKU-PC-02,Personal-Care,20,0
2025-06-27,SKU-PC-02,Personal-Care,8,0
2025-06-28,SKU-PC-02,Personal-Care,5,0
2025-06-29,SKU-PC-02,Personal-Care,8,0
2025-06-30,SKU-PC-02,Personal-Care,19,0
2025-07-01,SKU-PC-02,Personal-Care,32,0
2023-01-01,SKU-PC-03,Personal-Care,45,0
2023-01-02,SKU-PC-03,Personal-Care,37,0
2023-01-03,SKU-PC-03,Personal-Care,35,0
2023-01-04,SKU-PC-03,Personal-Care,35,0
2023-01-05,SKU-PC-03,Personal-Care,40,0
2023-01-06,SKU-PC-03,Personal-Care,27,0
2023-01-07,SKU-PC-03,Personal-Care,44,0
2023-01-08,SKU-PC-03,Personal-Care,45,0
2023-01-09,SKU-PC-03,Personal-Care,53,0
2023-01-10,SKU-PC-03,Personal-Care,55,0
2023-01-11,SKU-PC-03,Personal-Care,45,0
2023-01-12,SKU-PC-03,Personal-Care,41,0
2023-01-13,SKU-PC-03,Personal-Care,28,0
2023-01-14,SKU-PC-03,Personal-Care,52,0
2023-01-15,SKU-PC-03,Personal-Care,37,0
2023-01-16,SKU-PC-03,Personal-Care,64,0
2023-01-17,SKU-PC-03,Personal-Care,52,0
2023-01-18,SKU-PC-03,Personal-Care,42,0
2023-01-19,SKU-PC-03,Personal-Care,19,0
2023-01-20,SKU-PC-03,Personal-Care,21,0
2023-01-21,SKU-PC-03,Personal-Care,58,1
2023-01-22,SKU-PC-03,Personal-Care,23,0
2023-01-23,SKU-PC-03,Personal-Care,20,0
2023-01-24,SKU-PC-03,Personal-Care,26,0
2023-01-25,SKU-PC-03,Personal-Care,44,0
2023-01-26,SKU-PC-03,Personal-Care,49,0
2023-01-27,SKU-PC-03,Personal-Care,47,0
2023-01-28,SKU-PC-03,Personal-Care,45,0
2023-01-29,SKU-PC-03,Personal-Care,23,0
2023-01-30,SKU-PC-03,Personal-Care,34,0
2023-01-31,SKU-PC-03,Personal-Care,11,0
2023-02-01,SKU-PC-03,Personal-Care,35,0
2023-02-02,SKU-PC-03,Personal-Care,25,0
2023-02-03,SKU-PC-03,Personal-Care,29,0
2023-02-04,SKU-PC-03,Personal-Care,40,0
2023-02-05,SKU-PC-03,Personal-Care,19,0
2023-02-06,SKU-PC-03,Personal-Care,50,0
2023-02-07,SKU-PC-03,Personal-Care,27,0
2023-02-08,SKU-PC-03,Personal-Care,43,0
2023-02-09,SKU-PC-03,Personal-Care,35,0
2023-02-10,SKU-PC-03,Personal-Care,28,0
2023-02-11,SKU-PC-03,Personal-Care,30,0
2023-02-12,SKU-PC-03,Personal-Care,54,0
2023-02-13,SKU-PC-03,Personal-Care,29,0
2023-02-14,SKU-PC-03,Personal-Care,16,0
2023-02-15,SKU-PC-03,Personal-Care,54,0
2023-02-16,SKU-PC-03,Personal-Care,44,0
2023-02-17,SKU-PC-03,Personal-Care,27,0
2023-02-18,SKU-PC-03,Personal-Care,51,0
2023-02-19,SKU-PC-03,Personal-Care,41,0
2023-02-20,SKU-PC-03,Personal-Care,44,0
2023-02-21,SKU-PC-03,Personal-Care,36,0
2023-02-22,SKU-PC-03,Personal-Care,29,0
2023-02-23,SKU-PC-03,Personal-Care,40,0
2023-02-24,SKU-PC-03,Personal-Care,49,0
2023-02-25,SKU-PC-03,Personal-Care,36,0
2023-02-26,SKU-PC-03,Personal-Care,24,0
2023-02-27,SKU-PC-03,Personal-Care,36,0
2023-02-28,SKU-PC-03,Personal-Care,32,0
2023-03-01,SKU-PC-03,Personal-Care,20,0
2023-03-02,SKU-PC-03,Personal-Care,45,0
2023-03-03,SKU-PC-03,Personal-Care,44,0
2023-03-04,SKU-PC-03,Personal-Care,25,0
2023-03-05,SKU-PC-03,Personal-Care,41,0
2023-03-06,SKU-PC-03,Personal-Care,42,0
2023-03-07,SKU-PC-03,Personal-Care,7,0
2023-03-08,SKU-PC-03,Personal-Care,42,1
2023-03-09,SKU-PC-03,Personal-Care,48,0
2023-03-10,SKU-PC-03,Personal-Care,42,1
2023-03-11,SKU-PC-03,Personal-Care,21,0
2023-03-12,SKU-PC-03,Personal-Care,45,0
2023-03-13,SKU-PC-03,Personal-Care,29,0
2023-03-14,SKU-PC-03,Personal-Care,21,0
2023-03-15,SKU-PC-03,Personal-Care,23,0
2023-03-16,SKU-PC-03,Personal-Care,26,0
2023-03-17,SKU-PC-03,Personal-Care,27,0
2023-03-18,SKU-PC-03,Personal-Care,16,0
2023-03-19,SKU-PC-03,Personal-Care,37,0
2023-03-20,SKU-PC-03,Personal-Care,33,0
2023-03-21,SKU-PC-03,Personal-Care,29,0
2023-03-22,SKU-PC-03,Personal-Care,50,0
2023-03-23,SKU-PC-03,Personal-Care,28,0
2023-03-24,SKU-PC-03,Personal-Care,44,0
2023-03-25,SKU-PC-03,Personal-Care,28,0
2023-03-26,SKU-PC-03,Personal-Care,25,0
2023-03-27,SKU-PC-03,Personal-Care,51,0
2023-03-28,SKU-PC-03,Personal-Care,19,0
2023-03-29,SKU-PC-03,Personal-Care,10,0
2023-03-30,SKU-PC-03,Personal-Care,30,0
2023-03-31,SKU-PC-03,Personal-Care,45,0
2023-04-01,SKU-PC-03,Personal-Care,26,0
2023-04-02,SKU-PC-03,Personal-Care,44,0
2023-04-03,SKU-PC-03,Personal-Care,25,0
2023-04-04,SKU-PC-03,Personal-Care,40,0
2023-04-05,SKU-PC-03,Personal-Care,39,0
2023-04-06,SKU-PC-03,Personal-Care,33,0
2023-04-07,SKU-PC-03,Personal-Care,13,0
2023-04-08,SKU-PC-03,Personal-Care,46,0
2023-04-09,SKU-PC-03,Personal-Care,35,0
2023-04-10,SKU-PC-03,Personal-Care,29,0
2023-04-11,SKU-PC-03,Personal-Care,28,0
2023-04-12,SKU-PC-03,Personal-Care,43,0
2023-04-13,SKU-PC-03,Personal-Care,40,0
2023-04-14,SKU-PC-03,Personal-Care,28,0
2023-04-15,SKU-PC-03,Personal-Care,35,0
2023-04-16,SKU-PC-03,Personal-Care,21,0
2023-04-17,SKU-PC-03,Personal-Care,34,0
2023-04-18,SKU-PC-03,Personal-Care,35,0
2023-04-19,SKU-PC-03,Personal-Care,39,0
2023-04-20,SKU-PC-03,Personal-Care,39,0
2023-04-21,SKU-PC-03,Personal-Care,13,0
2023-04-22,SKU-PC-03,Personal-Care,18,0
2023-04-23,SKU-PC-03,Personal-Care,38,0
2023-04-24,SKU-PC-03,Personal-Care,25,0
2023-04-25,SKU-PC-03,Personal-Care,22,0
2023-04-26,SKU-PC-03,Personal-Care,33,0
2023-04-27,SKU-PC-03,Personal-Care,29,0
2023-04-28,SKU-PC-03,Personal-Care,28,0
2023-04-29,SKU-PC-03,Personal-Care,17,0
2023-04-30,SKU-PC-03,Personal-Care,24,0
2023-05-01,SKU-PC-03,Personal-Care,25,0
2023-05-02,SKU-PC-03,Personal-Care,27,0
2023-05-03,SKU-PC-03,Personal-Care,42,0
2023-05-04,SKU-PC-03,Personal-Care,84,1
2023-05-05,SKU-PC-03,Personal-Care,39,0
2023-05-06,SKU-PC-03,Personal-Care,49,0
2023-05-07,SKU-PC-03,Personal-Care,27,0
2023-05-08,SKU-PC-03,Personal-Care,29,0
2023-05-09,SKU-PC-03,Personal-Care,20,0
2023-05-10,SKU-PC-03,Personal-Care,34,0
2023-05-11,SKU-PC-03,Personal-Care,42,0
2023-05-12,SKU-PC-03,Personal-Care,39,0
2023-05-13,SKU-PC-03,Personal-Care,26,0
2023-05-14,SKU-PC-03,Personal-Care,22,0
2023-05-15,SKU-PC-03,Personal-Care,26,0
2023-05-16,SKU-PC-03,Personal-Care,16,0
2023-05-17,SKU-PC-03,Personal-Care,26,0
2023-05-18,SKU-PC-03,Personal-Care,28,0
2023-05-19,SKU-PC-03,Personal-Care,28,0
2023-05-20,SKU-PC-03,Personal-Care,10,0
2023-05-21,SKU-PC-03,Personal-Care,27,0
2023-05-22,SKU-PC-03,Personal-Care,45,0
2023-05-23,SKU-PC-03,Personal-Care,35,0
2023-05-24,SKU-PC-03,Personal-Care,50,0
2023-05-25,SKU-PC-03,Personal-Care,45,0
2023-05-26,SKU-PC-03,Personal-Care,39,0
2023-05-27,SKU-PC-03,Personal-Care,15,0
2023-05-28,SKU-PC-03,Personal-Care,30,0
2023-05-29,SKU-PC-03,Personal-Care,23,0
2023-05-30,SKU-PC-03,Personal-Care,28,0
2023-05-31,SKU-PC-03,Personal-Care,90,1
2023-06-01,SKU-PC-03,Personal-Care,37,0
2023-06-02,SKU-PC-03,Personal-Care,19,0
2023-06-03,SKU-PC-03,Personal-Care,38,0
2023-06-04,SKU-PC-03,Personal-Care,48,0
2023-06-05,SKU-PC-03,Personal-Care,37,0
2023-06-06,SKU-PC-03,Personal-Care,146,1
2023-06-07,SKU-PC-03,Personal-Care,16,0
2023-06-08,SKU-PC-03,Personal-Care,27,0
2023-06-09,SKU-PC-03,Personal-Care,68,0
2023-06-10,SKU-PC-03,Personal-Care,36,0
2023-06-11,SKU-PC-03,Personal-Care,20,0
2023-06-12,SKU-PC-03,Personal-Care,21,0
2023-06-13,SKU-PC-03,Personal-Care,22,0
2023-06-14,SKU-PC-03,Personal-Care,45,0
2023-06-15,SKU-PC-03,Personal-Care,45,0
2023-06-16,SKU-PC-03,Personal-Care,31,0
2023-06-17,SKU-PC-03,Personal-Care,31,0
2023-06-18,SKU-PC-03,Personal-Care,37,0
2023-06-19,SKU-PC-03,Personal-Care,37,0
2023-06-20,SKU-PC-03,Personal-Care,39,0
2023-06-21,SKU-PC-03,Personal-Care,21,0
2023-06-22,SKU-PC-03,Personal-Care,19,0
2023-06-23,SKU-PC-03,Personal-Care,29,0
2023-06-24,SKU-PC-03,Personal-Care,36,0
2023-06-25,SKU-PC-03,Personal-Care,27,0
2023-06-26,SKU-PC-03,Personal-Care,31,0
2023-06-27,SKU-PC-03,Personal-Care,86,1
2023-06-28,SKU-PC-03,Personal-Care,34,0
2023-06-29,SKU-PC-03,Personal-Care,36,0
2023-06-30,SKU-PC-03,Personal-Care,34,0
2023-07-01,SKU-PC-03,Personal-Care,48,0
2023-07-02,SKU-PC-03,Personal-Care,39,0
2023-07-03,SKU-PC-03,Personal-Care,40,0
2023-07-04,SKU-PC-03,Personal-Care,24,0
2023-07-05,SKU-PC-03,Personal-Care,46,0
2023-07-06,SKU-PC-03,Personal-Care,18,0
2023-07-07,SKU-PC-03,Personal-Care,40,0
2023-07-08,SKU-PC-03,Personal-Care,17,0
2023-07-09,SKU-PC-03,Personal-Care,25,0
2023-07-10,SKU-PC-03,Personal-Care,15,0
2023-07-11,SKU-PC-03,Personal-Care,40,0
2023-07-12,SKU-PC-03,Personal-Care,56,0
2023-07-13,SKU-PC-03,Personal-Care,56,0
2023-07-14,SKU-PC-03,Personal-Care,17,0
2023-07-15,SKU-PC-03,Personal-Care,19,0
2023-07-16,SKU-PC-03,Personal-Care,35,0
2023-07-17,SKU-PC-03,Personal-Care,17,0
2023-07-18,SKU-PC-03,Personal-Care,28,0
2023-07-19,SKU-PC-03,Personal-Care,40,0
2023-07-20,SKU-PC-03,Personal-Care,29,0
2023-07-21,SKU-PC-03,Personal-Care,41,0
2023-07-22,SKU-PC-03,Personal-Care,27,0
2023-07-23,SKU-PC-03,Personal-Care,50,0
2023-07-24,SKU-PC-03,Personal-Care,20,0
2023-07-25,SKU-PC-03,Personal-Care,23,0
2023-07-26,SKU-PC-03,Personal-Care,30,0
2023-07-27,SKU-PC-03,Personal-Care,33,0
2023-07-28,SKU-PC-03,Personal-Care,41,0
2023-07-29,SKU-PC-03,Personal-Care,38,0
2023-07-30,SKU-PC-03,Personal-Care,99,1
2023-07-31,SKU-PC-03,Personal-Care,26,0
2023-08-01,SKU-PC-03,Personal-Care,36,0
2023-08-02,SKU-PC-03,Personal-Care,34,0
2023-08-03,SKU-PC-03,Personal-Care,35,0
2023-08-04,SKU-PC-03,Personal-Care,27,0
2023-08-05,SKU-PC-03,Personal-Care,29,0
2023-08-06,SKU-PC-03,Personal-Care,26,0
2023-08-07,SKU-PC-03,Personal-Care,43,0
2023-08-08,SKU-PC-03,Personal-Care,53,0
2023-08-09,SKU-PC-03,Personal-Care,44,0
2023-08-10,SKU-PC-03,Personal-Care,27,0
2023-08-11,SKU-PC-03,Personal-Care,25,0
2023-08-12,SKU-PC-03,Personal-Care,26,0
2023-08-13,SKU-PC-03,Personal-Care,33,0
2023-08-14,SKU-PC-03,Personal-Care,41,0
2023-08-15,SKU-PC-03,Personal-Care,20,0
2023-08-16,SKU-PC-03,Personal-Care,22,0
2023-08-17,SKU-PC-03,Personal-Care,36,0
2023-08-18,SKU-PC-03,Personal-Care,31,0
2023-08-19,SKU-PC-03,Personal-Care,33,0
2023-08-20,SKU-PC-03,Personal-Care,25,0
2023-08-21,SKU-PC-03,Personal-Care,28,0
2023-08-22,SKU-PC-03,Personal-Care,28,0
2023-08-23,SKU-PC-03,Personal-Care,25,0
2023-08-24,SKU-PC-03,Personal-Care,24,0
2023-08-25,SKU-PC-03,Personal-Care,28,0
2023-08-26,SKU-PC-03,Personal-Care,34,0
2023-08-27,SKU-PC-03,Personal-Care,26,0
2023-08-28,SKU-PC-03,Personal-Care,39,0
2023-08-29,SKU-PC-03,Personal-Care,13,0
2023-08-30,SKU-PC-03,Personal-Care,25,0
2023-08-31,SKU-PC-03,Personal-Care,25,0
2023-09-01,SKU-PC-03,Personal-Care,39,0
2023-09-02,SKU-PC-03,Personal-Care,55,0
2023-09-03,SKU-PC-03,Personal-Care,28,0
2023-09-04,SKU-PC-03,Personal-Care,25,0
2023-09-05,SKU-PC-03,Personal-Care,19,0
2023-09-06,SKU-PC-03,Personal-Care,27,0
2023-09-07,SKU-PC-03,Personal-Care,31,0
2023-09-08,SKU-PC-03,Personal-Care,24,0
2023-09-09,SKU-PC-03,Personal-Care,17,0
2023-09-10,SKU-PC-03,Personal-Care,23,0
2023-09-11,SKU-PC-03,Personal-Care,16,0
2023-09-12,SKU-PC-03,Personal-Care,19,0
2023-09-13,SKU-PC-03,Personal-Care,23,0
2023-09-14,SKU-PC-03,Personal-Care,23,0
2023-09-15,SKU-PC-03,Personal-Care,41,0
2023-09-16,SKU-PC-03,Personal-Care,54,0
2023-09-17,SKU-PC-03,Personal-Care,34,0
2023-09-18,SKU-PC-03,Personal-Care,33,0
2023-09-19,SKU-PC-03,Personal-Care,27,0
2023-09-20,SKU-PC-03,Personal-Care,36,0
2023-09-21,SKU-PC-03,Personal-Care,25,1
2023-09-22,SKU-PC-03,Personal-Care,44,0
2023-09-23,SKU-PC-03,Personal-Care,48,0
2023-09-24,SKU-PC-03,Personal-Care,14,0
2023-09-25,SKU-PC-03,Personal-Care,27,0
2023-09-26,SKU-PC-03,Personal-Care,35,0
2023-09-27,SKU-PC-03,Personal-Care,26,0
2023-09-28,SKU-PC-03,Personal-Care,28,0
2023-09-29,SKU-PC-03,Personal-Care,21,0
2023-09-30,SKU-PC-03,Personal-Care,24,0
2023-10-01,SKU-PC-03,Personal-Care,31,0
2023-10-02,SKU-PC-03,Personal-Care,34,0
2023-10-03,SKU-PC-03,Personal-Care,75,1
2023-10-04,SKU-PC-03,Personal-Care,24,0
2023-10-05,SKU-PC-03,Personal-Care,50,0
2023-10-06,SKU-PC-03,Personal-Care,30,0
2023-10-07,SKU-PC-03,Personal-Care,48,0
2023-10-08,SKU-PC-03,Personal-Care,25,1
2023-10-09,SKU-PC-03,Personal-Care,17,0
2023-10-10,SKU-PC-03,Personal-Care,32,0
2023-10-11,SKU-PC-03,Personal-Care,20,0
2023-10-12,SKU-PC-03,Personal-Care,30,0
2023-10-13,SKU-PC-03,Personal-Care,37,0
2023-10-14,SKU-PC-03,Personal-Care,34,0
2023-10-15,SKU-PC-03,Personal-Care,19,0
2023-10-16,SKU-PC-03,Personal-Care,28,0
2023-10-17,SKU-PC-03,Personal-Care,44,0
2023-10-18,SKU-PC-03,Personal-Care,17,0
2023-10-19,SKU-PC-03,Personal-Care,19,0
2023-10-20,SKU-PC-03,Personal-Care,35,0
2023-10-21,SKU-PC-03,Personal-Care,38,0
2023-10-22,SKU-PC-03,Personal-Care,26,0
2023-10-23,SKU-PC-03,Personal-Care,58,0
2023-10-24,SKU-PC-03,Personal-Care,17,0
2023-10-25,SKU-PC-03,Personal-Care,26,0
2023-10-26,SKU-PC-03,Personal-Care,44,0
2023-10-27,SKU-PC-03,Personal-Care,56,1
2023-10-28,SKU-PC-03,Personal-Care,30,0
2023-10-29,SKU-PC-03,Personal-Care,21,0
2023-10-30,SKU-PC-03,Personal-Care,28,0
2023-10-31,SKU-PC-03,Personal-Care,38,0
2023-11-01,SKU-PC-03,Personal-Care,25,0
2023-11-02,SKU-PC-03,Personal-Care,23,0
2023-11-03,SKU-PC-03,Personal-Care,74,1
2023-11-04,SKU-PC-03,Personal-Care,41,0
2023-11-05,SKU-PC-03,Personal-Care,31,0
2023-11-06,SKU-PC-03,Personal-Care,49,1
2023-11-07,SKU-PC-03,Personal-Care,38,0
2023-11-08,SKU-PC-03,Personal-Care,25,0
2023-11-09,SKU-PC-03,Personal-Care,49,0
2023-11-10,SKU-PC-03,Personal-Care,28,0
2023-11-11,SKU-PC-03,Personal-Care,33,0
2023-11-12,SKU-PC-03,Personal-Care,32,0
2023-11-13,SKU-PC-03,Personal-Care,19,0
2023-11-14,SKU-PC-03,Personal-Care,32,0
2023-11-15,SKU-PC-03,Personal-Care,36,0
2023-11-16,SKU-PC-03,Personal-Care,37,0
2023-11-17,SKU-PC-03,Personal-Care,29,0
2023-11-18,SKU-PC-03,Personal-Care,33,0
2023-11-19,SKU-PC-03,Personal-Care,19,0
2023-11-20,SKU-PC-03,Personal-Care,26,0
2023-11-21,SKU-PC-03,Personal-Care,74,0
2023-11-22,SKU-PC-03,Personal-Care,28,0
2023-11-23,SKU-PC-03,Personal-Care,27,0
2023-11-24,SKU-PC-03,Personal-Care,26,0
2023-11-25,SKU-PC-03,Personal-Care,27,0
2023-11-26,SKU-PC-03,Personal-Care,17,0
2023-11-27,SKU-PC-03,Personal-Care,33,0
2023-11-28,SKU-PC-03,Personal-Care,29,0
2023-11-29,SKU-PC-03,Personal-Care,18,0
2023-11-30,SKU-PC-03,Personal-Care,13,0
2023-12-01,SKU-PC-03,Personal-Care,32,0
2023-12-02,SKU-PC-03,Personal-Care,23,0
2023-12-03,SKU-PC-03,Personal-Care,47,0
2023-12-04,SKU-PC-03,Personal-Care,29,0
2023-12-05,SKU-PC-03,Personal-Care,35,0
2023-12-06,SKU-PC-03,Personal-Care,18,0
2023-12-07,SKU-PC-03,Personal-Care,23,0
2023-12-08,SKU-PC-03,Personal-Care,27,0
2023-12-09,SKU-PC-03,Personal-Care,33,0
2023-12-10,SKU-PC-03,Personal-Care,46,0
2023-12-11,SKU-PC-03,Personal-Care,44,1
2023-12-12,SKU-PC-03,Personal-Care,26,0
2023-12-13,SKU-PC-03,Personal-Care,48,0
2023-12-14,SKU-PC-03,Personal-Care,26,0
2023-12-15,SKU-PC-03,Personal-Care,42,0
2023-12-16,SKU-PC-03,Personal-Care,29,0
2023-12-17,SKU-PC-03,Personal-Care,56,0
2023-12-18,SKU-PC-03,Personal-Care,57,0
2023-12-19,SKU-PC-03,Personal-Care,40,0
2023-12-20,SKU-PC-03,Personal-Care,37,0
2023-12-21,SKU-PC-03,Personal-Care,29,0
2023-12-22,SKU-PC-03,Personal-Care,43,0
2023-12-23,SKU-PC-03,Personal-Care,34,0
2023-12-24,SKU-PC-03,Personal-Care,12,0
2023-12-25,SKU-PC-03,Personal-Care,31,0
2023-12-26,SKU-PC-03,Personal-Care,38,0
2023-12-27,SKU-PC-03,Personal-Care,34,0
2023-12-28,SKU-PC-03,Personal-Care,32,0
2023-12-29,SKU-PC-03,Personal-Care,76,0
2023-12-30,SKU-PC-03,Personal-Care,29,0
2023-12-31,SKU-PC-03,Personal-Care,30,0
2024-01-01,SKU-PC-03,Personal-Care,25,0
2024-01-02,SKU-PC-03,Personal-Care,29,0
2024-01-03,SKU-PC-03,Personal-Care,13,0
2024-01-04,SKU-PC-03,Personal-Care,31,0
2024-01-05,SKU-PC-03,Personal-Care,46,0
2024-01-06,SKU-PC-03,Personal-Care,45,0
2024-01-07,SKU-PC-03,Personal-Care,35,0
2024-01-08,SKU-PC-03,Personal-Care,16,0
2024-01-09,SKU-PC-03,Personal-Care,53,0
2024-01-10,SKU-PC-03,Personal-Care,22,0
2024-01-11,SKU-PC-03,Personal-Care,52,0
2024-01-12,SKU-PC-03,Personal-Care,29,0
2024-01-13,SKU-PC-03,Personal-Care,35,0
2024-01-14,SKU-PC-03,Personal-Care,52,0
2024-01-15,SKU-PC-03,Personal-Care,56,0
2024-01-16,SKU-PC-03,Personal-Care,33,0
2024-01-17,SKU-PC-03,Personal-Care,44,0
2024-01-18,SKU-PC-03,Personal-Care,19,0
2024-01-19,SKU-PC-03,Personal-Care,34,0
2024-01-20,SKU-PC-03,Personal-Care,34,0
2024-01-21,SKU-PC-03,Personal-Care,51,0
2024-01-22,SKU-PC-03,Personal-Care,16,0
2024-01-23,SKU-PC-03,Personal-Care,30,0
2024-01-24,SKU-PC-03,Personal-Care,36,0
2024-01-25,SKU-PC-03,Personal-Care,42,0
2024-01-26,SKU-PC-03,Personal-Care,16,0
2024-01-27,SKU-PC-03,Personal-Care,42,0
2024-01-28,SKU-PC-03,Personal-Care,30,0
2024-01-29,SKU-PC-03,Personal-Care,12,0
2024-01-30,SKU-PC-03,Personal-Care,43,0
2024-01-31,SKU-PC-03,Personal-Care,33,0
2024-02-01,SKU-PC-03,Personal-Care,30,0
2024-02-02,SKU-PC-03,Personal-Care,23,0
2024-02-03,SKU-PC-03,Personal-Care,28,0
2024-02-04,SKU-PC-03,Personal-Care,22,0
2024-02-05,SKU-PC-03,Personal-Care,24,0
2024-02-06,SKU-PC-03,Personal-Care,67,0
2024-02-07,SKU-PC-03,Personal-Care,37,0
2024-02-08,SKU-PC-03,Personal-Care,25,0
2024-02-09,SKU-PC-03,Personal-Care,36,0
2024-02-10,SKU-PC-03,Personal-Care,22,0
2024-02-11,SKU-PC-03,Personal-Care,23,0
2024-02-12,SKU-PC-03,Personal-Care,29,0
2024-02-13,SKU-PC-03,Personal-Care,37,0
2024-02-14,SKU-PC-03,Personal-Care,36,0
2024-02-15,SKU-PC-03,Personal-Care,28,0
2024-02-16,SKU-PC-03,Personal-Care,25,0
2024-02-17,SKU-PC-03,Personal-Care,37,0
2024-02-18,SKU-PC-03,Personal-Care,41,0
2024-02-19,SKU-PC-03,Personal-Care,17,0
2024-02-20,SKU-PC-03,Personal-Care,28,0
2024-02-21,SKU-PC-03,Personal-Care,27,0
2024-02-22,SKU-PC-03,Personal-Care,27,0
2024-02-23,SKU-PC-03,Personal-Care,18,0
2024-02-24,SKU-PC-03,Personal-Care,22,0
2024-02-25,SKU-PC-03,Personal-Care,16,0
2024-02-26,SKU-PC-03,Personal-Care,67,0
2024-02-27,SKU-PC-03,Personal-Care,63,0
2024-02-28,SKU-PC-03,Personal-Care,40,0
2024-02-29,SKU-PC-03,Personal-Care,41,0
2024-03-01,SKU-PC-03,Personal-Care,24,0
2024-03-02,SKU-PC-03,Personal-Care,28,0
2024-03-03,SKU-PC-03,Personal-Care,33,0
2024-03-04,SKU-PC-03,Personal-Care,22,0
2024-03-05,SKU-PC-03,Personal-Care,19,0
2024-03-06,SKU-PC-03,Personal-Care,31,0
2024-03-07,SKU-PC-03,Personal-Care,40,0
2024-03-08,SKU-PC-03,Personal-Care,13,0
2024-03-09,SKU-PC-03,Personal-Care,36,0
2024-03-10,SKU-PC-03,Personal-Care,33,0
2024-03-11,SKU-PC-03,Personal-Care,34,0
2024-03-12,SKU-PC-03,Personal-Care,38,0
2024-03-13,SKU-PC-03,Personal-Care,27,0
2024-03-14,SKU-PC-03,Personal-Care,51,0
2024-03-15,SKU-PC-03,Personal-Care,33,0
2024-03-16,SKU-PC-03,Personal-Care,43,0
2024-03-17,SKU-PC-03,Personal-Care,59,0
2024-03-18,SKU-PC-03,Personal-Care,38,0
2024-03-19,SKU-PC-03,Personal-Care,35,0
2024-03-20,SKU-PC-03,Personal-Care,92,1
2024-03-21,SKU-PC-03,Personal-Care,47,0
2024-03-22,SKU-PC-03,Personal-Care,17,0
2024-03-23,SKU-PC-03,Personal-Care,47,0
2024-03-24,SKU-PC-03,Personal-Care,31,0
2024-03-25,SKU-PC-03,Personal-Care,26,0
2024-03-26,SKU-PC-03,Personal-Care,38,0
2024-03-27,SKU-PC-03,Personal-Care,42,0
2024-03-28,SKU-PC-03,Personal-Care,28,0
2024-03-29,SKU-PC-03,Personal-Care,31,0
2024-03-30,SKU-PC-03,Personal-Care,43,0
2024-03-31,SKU-PC-03,Personal-Care,23,0
2024-04-01,SKU-PC-03,Personal-Care,37,0
2024-04-02,SKU-PC-03,Personal-Care,6,0
2024-04-03,SKU-PC-03,Personal-Care,19,0
2024-04-04,SKU-PC-03,Personal-Care,33,0
2024-04-05,SKU-PC-03,Personal-Care,32,0
2024-04-06,SKU-PC-03,Personal-Care,45,0
2024-04-07,SKU-PC-03,Personal-Care,24,0
2024-04-08,SKU-PC-03,Personal-Care,41,0
2024-04-09,SKU-PC-03,Personal-Care,29,0
2024-04-10,SKU-PC-03,Personal-Care,17,0
2024-04-11,SKU-PC-03,Personal-Care,47,0
2024-04-12,SKU-PC-03,Personal-Care,22,0
2024-04-13,SKU-PC-03,Personal-Care,30,0
2024-04-14,SKU-PC-03,Personal-Care,33,0
2024-04-15,SKU-PC-03,Personal-Care,28,0
2024-04-16,SKU-PC-03,Personal-Care,23,0
2024-04-17,SKU-PC-03,Personal-Care,29,0
2024-04-18,SKU-PC-03,Personal-Care,30,0
2024-04-19,SKU-PC-03,Personal-Care,22,0
2024-04-20,SKU-PC-03,Personal-Care,30,0
2024-04-21,SKU-PC-03,Personal-Care,12,0
2024-04-22,SKU-PC-03,Personal-Care,44,0
2024-04-23,SKU-PC-03,Personal-Care,47,0
2024-04-24,SKU-PC-03,Personal-Care,14,0
2024-04-25,SKU-PC-03,Personal-Care,14,0
2024-04-26,SKU-PC-03,Personal-Care,36,0
2024-04-27,SKU-PC-03,Personal-Care,24,0
2024-04-28,SKU-PC-03,Personal-Care,16,0
2024-04-29,SKU-PC-03,Personal-Care,29,0
2024-04-30,SKU-PC-03,Personal-Care,39,0
2024-05-01,SKU-PC-03,Personal-Care,24,0
2024-05-02,SKU-PC-03,Personal-Care,55,0
2024-05-03,SKU-PC-03,Personal-Care,31,0
2024-05-04,SKU-PC-03,Personal-Care,38,0
2024-05-05,SKU-PC-03,Personal-Care,36,0
2024-05-06,SKU-PC-03,Personal-Care,29,0
2024-05-07,SKU-PC-03,Personal-Care,20,0
2024-05-08,SKU-PC-03,Personal-Care,83,0
2024-05-09,SKU-PC-03,Personal-Care,16,0
2024-05-10,SKU-PC-03,Personal-Care,43,0
2024-05-11,SKU-PC-03,Personal-Care,36,0
2024-05-12,SKU-PC-03,Personal-Care,27,0
2024-05-13,SKU-PC-03,Personal-Care,17,0
2024-05-14,SKU-PC-03,Personal-Care,50,0
2024-05-15,SKU-PC-03,Personal-Care,27,0
2024-05-16,SKU-PC-03,Personal-Care,24,0
2024-05-17,SKU-PC-03,Personal-Care,24,0
2024-05-18,SKU-PC-03,Personal-Care,31,0
2024-05-19,SKU-PC-03,Personal-Care,31,0
2024-05-20,SKU-PC-03,Personal-Care,45,0
2024-05-21,SKU-PC-03,Personal-Care,59,0
2024-05-22,SKU-PC-03,Personal-Care,35,0
2024-05-23,SKU-PC-03,Personal-Care,28,0
2024-05-24,SKU-PC-03,Personal-Care,33,0
2024-05-25,SKU-PC-03,Personal-Care,44,0
2024-05-26,SKU-PC-03,Personal-Care,30,0
2024-05-27,SKU-PC-03,Personal-Care,41,0
2024-05-28,SKU-PC-03,Personal-Care,27,0
2024-05-29,SKU-PC-03,Personal-Care,38,0
2024-05-30,SKU-PC-03,Personal-Care,26,0
2024-05-31,SKU-PC-03,Personal-Care,29,0
2024-06-01,SKU-PC-03,Personal-Care,27,0
2024-06-02,SKU-PC-03,Personal-Care,26,0
2024-06-03,SKU-PC-03,Personal-Care,37,0
2024-06-04,SKU-PC-03,Personal-Care,38,0
2024-06-05,SKU-PC-03,Personal-Care,37,0
2024-06-06,SKU-PC-03,Personal-Care,31,0
2024-06-07,SKU-PC-03,Personal-Care,30,0
2024-06-08,SKU-PC-03,Personal-Care,75,1
2024-06-09,SKU-PC-03,Personal-Care,47,1
2024-06-10,SKU-PC-03,Personal-Care,27,0
2024-06-11,SKU-PC-03,Personal-Care,32,0
2024-06-12,SKU-PC-03,Personal-Care,41,0
2024-06-13,SKU-PC-03,Personal-Care,31,0
2024-06-14,SKU-PC-03,Personal-Care,42,0
2024-06-15,SKU-PC-03,Personal-Care,24,0
2024-06-16,SKU-PC-03,Personal-Care,40,0
2024-06-17,SKU-PC-03,Personal-Care,63,0
2024-06-18,SKU-PC-03,Personal-Care,21,0
2024-06-19,SKU-PC-03,Personal-Care,18,0
2024-06-20,SKU-PC-03,Personal-Care,37,0
2024-06-21,SKU-PC-03,Personal-Care,43,0
2024-06-22,SKU-PC-03,Personal-Care,25,0
2024-06-23,SKU-PC-03,Personal-Care,31,0
2024-06-24,SKU-PC-03,Personal-Care,42,0
2024-06-25,SKU-PC-03,Personal-Care,26,0
2024-06-26,SKU-PC-03,Personal-Care,29,0
2024-06-27,SKU-PC-03,Personal-Care,23,0
2024-06-28,SKU-PC-03,Personal-Care,13,0
2024-06-29,SKU-PC-03,Personal-Care,45,0
2024-06-30,SKU-PC-03,Personal-Care,23,0
2024-07-01,SKU-PC-03,Personal-Care,34,0
2024-07-02,SKU-PC-03,Personal-Care,42,0
2024-07-03,SKU-PC-03,Personal-Care,10,0
2024-07-04,SKU-PC-03,Personal-Care,39,0
2024-07-05,SKU-PC-03,Personal-Care,25,0
2024-07-06,SKU-PC-03,Personal-Care,15,0
2024-07-07,SKU-PC-03,Personal-Care,39,0
2024-07-08,SKU-PC-03,Personal-Care,43,0
2024-07-09,SKU-PC-03,Personal-Care,20,0
2024-07-10,SKU-PC-03,Personal-Care,28,0
2024-07-11,SKU-PC-03,Personal-Care,37,0
2024-07-12,SKU-PC-03,Personal-Care,17,0
2024-07-13,SKU-PC-03,Personal-Care,24,0
2024-07-14,SKU-PC-03,Personal-Care,30,0
2024-07-15,SKU-PC-03,Personal-Care,27,0
2024-07-16,SKU-PC-03,Personal-Care,41,0
2024-07-17,SKU-PC-03,Personal-Care,52,0
2024-07-18,SKU-PC-03,Personal-Care,42,0
2024-07-19,SKU-PC-03,Personal-Care,53,0
2024-07-20,SKU-PC-03,Personal-Care,16,0
2024-07-21,SKU-PC-03,Personal-Care,18,0
2024-07-22,SKU-PC-03,Personal-Care,52,1
2024-07-23,SKU-PC-03,Personal-Care,22,0
2024-07-24,SKU-PC-03,Personal-Care,32,0
2024-07-25,SKU-PC-03,Personal-Care,32,0
2024-07-26,SKU-PC-03,Personal-Care,75,0
2024-07-27,SKU-PC-03,Personal-Care,30,0
2024-07-28,SKU-PC-03,Personal-Care,33,0
2024-07-29,SKU-PC-03,Personal-Care,22,0
2024-07-30,SKU-PC-03,Personal-Care,27,0
2024-07-31,SKU-PC-03,Personal-Care,27,0
2024-08-01,SKU-PC-03,Personal-Care,37,0
2024-08-02,SKU-PC-03,Personal-Care,18,0
2024-08-03,SKU-PC-03,Personal-Care,18,0
2024-08-04,SKU-PC-03,Personal-Care,34,0
2024-08-05,SKU-PC-03,Personal-Care,44,0
2024-08-06,SKU-PC-03,Personal-Care,31,0
2024-08-07,SKU-PC-03,Personal-Care,33,0
2024-08-08,SKU-PC-03,Personal-Care,47,0
2024-08-09,SKU-PC-03,Personal-Care,23,0
2024-08-10,SKU-PC-03,Personal-Care,24,0
2024-08-11,SKU-PC-03,Personal-Care,76,0
2024-08-12,SKU-PC-03,Personal-Care,20,0
2024-08-13,SKU-PC-03,Personal-Care,37,0
2024-08-14,SKU-PC-03,Personal-Care,36,0
2024-08-15,SKU-PC-03,Personal-Care,15,0
2024-08-16,SKU-PC-03,Personal-Care,24,0
2024-08-17,SKU-PC-03,Personal-Care,28,0
2024-08-18,SKU-PC-03,Personal-Care,19,0
2024-08-19,SKU-PC-03,Personal-Care,27,0
2024-08-20,SKU-PC-03,Personal-Care,26,0
2024-08-21,SKU-PC-03,Personal-Care,32,0
2024-08-22,SKU-PC-03,Personal-Care,17,0
2024-08-23,SKU-PC-03,Personal-Care,38,0
2024-08-24,SKU-PC-03,Personal-Care,19,0
2024-08-25,SKU-PC-03,Personal-Care,28,0
2024-08-26,SKU-PC-03,Personal-Care,17,0
2024-08-27,SKU-PC-03,Personal-Care,68,0
2024-08-28,SKU-PC-03,Personal-Care,45,0
2024-08-29,SKU-PC-03,Personal-Care,33,0
2024-08-30,SKU-PC-03,Personal-Care,47,0
2024-08-31,SKU-PC-03,Personal-Care,40,0
2024-09-01,SKU-PC-03,Personal-Care,43,0
2024-09-02,SKU-PC-03,Personal-Care,76,0
2024-09-03,SKU-PC-03,Personal-Care,46,0
2024-09-04,SKU-PC-03,Personal-Care,27,0
2024-09-05,SKU-PC-03,Personal-Care,20,0
2024-09-06,SKU-PC-03,Personal-Care,42,0
2024-09-07,SKU-PC-03,Personal-Care,35,0
2024-09-08,SKU-PC-03,Personal-Care,37,0
2024-09-09,SKU-PC-03,Personal-Care,34,0
2024-09-10,SKU-PC-03,Personal-Care,42,0
2024-09-11,SKU-PC-03,Personal-Care,34,0
2024-09-12,SKU-PC-03,Personal-Care,59,0
2024-09-13,SKU-PC-03,Personal-Care,26,0
2024-09-14,SKU-PC-03,Personal-Care,43,0
2024-09-15,SKU-PC-03,Personal-Care,22,0
2024-09-16,SKU-PC-03,Personal-Care,32,0
2024-09-17,SKU-PC-03,Personal-Care,36,0
2024-09-18,SKU-PC-03,Personal-Care,13,0
2024-09-19,SKU-PC-03,Personal-Care,32,0
2024-09-20,SKU-PC-03,Personal-Care,81,0
2024-09-21,SKU-PC-03,Personal-Care,50,0
2024-09-22,SKU-PC-03,Personal-Care,67,0
2024-09-23,SKU-PC-03,Personal-Care,35,0
2024-09-24,SKU-PC-03,Personal-Care,37,0
2024-09-25,SKU-PC-03,Personal-Care,21,0
2024-09-26,SKU-PC-03,Personal-Care,25,0
2024-09-27,SKU-PC-03,Personal-Care,17,0
2024-09-28,SKU-PC-03,Personal-Care,36,0
2024-09-29,SKU-PC-03,Personal-Care,81,1
2024-09-30,SKU-PC-03,Personal-Care,9,0
2024-10-01,SKU-PC-03,Personal-Care,28,0
2024-10-02,SKU-PC-03,Personal-Care,24,0
2024-10-03,SKU-PC-03,Personal-Care,33,0
2024-10-04,SKU-PC-03,Personal-Care,33,0
2024-10-05,SKU-PC-03,Personal-Care,42,0
2024-10-06,SKU-PC-03,Personal-Care,19,0
2024-10-07,SKU-PC-03,Personal-Care,22,0
2024-10-08,SKU-PC-03,Personal-Care,34,0
2024-10-09,SKU-PC-03,Personal-Care,27,0
2024-10-10,SKU-PC-03,Personal-Care,25,0
2024-10-11,SKU-PC-03,Personal-Care,17,0
2024-10-12,SKU-PC-03,Personal-Care,28,0
2024-10-13,SKU-PC-03,Personal-Care,10,0
2024-10-14,SKU-PC-03,Personal-Care,22,0
2024-10-15,SKU-PC-03,Personal-Care,44,0
2024-10-16,SKU-PC-03,Personal-Care,91,1
2024-10-17,SKU-PC-03,Personal-Care,36,0
2024-10-18,SKU-PC-03,Personal-Care,25,0
2024-10-19,SKU-PC-03,Personal-Care,31,0
2024-10-20,SKU-PC-03,Personal-Care,57,1
2024-10-21,SKU-PC-03,Personal-Care,20,0
2024-10-22,SKU-PC-03,Personal-Care,23,0
2024-10-23,SKU-PC-03,Personal-Care,38,0
2024-10-24,SKU-PC-03,Personal-Care,19,0
2024-10-25,SKU-PC-03,Personal-Care,23,0
2024-10-26,SKU-PC-03,Personal-Care,4,0
2024-10-27,SKU-PC-03,Personal-Care,20,0
2024-10-28,SKU-PC-03,Personal-Care,35,1
2024-10-29,SKU-PC-03,Personal-Care,39,0
2024-10-30,SKU-PC-03,Personal-Care,33,0
2024-10-31,SKU-PC-03,Personal-Care,41,0
2024-11-01,SKU-PC-03,Personal-Care,68,0
2024-11-02,SKU-PC-03,Personal-Care,32,0
2024-11-03,SKU-PC-03,Personal-Care,28,0
2024-11-04,SKU-PC-03,Personal-Care,37,0
2024-11-05,SKU-PC-03,Personal-Care,16,0
2024-11-06,SKU-PC-03,Personal-Care,25,0
2024-11-07,SKU-PC-03,Personal-Care,39,0
2024-11-08,SKU-PC-03,Personal-Care,18,0
2024-11-09,SKU-PC-03,Personal-Care,25,0
2024-11-10,SKU-PC-03,Personal-Care,51,0
2024-11-11,SKU-PC-03,Personal-Care,62,0
2024-11-12,SKU-PC-03,Personal-Care,42,0
2024-11-13,SKU-PC-03,Personal-Care,25,0
2024-11-14,SKU-PC-03,Personal-Care,12,0
2024-11-15,SKU-PC-03,Personal-Care,47,0
2024-11-16,SKU-PC-03,Personal-Care,29,0
2024-11-17,SKU-PC-03,Personal-Care,49,0
2024-11-18,SKU-PC-03,Personal-Care,28,0
2024-11-19,SKU-PC-03,Personal-Care,68,0
2024-11-20,SKU-PC-03,Personal-Care,30,0
2024-11-21,SKU-PC-03,Personal-Care,34,0
2024-11-22,SKU-PC-03,Personal-Care,35,0
2024-11-23,SKU-PC-03,Personal-Care,41,0
2024-11-24,SKU-PC-03,Personal-Care,46,0
2024-11-25,SKU-PC-03,Personal-Care,23,0
2024-11-26,SKU-PC-03,Personal-Care,35,0
2024-11-27,SKU-PC-03,Personal-Care,15,0
2024-11-28,SKU-PC-03,Personal-Care,26,0
2024-11-29,SKU-PC-03,Personal-Care,24,0
2024-11-30,SKU-PC-03,Personal-Care,38,0
2024-12-01,SKU-PC-03,Personal-Care,30,0
2024-12-02,SKU-PC-03,Personal-Care,47,0
2024-12-03,SKU-PC-03,Personal-Care,21,0
2024-12-04,SKU-PC-03,Personal-Care,21,0
2024-12-05,SKU-PC-03,Personal-Care,6,0
2024-12-06,SKU-PC-03,Personal-Care,26,0
2024-12-07,SKU-PC-03,Personal-Care,57,1
2024-12-08,SKU-PC-03,Personal-Care,29,0
2024-12-09,SKU-PC-03,Personal-Care,29,0
2024-12-10,SKU-PC-03,Personal-Care,55,0
2024-12-11,SKU-PC-03,Personal-Care,25,0
2024-12-12,SKU-PC-03,Personal-Care,26,0
2024-12-13,SKU-PC-03,Personal-Care,44,0
2024-12-14,SKU-PC-03,Personal-Care,38,0
2024-12-15,SKU-PC-03,Personal-Care,63,0
2024-12-16,SKU-PC-03,Personal-Care,31,0
2024-12-17,SKU-PC-03,Personal-Care,30,0
2024-12-18,SKU-PC-03,Personal-Care,37,0
2024-12-19,SKU-PC-03,Personal-Care,30,0
2024-12-20,SKU-PC-03,Personal-Care,19,0
2024-12-21,SKU-PC-03,Personal-Care,24,0
2024-12-22,SKU-PC-03,Personal-Care,40,0
2024-12-23,SKU-PC-03,Personal-Care,38,0
2024-12-24,SKU-PC-03,Personal-Care,38,0
2024-12-25,SKU-PC-03,Personal-Care,36,0
2024-12-26,SKU-PC-03,Personal-Care,48,0
2024-12-27,SKU-PC-03,Personal-Care,27,0
2024-12-28,SKU-PC-03,Personal-Care,30,0
2024-12-29,SKU-PC-03,Personal-Care,35,0
2024-12-30,SKU-PC-03,Personal-Care,44,0
2024-12-31,SKU-PC-03,Personal-Care,62,0
2025-01-01,SKU-PC-03,Personal-Care,39,0
2025-01-02,SKU-PC-03,Personal-Care,37,0
2025-01-03,SKU-PC-03,Personal-Care,51,0
2025-01-04,SKU-PC-03,Personal-Care,33,0
2025-01-05,SKU-PC-03,Personal-Care,43,0
2025-01-06,SKU-PC-03,Personal-Care,28,0
2025-01-07,SKU-PC-03,Personal-Care,48,0
2025-01-08,SKU-PC-03,Personal-Care,24,0
2025-01-09,SKU-PC-03,Personal-Care,36,0
2025-01-10,SKU-PC-03,Personal-Care,67,0
2025-01-11,SKU-PC-03,Personal-Care,75,0
2025-01-12,SKU-PC-03,Personal-Care,76,0
2025-01-13,SKU-PC-03,Personal-Care,37,0
2025-01-14,SKU-PC-03,Personal-Care,60,0
2025-01-15,SKU-PC-03,Personal-Care,158,1
2025-01-16,SKU-PC-03,Personal-Care,42,0
2025-01-17,SKU-PC-03,Personal-Care,21,0
2025-01-18,SKU-PC-03,Personal-Care,51,0
2025-01-19,SKU-PC-03,Personal-Care,21,0
2025-01-20,SKU-PC-03,Personal-Care,33,0
2025-01-21,SKU-PC-03,Personal-Care,48,0
2025-01-22,SKU-PC-03,Personal-Care,30,0
2025-01-23,SKU-PC-03,Personal-Care,22,0
2025-01-24,SKU-PC-03,Personal-Care,40,0
2025-01-25,SKU-PC-03,Personal-Care,37,0
2025-01-26,SKU-PC-03,Personal-Care,21,0
2025-01-27,SKU-PC-03,Personal-Care,34,0
2025-01-28,SKU-PC-03,Personal-Care,51,0
2025-01-29,SKU-PC-03,Personal-Care,25,0
2025-01-30,SKU-PC-03,Personal-Care,26,0
2025-01-31,SKU-PC-03,Personal-Care,42,0
2025-02-01,SKU-PC-03,Personal-Care,24,0
2025-02-02,SKU-PC-03,Personal-Care,28,0
2025-02-03,SKU-PC-03,Personal-Care,26,0
2025-02-04,SKU-PC-03,Personal-Care,48,0
2025-02-05,SKU-PC-03,Personal-Care,36,0
2025-02-06,SKU-PC-03,Personal-Care,37,0
2025-02-07,SKU-PC-03,Personal-Care,30,0
2025-02-08,SKU-PC-03,Personal-Care,27,0
2025-02-09,SKU-PC-03,Personal-Care,33,0
2025-02-10,SKU-PC-03,Personal-Care,63,0
2025-02-11,SKU-PC-03,Personal-Care,21,0
2025-02-12,SKU-PC-03,Personal-Care,40,0
2025-02-13,SKU-PC-03,Personal-Care,29,0
2025-02-14,SKU-PC-03,Personal-Care,45,0
2025-02-15,SKU-PC-03,Personal-Care,33,0
2025-02-16,SKU-PC-03,Personal-Care,48,0
2025-02-17,SKU-PC-03,Personal-Care,58,0
2025-02-18,SKU-PC-03,Personal-Care,29,0
2025-02-19,SKU-PC-03,Personal-Care,44,0
2025-02-20,SKU-PC-03,Personal-Care,34,0
2025-02-21,SKU-PC-03,Personal-Care,21,0
2025-02-22,SKU-PC-03,Personal-Care,20,0
2025-02-23,SKU-PC-03,Personal-Care,45,0
2025-02-24,SKU-PC-03,Personal-Care,32,0
2025-02-25,SKU-PC-03,Personal-Care,32,0
2025-02-26,SKU-PC-03,Personal-Care,25,0
2025-02-27,SKU-PC-03,Personal-Care,40,0
2025-02-28,SKU-PC-03,Personal-Care,24,0
2025-03-01,SKU-PC-03,Personal-Care,46,0
2025-03-02,SKU-PC-03,Personal-Care,19,0
2025-03-03,SKU-PC-03,Personal-Care,10,0
2025-03-04,SKU-PC-03,Personal-Care,31,0
2025-03-05,SKU-PC-03,Personal-Care,32,0
2025-03-06,SKU-PC-03,Personal-Care,13,0
2025-03-07,SKU-PC-03,Personal-Care,33,0
2025-03-08,SKU-PC-03,Personal-Care,33,0
2025-03-09,SKU-PC-03,Personal-Care,30,0
2025-03-10,SKU-PC-03,Personal-Care,29,0
2025-03-11,SKU-PC-03,Personal-Care,33,0
2025-03-12,SKU-PC-03,Personal-Care,25,0
2025-03-13,SKU-PC-03,Personal-Care,25,0
2025-03-14,SKU-PC-03,Personal-Care,32,0
2025-03-15,SKU-PC-03,Personal-Care,15,0
2025-03-16,SKU-PC-03,Personal-Care,28,0
2025-03-17,SKU-PC-03,Personal-Care,41,0
2025-03-18,SKU-PC-03,Personal-Care,30,0
2025-03-19,SKU-PC-03,Personal-Care,32,0
2025-03-20,SKU-PC-03,Personal-Care,39,1
2025-03-21,SKU-PC-03,Personal-Care,20,0
2025-03-22,SKU-PC-03,Personal-Care,74,1
2025-03-23,SKU-PC-03,Personal-Care,26,0
2025-03-24,SKU-PC-03,Personal-Care,28,0
2025-03-25,SKU-PC-03,Personal-Care,63,1
2025-03-26,SKU-PC-03,Personal-Care,49,0
2025-03-27,SKU-PC-03,Personal-Care,54,0
2025-03-28,SKU-PC-03,Personal-Care,19,0
2025-03-29,SKU-PC-03,Personal-Care,34,0
2025-03-30,SKU-PC-03,Personal-Care,39,0
2025-03-31,SKU-PC-03,Personal-Care,33,0
2025-04-01,SKU-PC-03,Personal-Care,36,0
2025-04-02,SKU-PC-03,Personal-Care,30,0
2025-04-03,SKU-PC-03,Personal-Care,17,0
2025-04-04,SKU-PC-03,Personal-Care,54,0
2025-04-05,SKU-PC-03,Personal-Care,31,0
2025-04-06,SKU-PC-03,Personal-Care,20,0
2025-04-07,SKU-PC-03,Personal-Care,53,0
2025-04-08,SKU-PC-03,Personal-Care,41,0
2025-04-09,SKU-PC-03,Personal-Care,35,0
2025-04-10,SKU-PC-03,Personal-Care,29,0
2025-04-11,SKU-PC-03,Personal-Care,97,1
2025-04-12,SKU-PC-03,Personal-Care,27,0
2025-04-13,SKU-PC-03,Personal-Care,43,0
2025-04-14,SKU-PC-03,Personal-Care,24,0
2025-04-15,SKU-PC-03,Personal-Care,26,0
2025-04-16,SKU-PC-03,Personal-Care,29,0
2025-04-17,SKU-PC-03,Personal-Care,64,1
2025-04-18,SKU-PC-03,Personal-Care,20,0
2025-04-19,SKU-PC-03,Personal-Care,15,0
2025-04-20,SKU-PC-03,Personal-Care,14,0
2025-04-21,SKU-PC-03,Personal-Care,32,0
2025-04-22,SKU-PC-03,Personal-Care,15,0
2025-04-23,SKU-PC-03,Personal-Care,29,0
2025-04-24,SKU-PC-03,Personal-Care,28,0
2025-04-25,SKU-PC-03,Personal-Care,23,0
2025-04-26,SKU-PC-03,Personal-Care,25,0
2025-04-27,SKU-PC-03,Personal-Care,57,0
2025-04-28,SKU-PC-03,Personal-Care,26,0
2025-04-29,SKU-PC-03,Personal-Care,17,0
2025-04-30,SKU-PC-03,Personal-Care,22,0
2025-05-01,SKU-PC-03,Personal-Care,25,0
2025-05-02,SKU-PC-03,Personal-Care,27,0
2025-05-03,SKU-PC-03,Personal-Care,33,0
2025-05-04,SKU-PC-03,Personal-Care,11,0
2025-05-05,SKU-PC-03,Personal-Care,44,0
2025-05-06,SKU-PC-03,Personal-Care,60,1
2025-05-07,SKU-PC-03,Personal-Care,24,0
2025-05-08,SKU-PC-03,Personal-Care,45,0
2025-05-09,SKU-PC-03,Personal-Care,18,0
2025-05-10,SKU-PC-03,Personal-Care,44,0
2025-05-11,SKU-PC-03,Personal-Care,41,0
2025-05-12,SKU-PC-03,Personal-Care,34,0
2025-05-13,SKU-PC-03,Personal-Care,17,0
2025-05-14,SKU-PC-03,Personal-Care,45,0
2025-05-15,SKU-PC-03,Personal-Care,31,0
2025-05-16,SKU-PC-03,Personal-Care,19,0
2025-05-17,SKU-PC-03,Personal-Care,46,0
2025-05-18,SKU-PC-03,Personal-Care,32,0
2025-05-19,SKU-PC-03,Personal-Care,20,0
2025-05-20,SKU-PC-03,Personal-Care,47,0
2025-05-21,SKU-PC-03,Personal-Care,14,0
2025-05-22,SKU-PC-03,Personal-Care,62,1
2025-05-23,SKU-PC-03,Personal-Care,25,0
2025-05-24,SKU-PC-03,Personal-Care,17,0
2025-05-25,SKU-PC-03,Personal-Care,18,0
2025-05-26,SKU-PC-03,Personal-Care,11,0
2025-05-27,SKU-PC-03,Personal-Care,36,0
2025-05-28,SKU-PC-03,Personal-Care,39,0
2025-05-29,SKU-PC-03,Personal-Care,22,0
2025-05-30,SKU-PC-03,Personal-Care,22,0
2025-05-31,SKU-PC-03,Personal-Care,26,0
2025-06-01,SKU-PC-03,Personal-Care,18,0
2025-06-02,SKU-PC-03,Personal-Care,36,0
2025-06-03,SKU-PC-03,Personal-Care,49,0
2025-06-04,SKU-PC-03,Personal-Care,22,0
2025-06-05,SKU-PC-03,Personal-Care,38,0
2025-06-06,SKU-PC-03,Personal-Care,84,1
2025-06-07,SKU-PC-03,Personal-Care,47,0
2025-06-08,SKU-PC-03,Personal-Care,39,0
2025-06-09,SKU-PC-03,Personal-Care,21,0
2025-06-10,SKU-PC-03,Personal-Care,36,0
2025-06-11,SKU-PC-03,Personal-Care,34,0
2025-06-12,SKU-PC-03,Personal-Care,65,0
2025-06-13,SKU-PC-03,Personal-Care,20,0
2025-06-14,SKU-PC-03,Personal-Care,34,0
2025-06-15,SKU-PC-03,Personal-Care,38,0
2025-06-16,SKU-PC-03,Personal-Care,24,0
2025-06-17,SKU-PC-03,Personal-Care,21,0
2025-06-18,SKU-PC-03,Personal-Care,32,0
2025-06-19,SKU-PC-03,Personal-Care,46,0
2025-06-20,SKU-PC-03,Personal-Care,44,0
2025-06-21,SKU-PC-03,Personal-Care,30,0
2025-06-22,SKU-PC-03,Personal-Care,6,0
2025-06-23,SKU-PC-03,Personal-Care,53,0
2025-06-24,SKU-PC-03,Personal-Care,69,0
2025-06-25,SKU-PC-03,Personal-Care,38,0
2025-06-26,SKU-PC-03,Personal-Care,23,0
2025-06-27,SKU-PC-03,Personal-Care,38,0
2025-06-28,SKU-PC-03,Personal-Care,31,0
2025-06-29,SKU-PC-03,Personal-Care,36,0
2025-06-30,SKU-PC-03,Personal-Care,31,0
2025-07-01,SKU-PC-03,Personal-Care,32,0
2023-01-01,SKU-PC-04,Personal-Care,55,0
2023-01-02,SKU-PC-04,Personal-Care,26,0
2023-01-03,SKU-PC-04,Personal-Care,48,0
2023-01-04,SKU-PC-04,Personal-Care,49,0
2023-01-05,SKU-PC-04,Personal-Care,46,0
2023-01-06,SKU-PC-04,Personal-Care,28,0
2023-01-07,SKU-PC-04,Personal-Care,83,0
2023-01-08,SKU-PC-04,Personal-Care,43,0
2023-01-09,SKU-PC-04,Personal-Care,54,0
2023-01-10,SKU-PC-04,Personal-Care,28,0
2023-01-11,SKU-PC-04,Personal-Care,39,0
2023-01-12,SKU-PC-04,Personal-Care,47,0
2023-01-13,SKU-PC-04,Personal-Care,56,0
2023-01-14,SKU-PC-04,Personal-Care,25,0
2023-01-15,SKU-PC-04,Personal-Care,50,0
2023-01-16,SKU-PC-04,Personal-Care,75,0
2023-01-17,SKU-PC-04,Personal-Care,44,0
2023-01-18,SKU-PC-04,Personal-Care,47,0
2023-01-19,SKU-PC-04,Personal-Care,33,0
2023-01-20,SKU-PC-04,Personal-Care,36,0
2023-01-21,SKU-PC-04,Personal-Care,40,0
2023-01-22,SKU-PC-04,Personal-Care,57,0
2023-01-23,SKU-PC-04,Personal-Care,42,0
2023-01-24,SKU-PC-04,Personal-Care,36,0
2023-01-25,SKU-PC-04,Personal-Care,52,0
2023-01-26,SKU-PC-04,Personal-Care,44,0
2023-01-27,SKU-PC-04,Personal-Care,60,0
2023-01-28,SKU-PC-04,Personal-Care,28,0
2023-01-29,SKU-PC-04,Personal-Care,46,0
2023-01-30,SKU-PC-04,Personal-Care,22,0
2023-01-31,SKU-PC-04,Personal-Care,44,0
2023-02-01,SKU-PC-04,Personal-Care,58,0
2023-02-02,SKU-PC-04,Personal-Care,49,0
2023-02-03,SKU-PC-04,Personal-Care,76,0
2023-02-04,SKU-PC-04,Personal-Care,32,0
2023-02-05,SKU-PC-04,Personal-Care,19,0
2023-02-06,SKU-PC-04,Personal-Care,24,0
2023-02-07,SKU-PC-04,Personal-Care,51,1
2023-02-08,SKU-PC-04,Personal-Care,27,0
2023-02-09,SKU-PC-04,Personal-Care,28,0
2023-02-10,SKU-PC-04,Personal-Care,58,0
2023-02-11,SKU-PC-04,Personal-Care,50,0
2023-02-12,SKU-PC-04,Personal-Care,22,0
2023-02-13,SKU-PC-04,Personal-Care,25,0
2023-02-14,SKU-PC-04,Personal-Care,69,0
2023-02-15,SKU-PC-04,Personal-Care,65,0
2023-02-16,SKU-PC-04,Personal-Care,27,0
2023-02-17,SKU-PC-04,Personal-Care,42,0
2023-02-18,SKU-PC-04,Personal-Care,21,0
2023-02-19,SKU-PC-04,Personal-Care,25,0
2023-02-20,SKU-PC-04,Personal-Care,38,0
2023-02-21,SKU-PC-04,Personal-Care,76,0
2023-02-22,SKU-PC-04,Personal-Care,69,0
2023-02-23,SKU-PC-04,Personal-Care,37,0
2023-02-24,SKU-PC-04,Personal-Care,25,0
2023-02-25,SKU-PC-04,Personal-Care,49,0
2023-02-26,SKU-PC-04,Personal-Care,16,0
2023-02-27,SKU-PC-04,Personal-Care,48,0
2023-02-28,SKU-PC-04,Personal-Care,23,0
2023-03-01,SKU-PC-04,Personal-Care,46,0
2023-03-02,SKU-PC-04,Personal-Care,39,0
2023-03-03,SKU-PC-04,Personal-Care,41,0
2023-03-04,SKU-PC-04,Personal-Care,118,1
2023-03-05,SKU-PC-04,Personal-Care,46,0
2023-03-06,SKU-PC-04,Personal-Care,25,0
2023-03-07,SKU-PC-04,Personal-Care,27,0
2023-03-08,SKU-PC-04,Personal-Care,60,0
2023-03-09,SKU-PC-04,Personal-Care,44,0
2023-03-10,SKU-PC-04,Personal-Care,43,0
2023-03-11,SKU-PC-04,Personal-Care,40,0
2023-03-12,SKU-PC-04,Personal-Care,52,0
2023-03-13,SKU-PC-04,Personal-Care,28,0
2023-03-14,SKU-PC-04,Personal-Care,31,0
2023-03-15,SKU-PC-04,Personal-Care,52,0
2023-03-16,SKU-PC-04,Personal-Care,42,0
2023-03-17,SKU-PC-04,Personal-Care,44,0
2023-03-18,SKU-PC-04,Personal-Care,49,0
2023-03-19,SKU-PC-04,Personal-Care,22,0
2023-03-20,SKU-PC-04,Personal-Care,40,0
2023-03-21,SKU-PC-04,Personal-Care,53,0
2023-03-22,SKU-PC-04,Personal-Care,19,0
2023-03-23,SKU-PC-04,Personal-Care,45,0
2023-03-24,SKU-PC-04,Personal-Care,35,0
2023-03-25,SKU-PC-04,Personal-Care,44,0
2023-03-26,SKU-PC-04,Personal-Care,53,0
2023-03-27,SKU-PC-04,Personal-Care,62,0
2023-03-28,SKU-PC-04,Personal-Care,32,0
2023-03-29,SKU-PC-04,Personal-Care,31,0
2023-03-30,SKU-PC-04,Personal-Care,53,0
2023-03-31,SKU-PC-04,Personal-Care,34,0
2023-04-01,SKU-PC-04,Personal-Care,45,0
2023-04-02,SKU-PC-04,Personal-Care,39,0
2023-04-03,SKU-PC-04,Personal-Care,24,0
2023-04-04,SKU-PC-04,Personal-Care,46,0
2023-04-05,SKU-PC-04,Personal-Care,43,0
2023-04-06,SKU-PC-04,Personal-Care,42,0
2023-04-07,SKU-PC-04,Personal-Care,86,1
2023-04-08,SKU-PC-04,Personal-Care,51,0
2023-04-09,SKU-PC-04,Personal-Care,32,0
2023-04-10,SKU-PC-04,Personal-Care,44,0
2023-04-11,SKU-PC-04,Personal-Care,26,0
2023-04-12,SKU-PC-04,Personal-Care,43,0
2023-04-13,SKU-PC-04,Personal-Care,35,0
2023-04-14,SKU-PC-04,Personal-Care,42,0
2023-04-15,SKU-PC-04,Personal-Care,31,0
2023-04-16,SKU-PC-04,Personal-Care,29,0
2023-04-17,SKU-PC-04,Personal-Care,43,0
2023-04-18,SKU-PC-04,Personal-Care,49,0
2023-04-19,SKU-PC-04,Personal-Care,20,0
2023-04-20,SKU-PC-04,Personal-Care,67,0
2023-04-21,SKU-PC-04,Personal-Care,42,0
2023-04-22,SKU-PC-04,Personal-Care,75,0
2023-04-23,SKU-PC-04,Personal-Care,23,0
2023-04-24,SKU-PC-04,Personal-Care,33,0
2023-04-25,SKU-PC-04,Personal-Care,28,0
2023-04-26,SKU-PC-04,Personal-Care,18,0
2023-04-27,SKU-PC-04,Personal-Care,28,0
2023-04-28,SKU-PC-04,Personal-Care,55,0
2023-04-29,SKU-PC-04,Personal-Care,31,0
2023-04-30,SKU-PC-04,Personal-Care,42,0
2023-05-01,SKU-PC-04,Personal-Care,37,0
2023-05-02,SKU-PC-04,Personal-Care,55,0
2023-05-03,SKU-PC-04,Personal-Care,63,0
2023-05-04,SKU-PC-04,Personal-Care,32,0
2023-05-05,SKU-PC-04,Personal-Care,24,0
2023-05-06,SKU-PC-04,Personal-Care,85,1
2023-05-07,SKU-PC-04,Personal-Care,88,1
2023-05-08,SKU-PC-04,Personal-Care,31,0
2023-05-09,SKU-PC-04,Personal-Care,43,0
2023-05-10,SKU-PC-04,Personal-Care,30,0
2023-05-11,SKU-PC-04,Personal-Care,53,1
2023-05-12,SKU-PC-04,Personal-Care,34,0
2023-05-13,SKU-PC-04,Personal-Care,42,0
2023-05-14,SKU-PC-04,Personal-Care,42,0
2023-05-15,SKU-PC-04,Personal-Care,22,0
2023-05-16,SKU-PC-04,Personal-Care,42,0
2023-05-17,SKU-PC-04,Personal-Care,36,0
2023-05-18,SKU-PC-04,Personal-Care,21,0
2023-05-19,SKU-PC-04,Personal-Care,23,0
2023-05-20,SKU-PC-04,Personal-Care,24,0
2023-05-21,SKU-PC-04,Personal-Care,40,0
2023-05-22,SKU-PC-04,Personal-Care,42,0
2023-05-23,SKU-PC-04,Personal-Care,32,0
2023-05-24,SKU-PC-04,Personal-Care,16,0
2023-05-25,SKU-PC-04,Personal-Care,20,0
2023-05-26,SKU-PC-04,Personal-Care,41,0
2023-05-27,SKU-PC-04,Personal-Care,68,0
2023-05-28,SKU-PC-04,Personal-Care,40,0
2023-05-29,SKU-PC-04,Personal-Care,74,0
2023-05-30,SKU-PC-04,Personal-Care,38,0
2023-05-31,SKU-PC-04,Personal-Care,30,0
2023-06-01,SKU-PC-04,Personal-Care,32,0
2023-06-02,SKU-PC-04,Personal-Care,61,0
2023-06-03,SKU-PC-04,Personal-Care,38,0
2023-06-04,SKU-PC-04,Personal-Care,49,0
2023-06-05,SKU-PC-04,Personal-Care,15,0
2023-06-06,SKU-PC-04,Personal-Care,19,0
2023-06-07,SKU-PC-04,Personal-Care,54,0
2023-06-08,SKU-PC-04,Personal-Care,14,0
2023-06-09,SKU-PC-04,Personal-Care,43,0
2023-06-10,SKU-PC-04,Personal-Care,56,0
2023-06-11,SKU-PC-04,Personal-Care,21,0
2023-06-12,SKU-PC-04,Personal-Care,33,1
2023-06-13,SKU-PC-04,Personal-Care,44,0
2023-06-14,SKU-PC-04,Personal-Care,41,0
2023-06-15,SKU-PC-04,Personal-Care,40,0
2023-06-16,SKU-PC-04,Personal-Care,35,0
2023-06-17,SKU-PC-04,Personal-Care,35,0
2023-06-18,SKU-PC-04,Personal-Care,15,0
2023-06-19,SKU-PC-04,Personal-Care,20,0
2023-06-20,SKU-PC-04,Personal-Care,40,0
2023-06-21,SKU-PC-04,Personal-Care,44,0
2023-06-22,SKU-PC-04,Personal-Care,26,0
2023-06-23,SKU-PC-04,Personal-Care,50,0
2023-06-24,SKU-PC-04,Personal-Care,23,0
2023-06-25,SKU-PC-04,Personal-Care,33,0
2023-06-26,SKU-PC-04,Personal-Care,24,0
2023-06-27,SKU-PC-04,Personal-Care,49,0
2023-06-28,SKU-PC-04,Personal-Care,12,0
2023-06-29,SKU-PC-04,Personal-Care,30,0
2023-06-30,SKU-PC-04,Personal-Care,60,0
2023-07-01,SKU-PC-04,Personal-Care,43,0
2023-07-02,SKU-PC-04,Personal-Care,49,0
2023-07-03,SKU-PC-04,Personal-Care,61,0
2023-07-04,SKU-PC-04,Personal-Care,28,0
2023-07-05,SKU-PC-04,Personal-Care,44,0
2023-07-06,SKU-PC-04,Personal-Care,36,0
2023-07-07,SKU-PC-04,Personal-Care,50,0
2023-07-08,SKU-PC-04,Personal-Care,38,0
2023-07-09,SKU-PC-04,Personal-Care,24,0
2023-07-10,SKU-PC-04,Personal-Care,30,0
2023-07-11,SKU-PC-04,Personal-Care,63,0
2023-07-12,SKU-PC-04,Personal-Care,61,0
2023-07-13,SKU-PC-04,Personal-Care,19,0
2023-07-14,SKU-PC-04,Personal-Care,42,0
2023-07-15,SKU-PC-04,Personal-Care,39,0
2023-07-16,SKU-PC-04,Personal-Care,41,0
2023-07-17,SKU-PC-04,Personal-Care,28,0
2023-07-18,SKU-PC-04,Personal-Care,60,0
2023-07-19,SKU-PC-04,Personal-Care,12,0
2023-07-20,SKU-PC-04,Personal-Care,34,0
2023-07-21,SKU-PC-04,Personal-Care,42,0
2023-07-22,SKU-PC-04,Personal-Care,16,0
2023-07-23,SKU-PC-04,Personal-Care,31,0
2023-07-24,SKU-PC-04,Personal-Care,50,0
2023-07-25,SKU-PC-04,Personal-Care,43,0
2023-07-26,SKU-PC-04,Personal-Care,34,0
2023-07-27,SKU-PC-04,Personal-Care,33,0
2023-07-28,SKU-PC-04,Personal-Care,40,0
2023-07-29,SKU-PC-04,Personal-Care,23,0
2023-07-30,SKU-PC-04,Personal-Care,23,0
2023-07-31,SKU-PC-04,Personal-Care,46,0
2023-08-01,SKU-PC-04,Personal-Care,47,0
2023-08-02,SKU-PC-04,Personal-Care,29,0
2023-08-03,SKU-PC-04,Personal-Care,27,0
2023-08-04,SKU-PC-04,Personal-Care,47,0
2023-08-05,SKU-PC-04,Personal-Care,70,0
2023-08-06,SKU-PC-04,Personal-Care,43,0
2023-08-07,SKU-PC-04,Personal-Care,29,1
2023-08-08,SKU-PC-04,Personal-Care,31,0
2023-08-09,SKU-PC-04,Personal-Care,47,0
2023-08-10,SKU-PC-04,Personal-Care,48,0
2023-08-11,SKU-PC-04,Personal-Care,35,0
2023-08-12,SKU-PC-04,Personal-Care,63,0
2023-08-13,SKU-PC-04,Personal-Care,28,0
2023-08-14,SKU-PC-04,Personal-Care,144,1
2023-08-15,SKU-PC-04,Personal-Care,44,0
2023-08-16,SKU-PC-04,Personal-Care,41,0
2023-08-17,SKU-PC-04,Personal-Care,61,0
2023-08-18,SKU-PC-04,Personal-Care,46,0
2023-08-19,SKU-PC-04,Personal-Care,35,0
2023-08-20,SKU-PC-04,Personal-Care,38,0
2023-08-21,SKU-PC-04,Personal-Care,45,0
2023-08-22,SKU-PC-04,Personal-Care,53,0
2023-08-23,SKU-PC-04,Personal-Care,36,0
2023-08-24,SKU-PC-04,Personal-Care,48,0
2023-08-25,SKU-PC-04,Personal-Care,21,0
2023-08-26,SKU-PC-04,Personal-Care,34,0
2023-08-27,SKU-PC-04,Personal-Care,54,0
2023-08-28,SKU-PC-04,Personal-Care,19,0
2023-08-29,SKU-PC-04,Personal-Care,29,0
2023-08-30,SKU-PC-04,Personal-Care,49,0
2023-08-31,SKU-PC-04,Personal-Care,28,0
2023-09-01,SKU-PC-04,Personal-Care,25,0
2023-09-02,SKU-PC-04,Personal-Care,18,0
2023-09-03,SKU-PC-04,Personal-Care,44,0
2023-09-04,SKU-PC-04,Personal-Care,38,0
2023-09-05,SKU-PC-04,Personal-Care,52,0
2023-09-06,SKU-PC-04,Personal-Care,50,1
2023-09-07,SKU-PC-04,Personal-Care,20,0
2023-09-08,SKU-PC-04,Personal-Care,13,0
2023-09-09,SKU-PC-04,Personal-Care,43,0
2023-09-10,SKU-PC-04,Personal-Care,29,0
2023-09-11,SKU-PC-04,Personal-Care,31,0
2023-09-12,SKU-PC-04,Personal-Care,49,0
2023-09-13,SKU-PC-04,Personal-Care,36,0
2023-09-14,SKU-PC-04,Personal-Care,34,0
2023-09-15,SKU-PC-04,Personal-Care,43,0
2023-09-16,SKU-PC-04,Personal-Care,66,0
2023-09-17,SKU-PC-04,Personal-Care,64,1
2023-09-18,SKU-PC-04,Personal-Care,25,0
2023-09-19,SKU-PC-04,Personal-Care,31,0
2023-09-20,SKU-PC-04,Personal-Care,38,0
2023-09-21,SKU-PC-04,Personal-Care,33,0
2023-09-22,SKU-PC-04,Personal-Care,25,0
2023-09-23,SKU-PC-04,Personal-Care,29,0
2023-09-24,SKU-PC-04,Personal-Care,25,0
2023-09-25,SKU-PC-04,Personal-Care,21,0
2023-09-26,SKU-PC-04,Personal-Care,110,1
2023-09-27,SKU-PC-04,Personal-Care,27,0
2023-09-28,SKU-PC-04,Personal-Care,23,0
2023-09-29,SKU-PC-04,Personal-Care,52,0
2023-09-30,SKU-PC-04,Personal-Care,32,0
2023-10-01,SKU-PC-04,Personal-Care,27,0
2023-10-02,SKU-PC-04,Personal-Care,57,0
2023-10-03,SKU-PC-04,Personal-Care,35,0
2023-10-04,SKU-PC-04,Personal-Care,28,0
2023-10-05,SKU-PC-04,Personal-Care,37,0
2023-10-06,SKU-PC-04,Personal-Care,36,0
2023-10-07,SKU-PC-04,Personal-Care,24,0
2023-10-08,SKU-PC-04,Personal-Care,32,0
2023-10-09,SKU-PC-04,Personal-Care,58,0
2023-10-10,SKU-PC-04,Personal-Care,57,0
2023-10-11,SKU-PC-04,Personal-Care,28,0
2023-10-12,SKU-PC-04,Personal-Care,34,0
2023-10-13,SKU-PC-04,Personal-Care,52,0
2023-10-14,SKU-PC-04,Personal-Care,37,0
2023-10-15,SKU-PC-04,Personal-Care,20,0
2023-10-16,SKU-PC-04,Personal-Care,43,0
2023-10-17,SKU-PC-04,Personal-Care,33,0
2023-10-18,SKU-PC-04,Personal-Care,18,0
2023-10-19,SKU-PC-04,Personal-Care,35,0
2023-10-20,SKU-PC-04,Personal-Care,29,0
2023-10-21,SKU-PC-04,Personal-Care,18,0
2023-10-22,SKU-PC-04,Personal-Care,52,0
2023-10-23,SKU-PC-04,Personal-Care,43,0
2023-10-24,SKU-PC-04,Personal-Care,23,0
2023-10-25,SKU-PC-04,Personal-Care,61,0
2023-10-26,SKU-PC-04,Personal-Care,112,1
2023-10-27,SKU-PC-04,Personal-Care,31,0
2023-10-28,SKU-PC-04,Personal-Care,31,0
2023-10-29,SKU-PC-04,Personal-Care,19,0
2023-10-30,SKU-PC-04,Personal-Care,56,0
2023-10-31,SKU-PC-04,Personal-Care,51,0
2023-11-01,SKU-PC-04,Personal-Care,18,0
2023-11-02,SKU-PC-04,Personal-Care,30,0
2023-11-03,SKU-PC-04,Personal-Care,26,0
2023-11-04,SKU-PC-04,Personal-Care,17,0
2023-11-05,SKU-PC-04,Personal-Care,24,0
2023-11-06,SKU-PC-04,Personal-Care,37,0
2023-11-07,SKU-PC-04,Personal-Care,34,0
2023-11-08,SKU-PC-04,Personal-Care,16,0
2023-11-09,SKU-PC-04,Personal-Care,29,0
2023-11-10,SKU-PC-04,Personal-Care,42,1
2023-11-11,SKU-PC-04,Personal-Care,35,0
2023-11-12,SKU-PC-04,Personal-Care,54,0
2023-11-13,SKU-PC-04,Personal-Care,49,0
2023-11-14,SKU-PC-04,Personal-Care,19,0
2023-11-15,SKU-PC-04,Personal-Care,36,0
2023-11-16,SKU-PC-04,Personal-Care,21,0
2023-11-17,SKU-PC-04,Personal-Care,19,0
2023-11-18,SKU-PC-04,Personal-Care,36,0
2023-11-19,SKU-PC-04,Personal-Care,30,0
2023-11-20,SKU-PC-04,Personal-Care,61,0
2023-11-21,SKU-PC-04,Personal-Care,35,0
2023-11-22,SKU-PC-04,Personal-Care,32,0
2023-11-23,SKU-PC-04,Personal-Care,37,0
2023-11-24,SKU-PC-04,Personal-Care,26,0
2023-11-25,SKU-PC-04,Personal-Care,29,0
2023-11-26,SKU-PC-04,Personal-Care,42,0
2023-11-27,SKU-PC-04,Personal-Care,22,0
2023-11-28,SKU-PC-04,Personal-Care,34,0
2023-11-29,SKU-PC-04,Personal-Care,35,0
2023-11-30,SKU-PC-04,Personal-Care,33,0
2023-12-01,SKU-PC-04,Personal-Care,44,0
2023-12-02,SKU-PC-04,Personal-Care,44,0
2023-12-03,SKU-PC-04,Personal-Care,26,0
2023-12-04,SKU-PC-04,Personal-Care,20,0
2023-12-05,SKU-PC-04,Personal-Care,38,0
2023-12-06,SKU-PC-04,Personal-Care,27,0
2023-12-07,SKU-PC-04,Personal-Care,37,0
2023-12-08,SKU-PC-04,Personal-Care,26,0
2023-12-09,SKU-PC-04,Personal-Care,25,0
2023-12-10,SKU-PC-04,Personal-Care,25,0
2023-12-11,SKU-PC-04,Personal-Care,80,0
2023-12-12,SKU-PC-04,Personal-Care,124,1
2023-12-13,SKU-PC-04,Personal-Care,32,0
2023-12-14,SKU-PC-04,Personal-Care,30,0
2023-12-15,SKU-PC-04,Personal-Care,51,0
2023-12-16,SKU-PC-04,Personal-Care,38,0
2023-12-17,SKU-PC-04,Personal-Care,25,0
2023-12-18,SKU-PC-04,Personal-Care,56,0
2023-12-19,SKU-PC-04,Personal-Care,26,0
2023-12-20,SKU-PC-04,Personal-Care,38,0
2023-12-21,SKU-PC-04,Personal-Care,40,0
2023-12-22,SKU-PC-04,Personal-Care,35,0
2023-12-23,SKU-PC-04,Personal-Care,31,0
2023-12-24,SKU-PC-04,Personal-Care,48,0
2023-12-25,SKU-PC-04,Personal-Care,28,0
2023-12-26,SKU-PC-04,Personal-Care,46,0
2023-12-27,SKU-PC-04,Personal-Care,93,0
2023-12-28,SKU-PC-04,Personal-Care,52,0
2023-12-29,SKU-PC-04,Personal-Care,69,0
2023-12-30,SKU-PC-04,Personal-Care,32,0
2023-12-31,SKU-PC-04,Personal-Care,43,0
2024-01-01,SKU-PC-04,Personal-Care,37,0
2024-01-02,SKU-PC-04,Personal-Care,41,0
2024-01-03,SKU-PC-04,Personal-Care,48,0
2024-01-04,SKU-PC-04,Personal-Care,27,0
2024-01-05,SKU-PC-04,Personal-Care,41,0
2024-01-06,SKU-PC-04,Personal-Care,26,0
2024-01-07,SKU-PC-04,Personal-Care,59,0
2024-01-08,SKU-PC-04,Personal-Care,36,0
2024-01-09,SKU-PC-04,Personal-Care,33,0
2024-01-10,SKU-PC-04,Personal-Care,47,0
2024-01-11,SKU-PC-04,Personal-Care,35,0
2024-01-12,SKU-PC-04,Personal-Care,33,0
2024-01-13,SKU-PC-04,Personal-Care,39,0
2024-01-14,SKU-PC-04,Personal-Care,29,0
2024-01-15,SKU-PC-04,Personal-Care,43,0
2024-01-16,SKU-PC-04,Personal-Care,55,0
2024-01-17,SKU-PC-04,Personal-Care,36,0
2024-01-18,SKU-PC-04,Personal-Care,56,0
2024-01-19,SKU-PC-04,Personal-Care,48,0
2024-01-20,SKU-PC-04,Personal-Care,26,0
2024-01-21,SKU-PC-04,Personal-Care,37,0
2024-01-22,SKU-PC-04,Personal-Care,50,0
2024-01-23,SKU-PC-04,Personal-Care,23,0
2024-01-24,SKU-PC-04,Personal-Care,20,0
2024-01-25,SKU-PC-04,Personal-Care,59,0
2024-01-26,SKU-PC-04,Personal-Care,21,0
2024-01-27,SKU-PC-04,Personal-Care,48,0
2024-01-28,SKU-PC-04,Personal-Care,13,0
2024-01-29,SKU-PC-04,Personal-Care,29,0
2024-01-30,SKU-PC-04,Personal-Care,31,0
2024-01-31,SKU-PC-04,Personal-Care,53,0
2024-02-01,SKU-PC-04,Personal-Care,35,0
2024-02-02,SKU-PC-04,Personal-Care,28,0
2024-02-03,SKU-PC-04,Personal-Care,46,0
2024-02-04,SKU-PC-04,Personal-Care,30,0
2024-02-05,SKU-PC-04,Personal-Care,68,0
2024-02-06,SKU-PC-04,Personal-Care,47,0
2024-02-07,SKU-PC-04,Personal-Care,117,1
2024-02-08,SKU-PC-04,Personal-Care,36,0
2024-02-09,SKU-PC-04,Personal-Care,44,0
2024-02-10,SKU-PC-04,Personal-Care,44,0
2024-02-11,SKU-PC-04,Personal-Care,35,0
2024-02-12,SKU-PC-04,Personal-Care,38,0
2024-02-13,SKU-PC-04,Personal-Care,20,0
2024-02-14,SKU-PC-04,Personal-Care,33,0
2024-02-15,SKU-PC-04,Personal-Care,27,0
2024-02-16,SKU-PC-04,Personal-Care,55,0
2024-02-17,SKU-PC-04,Personal-Care,23,0
2024-02-18,SKU-PC-04,Personal-Care,38,0
2024-02-19,SKU-PC-04,Personal-Care,47,0
2024-02-20,SKU-PC-04,Personal-Care,27,0
2024-02-21,SKU-PC-04,Personal-Care,25,0
2024-02-22,SKU-PC-04,Personal-Care,21,0
2024-02-23,SKU-PC-04,Personal-Care,35,0
2024-02-24,SKU-PC-04,Personal-Care,35,0
2024-02-25,SKU-PC-04,Personal-Care,22,0
2024-02-26,SKU-PC-04,Personal-Care,33,0
2024-02-27,SKU-PC-04,Personal-Care,39,0
2024-02-28,SKU-PC-04,Personal-Care,52,0
2024-02-29,SKU-PC-04,Personal-Care,51,0
2024-03-01,SKU-PC-04,Personal-Care,49,0
2024-03-02,SKU-PC-04,Personal-Care,47,0
2024-03-03,SKU-PC-04,Personal-Care,23,0
2024-03-04,SKU-PC-04,Personal-Care,33,0
2024-03-05,SKU-PC-04,Personal-Care,31,0
2024-03-06,SKU-PC-04,Personal-Care,65,0
2024-03-07,SKU-PC-04,Personal-Care,20,0
2024-03-08,SKU-PC-04,Personal-Care,64,0
2024-03-09,SKU-PC-04,Personal-Care,40,0
2024-03-10,SKU-PC-04,Personal-Care,17,0
2024-03-11,SKU-PC-04,Personal-Care,38,0
2024-03-12,SKU-PC-04,Personal-Care,24,0
2024-03-13,SKU-PC-04,Personal-Care,65,1
2024-03-14,SKU-PC-04,Personal-Care,21,0
2024-03-15,SKU-PC-04,Personal-Care,54,0
2024-03-16,SKU-PC-04,Personal-Care,29,0
2024-03-17,SKU-PC-04,Personal-Care,44,0
2024-03-18,SKU-PC-04,Personal-Care,26,0
2024-03-19,SKU-PC-04,Personal-Care,44,0
2024-03-20,SKU-PC-04,Personal-Care,37,0
2024-03-21,SKU-PC-04,Personal-Care,39,0
2024-03-22,SKU-PC-04,Personal-Care,56,0
2024-03-23,SKU-PC-04,Personal-Care,23,0
2024-03-24,SKU-PC-04,Personal-Care,44,0
2024-03-25,SKU-PC-04,Personal-Care,8,0
2024-03-26,SKU-PC-04,Personal-Care,42,0
2024-03-27,SKU-PC-04,Personal-Care,9,0
2024-03-28,SKU-PC-04,Personal-Care,31,0
2024-03-29,SKU-PC-04,Personal-Care,17,0
2024-03-30,SKU-PC-04,Personal-Care,28,0
2024-03-31,SKU-PC-04,Personal-Care,32,0
2024-04-01,SKU-PC-04,Personal-Care,18,0
2024-04-02,SKU-PC-04,Personal-Care,51,0
2024-04-03,SKU-PC-04,Personal-Care,44,0
2024-04-04,SKU-PC-04,Personal-Care,21,0
2024-04-05,SKU-PC-04,Personal-Care,14,0
2024-04-06,SKU-PC-04,Personal-Care,29,0
2024-04-07,SKU-PC-04,Personal-Care,57,0
2024-04-08,SKU-PC-04,Personal-Care,33,0
2024-04-09,SKU-PC-04,Personal-Care,26,0
2024-04-10,SKU-PC-04,Personal-Care,28,0
2024-04-11,SKU-PC-04,Personal-Care,31,0
2024-04-12,SKU-PC-04,Personal-Care,42,0
2024-04-13,SKU-PC-04,Personal-Care,19,0
2024-04-14,SKU-PC-04,Personal-Care,40,0
2024-04-15,SKU-PC-04,Personal-Care,19,0
2024-04-16,SKU-PC-04,Personal-Care,33,0
2024-04-17,SKU-PC-04,Personal-Care,32,0
2024-04-18,SKU-PC-04,Personal-Care,46,0
2024-04-19,SKU-PC-04,Personal-Care,21,0
2024-04-20,SKU-PC-04,Personal-Care,50,0
2024-04-21,SKU-PC-04,Personal-Care,28,0
2024-04-22,SKU-PC-04,Personal-Care,28,0
2024-04-23,SKU-PC-04,Personal-Care,31,0
2024-04-24,SKU-PC-04,Personal-Care,23,0
2024-04-25,SKU-PC-04,Personal-Care,25,0
2024-04-26,SKU-PC-04,Personal-Care,56,1
2024-04-27,SKU-PC-04,Personal-Care,29,0
2024-04-28,SKU-PC-04,Personal-Care,24,0
2024-04-29,SKU-PC-04,Personal-Care,17,0
2024-04-30,SKU-PC-04,Personal-Care,26,0
2024-05-01,SKU-PC-04,Personal-Care,54,0
2024-05-02,SKU-PC-04,Personal-Care,19,0
2024-05-03,SKU-PC-04,Personal-Care,42,0
2024-05-04,SKU-PC-04,Personal-Care,14,0
2024-05-05,SKU-PC-04,Personal-Care,40,0
2024-05-06,SKU-PC-04,Personal-Care,43,0
2024-05-07,SKU-PC-04,Personal-Care,27,0
2024-05-08,SKU-PC-04,Personal-Care,40,0
2024-05-09,SKU-PC-04,Personal-Care,28,0
2024-05-10,SKU-PC-04,Personal-Care,30,0
2024-05-11,SKU-PC-04,Personal-Care,42,0
2024-05-12,SKU-PC-04,Personal-Care,25,0
2024-05-13,SKU-PC-04,Personal-Care,43,0
2024-05-14,SKU-PC-04,Personal-Care,13,0
2024-05-15,SKU-PC-04,Personal-Care,31,0
2024-05-16,SKU-PC-04,Personal-Care,32,0
2024-05-17,SKU-PC-04,Personal-Care,27,0
2024-05-18,SKU-PC-04,Personal-Care,28,0
2024-05-19,SKU-PC-04,Personal-Care,25,0
2024-05-20,SKU-PC-04,Personal-Care,36,0
2024-05-21,SKU-PC-04,Personal-Care,21,0
2024-05-22,SKU-PC-04,Personal-Care,27,0
2024-05-23,SKU-PC-04,Personal-Care,21,0
2024-05-24,SKU-PC-04,Personal-Care,40,0
2024-05-25,SKU-PC-04,Personal-Care,18,0
2024-05-26,SKU-PC-04,Personal-Care,86,1
2024-05-27,SKU-PC-04,Personal-Care,20,0
2024-05-28,SKU-PC-04,Personal-Care,27,0
2024-05-29,SKU-PC-04,Personal-Care,37,0
2024-05-30,SKU-PC-04,Personal-Care,62,0
2024-05-31,SKU-PC-04,Personal-Care,42,0
2024-06-01,SKU-PC-04,Personal-Care,32,0
2024-06-02,SKU-PC-04,Personal-Care,42,0
2024-06-03,SKU-PC-04,Personal-Care,20,0
2024-06-04,SKU-PC-04,Personal-Care,27,0
2024-06-05,SKU-PC-04,Personal-Care,29,0
2024-06-06,SKU-PC-04,Personal-Care,26,0
2024-06-07,SKU-PC-04,Personal-Care,39,0
2024-06-08,SKU-PC-04,Personal-Care,52,0
2024-06-09,SKU-PC-04,Personal-Care,30,0
2024-06-10,SKU-PC-04,Personal-Care,16,0
2024-06-11,SKU-PC-04,Personal-Care,33,0
2024-06-12,SKU-PC-04,Personal-Care,12,0
2024-06-13,SKU-PC-04,Personal-Care,43,0
2024-06-14,SKU-PC-04,Personal-Care,47,0
2024-06-15,SKU-PC-04,Personal-Care,10,0
2024-06-16,SKU-PC-04,Personal-Care,30,1
2024-06-17,SKU-PC-04,Personal-Care,59,0
2024-06-18,SKU-PC-04,Personal-Care,18,0
2024-06-19,SKU-PC-04,Personal-Care,25,0
2024-06-20,SKU-PC-04,Personal-Care,43,0
2024-06-21,SKU-PC-04,Personal-Care,30,0
2024-06-22,SKU-PC-04,Personal-Care,26,0
2024-06-23,SKU-PC-04,Personal-Care,38,0
2024-06-24,SKU-PC-04,Personal-Care,29,0
2024-06-25,SKU-PC-04,Personal-Care,20,0
2024-06-26,SKU-PC-04,Personal-Care,30,0
2024-06-27,SKU-PC-04,Personal-Care,56,0
2024-06-28,SKU-PC-04,Personal-Care,21,0
2024-06-29,SKU-PC-04,Personal-Care,32,0
2024-06-30,SKU-PC-04,Personal-Care,23,0
2024-07-01,SKU-PC-04,Personal-Care,46,1
2024-07-02,SKU-PC-04,Personal-Care,26,0
2024-07-03,SKU-PC-04,Personal-Care,25,0
2024-07-04,SKU-PC-04,Personal-Care,17,0
2024-07-05,SKU-PC-04,Personal-Care,21,0
2024-07-06,SKU-PC-04,Personal-Care,16,0
2024-07-07,SKU-PC-04,Personal-Care,30,0
2024-07-08,SKU-PC-04,Personal-Care,44,0
2024-07-09,SKU-PC-04,Personal-Care,36,0
2024-07-10,SKU-PC-04,Personal-Care,26,0
2024-07-11,SKU-PC-04,Personal-Care,44,0
2024-07-12,SKU-PC-04,Personal-Care,64,0
2024-07-13,SKU-PC-04,Personal-Care,21,0
2024-07-14,SKU-PC-04,Personal-Care,35,0
2024-07-15,SKU-PC-04,Personal-Care,16,0
2024-07-16,SKU-PC-04,Personal-Care,26,0
2024-07-17,SKU-PC-04,Personal-Care,63,1
2024-07-18,SKU-PC-04,Personal-Care,23,0
2024-07-19,SKU-PC-04,Personal-Care,11,0
2024-07-20,SKU-PC-04,Personal-Care,13,0
2024-07-21,SKU-PC-04,Personal-Care,11,0
2024-07-22,SKU-PC-04,Personal-Care,43,0
2024-07-23,SKU-PC-04,Personal-Care,28,0
2024-07-24,SKU-PC-04,Personal-Care,21,0
2024-07-25,SKU-PC-04,Personal-Care,42,0
2024-07-26,SKU-PC-04,Personal-Care,39,0
2024-07-27,SKU-PC-04,Personal-Care,27,0
2024-07-28,SKU-PC-04,Personal-Care,15,0
2024-07-29,SKU-PC-04,Personal-Care,42,0
2024-07-30,SKU-PC-04,Personal-Care,49,0
2024-07-31,SKU-PC-04,Personal-Care,21,0
2024-08-01,SKU-PC-04,Personal-Care,29,0
2024-08-02,SKU-PC-04,Personal-Care,33,0
2024-08-03,SKU-PC-04,Personal-Care,11,0
2024-08-04,SKU-PC-04,Personal-Care,14,0
2024-08-05,SKU-PC-04,Personal-Care,35,0
2024-08-06,SKU-PC-04,Personal-Care,29,0
2024-08-07,SKU-PC-04,Personal-Care,40,0
2024-08-08,SKU-PC-04,Personal-Care,30,0
2024-08-09,SKU-PC-04,Personal-Care,8,0
2024-08-10,SKU-PC-04,Personal-Care,13,0
2024-08-11,SKU-PC-04,Personal-Care,39,0
2024-08-12,SKU-PC-04,Personal-Care,25,0
2024-08-13,SKU-PC-04,Personal-Care,59,0
2024-08-14,SKU-PC-04,Personal-Care,16,0
2024-08-15,SKU-PC-04,Personal-Care,34,0
2024-08-16,SKU-PC-04,Personal-Care,17,0
2024-08-17,SKU-PC-04,Personal-Care,30,0
2024-08-18,SKU-PC-04,Personal-Care,14,0
2024-08-19,SKU-PC-04,Personal-Care,27,0
2024-08-20,SKU-PC-04,Personal-Care,25,0
2024-08-21,SKU-PC-04,Personal-Care,35,0
2024-08-22,SKU-PC-04,Personal-Care,51,0
2024-08-23,SKU-PC-04,Personal-Care,25,0
2024-08-24,SKU-PC-04,Personal-Care,39,0
2024-08-25,SKU-PC-04,Personal-Care,19,0
2024-08-26,SKU-PC-04,Personal-Care,23,0
2024-08-27,SKU-PC-04,Personal-Care,32,0
2024-08-28,SKU-PC-04,Personal-Care,19,0
2024-08-29,SKU-PC-04,Personal-Care,14,0
2024-08-30,SKU-PC-04,Personal-Care,29,0
2024-08-31,SKU-PC-04,Personal-Care,56,0
2024-09-01,SKU-PC-04,Personal-Care,29,0
2024-09-02,SKU-PC-04,Personal-Care,45,0
2024-09-03,SKU-PC-04,Personal-Care,31,0
2024-09-04,SKU-PC-04,Personal-Care,20,0
2024-09-05,SKU-PC-04,Personal-Care,23,0
2024-09-06,SKU-PC-04,Personal-Care,33,0
2024-09-07,SKU-PC-04,Personal-Care,32,0
2024-09-08,SKU-PC-04,Personal-Care,13,0
2024-09-09,SKU-PC-04,Personal-Care,21,0
2024-09-10,SKU-PC-04,Personal-Care,36,0
2024-09-11,SKU-PC-04,Personal-Care,15,0
2024-09-12,SKU-PC-04,Personal-Care,32,0
2024-09-13,SKU-PC-04,Personal-Care,33,0
2024-09-14,SKU-PC-04,Personal-Care,13,0
2024-09-15,SKU-PC-04,Personal-Care,36,0
2024-09-16,SKU-PC-04,Personal-Care,48,0
2024-09-17,SKU-PC-04,Personal-Care,21,0
2024-09-18,SKU-PC-04,Personal-Care,36,0
2024-09-19,SKU-PC-04,Personal-Care,21,0
2024-09-20,SKU-PC-04,Personal-Care,26,0
2024-09-21,SKU-PC-04,Personal-Care,39,0
2024-09-22,SKU-PC-04,Personal-Care,15,0
2024-09-23,SKU-PC-04,Personal-Care,31,0
2024-09-24,SKU-PC-04,Personal-Care,34,0
2024-09-25,SKU-PC-04,Personal-Care,26,0
2024-09-26,SKU-PC-04,Personal-Care,31,0
2024-09-27,SKU-PC-04,Personal-Care,25,0
2024-09-28,SKU-PC-04,Personal-Care,25,0
2024-09-29,SKU-PC-04,Personal-Care,11,0
2024-09-30,SKU-PC-04,Personal-Care,11,0
2024-10-01,SKU-PC-04,Personal-Care,28,0
2024-10-02,SKU-PC-04,Personal-Care,22,0
2024-10-03,SKU-PC-04,Personal-Care,32,0
2024-10-04,SKU-PC-04,Personal-Care,39,0
2024-10-05,SKU-PC-04,Personal-Care,22,0
2024-10-06,SKU-PC-04,Personal-Care,24,0
2024-10-07,SKU-PC-04,Personal-Care,15,0
2024-10-08,SKU-PC-04,Personal-Care,29,0
2024-10-09,SKU-PC-04,Personal-Care,22,0
2024-10-10,SKU-PC-04,Personal-Care,43,0
2024-10-11,SKU-PC-04,Personal-Care,21,0
2024-10-12,SKU-PC-04,Personal-Care,31,0
2024-10-13,SKU-PC-04,Personal-Care,30,0
2024-10-14,SKU-PC-04,Personal-Care,28,0
2024-10-15,SKU-PC-04,Personal-Care,10,0
2024-10-16,SKU-PC-04,Personal-Care,29,0
2024-10-17,SKU-PC-04,Personal-Care,18,0
2024-10-18,SKU-PC-04,Personal-Care,26,0
2024-10-19,SKU-PC-04,Personal-Care,9,0
2024-10-20,SKU-PC-04,Personal-Care,18,0
2024-10-21,SKU-PC-04,Personal-Care,23,0
2024-10-22,SKU-PC-04,Personal-Care,21,0
2024-10-23,SKU-PC-04,Personal-Care,24,0
2024-10-24,SKU-PC-04,Personal-Care,11,0
2024-10-25,SKU-PC-04,Personal-Care,20,0
2024-10-26,SKU-PC-04,Personal-Care,11,0
2024-10-27,SKU-PC-04,Personal-Care,14,0
2024-10-28,SKU-PC-04,Personal-Care,43,0
2024-10-29,SKU-PC-04,Personal-Care,32,0
2024-10-30,SKU-PC-04,Personal-Care,27,0
2024-10-31,SKU-PC-04,Personal-Care,43,0
2024-11-01,SKU-PC-04,Personal-Care,24,0
2024-11-02,SKU-PC-04,Personal-Care,21,0
2024-11-03,SKU-PC-04,Personal-Care,24,0
2024-11-04,SKU-PC-04,Personal-Care,28,0
2024-11-05,SKU-PC-04,Personal-Care,30,0
2024-11-06,SKU-PC-04,Personal-Care,26,0
2024-11-07,SKU-PC-04,Personal-Care,29,0
2024-11-08,SKU-PC-04,Personal-Care,16,0
2024-11-09,SKU-PC-04,Personal-Care,28,0
2024-11-10,SKU-PC-04,Personal-Care,29,0
2024-11-11,SKU-PC-04,Personal-Care,25,0
2024-11-12,SKU-PC-04,Personal-Care,26,0
2024-11-13,SKU-PC-04,Personal-Care,25,0
2024-11-14,SKU-PC-04,Personal-Care,57,0
2024-11-15,SKU-PC-04,Personal-Care,17,0
2024-11-16,SKU-PC-04,Personal-Care,18,0
2024-11-17,SKU-PC-04,Personal-Care,30,0
2024-11-18,SKU-PC-04,Personal-Care,35,0
2024-11-19,SKU-PC-04,Personal-Care,35,0
2024-11-20,SKU-PC-04,Personal-Care,46,0
2024-11-21,SKU-PC-04,Personal-Care,20,0
2024-11-22,SKU-PC-04,Personal-Care,32,0
2024-11-23,SKU-PC-04,Personal-Care,15,0
2024-11-24,SKU-PC-04,Personal-Care,19,0
2024-11-25,SKU-PC-04,Personal-Care,36,0
2024-11-26,SKU-PC-04,Personal-Care,35,0
2024-11-27,SKU-PC-04,Personal-Care,30,0
2024-11-28,SKU-PC-04,Personal-Care,17,0
2024-11-29,SKU-PC-04,Personal-Care,28,0
2024-11-30,SKU-PC-04,Personal-Care,21,0
2024-12-01,SKU-PC-04,Personal-Care,25,0
2024-12-02,SKU-PC-04,Personal-Care,18,0
2024-12-03,SKU-PC-04,Personal-Care,30,0
2024-12-04,SKU-PC-04,Personal-Care,12,0
2024-12-05,SKU-PC-04,Personal-Care,9,0
2024-12-06,SKU-PC-04,Personal-Care,17,0
2024-12-07,SKU-PC-04,Personal-Care,26,0
2024-12-08,SKU-PC-04,Personal-Care,45,0
2024-12-09,SKU-PC-04,Personal-Care,35,0
2024-12-10,SKU-PC-04,Personal-Care,29,0
2024-12-11,SKU-PC-04,Personal-Care,21,0
2024-12-12,SKU-PC-04,Personal-Care,62,0
2024-12-13,SKU-PC-04,Personal-Care,37,0
2024-12-14,SKU-PC-04,Personal-Care,37,0
2024-12-15,SKU-PC-04,Personal-Care,18,0
2024-12-16,SKU-PC-04,Personal-Care,26,0
2024-12-17,SKU-PC-04,Personal-Care,35,0
2024-12-18,SKU-PC-04,Personal-Care,12,0
2024-12-19,SKU-PC-04,Personal-Care,22,0
2024-12-20,SKU-PC-04,Personal-Care,21,0
2024-12-21,SKU-PC-04,Personal-Care,42,0
2024-12-22,SKU-PC-04,Personal-Care,29,0
2024-12-23,SKU-PC-04,Personal-Care,28,0
2024-12-24,SKU-PC-04,Personal-Care,24,0
2024-12-25,SKU-PC-04,Personal-Care,26,0
2024-12-26,SKU-PC-04,Personal-Care,17,0
2024-12-27,SKU-PC-04,Personal-Care,65,1
2024-12-28,SKU-PC-04,Personal-Care,40,0
2024-12-29,SKU-PC-04,Personal-Care,39,0
2024-12-30,SKU-PC-04,Personal-Care,17,0
2024-12-31,SKU-PC-04,Personal-Care,27,0
2025-01-01,SKU-PC-04,Personal-Care,21,0
2025-01-02,SKU-PC-04,Personal-Care,26,0
2025-01-03,SKU-PC-04,Personal-Care,29,0
2025-01-04,SKU-PC-04,Personal-Care,19,0
2025-01-05,SKU-PC-04,Personal-Care,37,0
2025-01-06,SKU-PC-04,Personal-Care,33,0
2025-01-07,SKU-PC-04,Personal-Care,24,0
2025-01-08,SKU-PC-04,Personal-Care,29,0
2025-01-09,SKU-PC-04,Personal-Care,17,0
2025-01-10,SKU-PC-04,Personal-Care,26,0
2025-01-11,SKU-PC-04,Personal-Care,15,0
2025-01-12,SKU-PC-04,Personal-Care,20,0
2025-01-13,SKU-PC-04,Personal-Care,56,0
2025-01-14,SKU-PC-04,Personal-Care,11,0
2025-01-15,SKU-PC-04,Personal-Care,32,0
2025-01-16,SKU-PC-04,Personal-Care,3,0
2025-01-17,SKU-PC-04,Personal-Care,33,0
2025-01-18,SKU-PC-04,Personal-Care,57,0
2025-01-19,SKU-PC-04,Personal-Care,33,0
2025-01-20,SKU-PC-04,Personal-Care,30,0
2025-01-21,SKU-PC-04,Personal-Care,27,0
2025-01-22,SKU-PC-04,Personal-Care,28,0
2025-01-23,SKU-PC-04,Personal-Care,67,1
2025-01-24,SKU-PC-04,Personal-Care,16,0
2025-01-25,SKU-PC-04,Personal-Care,23,0
2025-01-26,SKU-PC-04,Personal-Care,20,0
2025-01-27,SKU-PC-04,Personal-Care,32,0
2025-01-28,SKU-PC-04,Personal-Care,29,0
2025-01-29,SKU-PC-04,Personal-Care,29,0
2025-01-30,SKU-PC-04,Personal-Care,19,0
2025-01-31,SKU-PC-04,Personal-Care,37,0
2025-02-01,SKU-PC-04,Personal-Care,63,1
2025-02-02,SKU-PC-04,Personal-Care,13,0
2025-02-03,SKU-PC-04,Personal-Care,56,0
2025-02-04,SKU-PC-04,Personal-Care,25,0
2025-02-05,SKU-PC-04,Personal-Care,26,0
2025-02-06,SKU-PC-04,Personal-Care,19,0
2025-02-07,SKU-PC-04,Personal-Care,26,0
2025-02-08,SKU-PC-04,Personal-Care,4,0
2025-02-09,SKU-PC-04,Personal-Care,34,0
2025-02-10,SKU-PC-04,Personal-Care,27,0
2025-02-11,SKU-PC-04,Personal-Care,38,0
2025-02-12,SKU-PC-04,Personal-Care,18,0
2025-02-13,SKU-PC-04,Personal-Care,25,0
2025-02-14,SKU-PC-04,Personal-Care,14,0
2025-02-15,SKU-PC-04,Personal-Care,27,0
2025-02-16,SKU-PC-04,Personal-Care,20,0
2025-02-17,SKU-PC-04,Personal-Care,18,0
2025-02-18,SKU-PC-04,Personal-Care,28,0
2025-02-19,SKU-PC-04,Personal-Care,23,0
2025-02-20,SKU-PC-04,Personal-Care,25,0
2025-02-21,SKU-PC-04,Personal-Care,19,0
2025-02-22,SKU-PC-04,Personal-Care,28,0
2025-02-23,SKU-PC-04,Personal-Care,10,0
2025-02-24,SKU-PC-04,Personal-Care,9,0
2025-02-25,SKU-PC-04,Personal-Care,29,0
2025-02-26,SKU-PC-04,Personal-Care,14,0
2025-02-27,SKU-PC-04,Personal-Care,27,0
2025-02-28,SKU-PC-04,Personal-Care,33,0
2025-03-01,SKU-PC-04,Personal-Care,27,0
2025-03-02,SKU-PC-04,Personal-Care,33,0
2025-03-03,SKU-PC-04,Personal-Care,12,0
2025-03-04,SKU-PC-04,Personal-Care,31,0
2025-03-05,SKU-PC-04,Personal-Care,41,0
2025-03-06,SKU-PC-04,Personal-Care,29,0
2025-03-07,SKU-PC-04,Personal-Care,23,0
2025-03-08,SKU-PC-04,Personal-Care,24,0
2025-03-09,SKU-PC-04,Personal-Care,28,0
2025-03-10,SKU-PC-04,Personal-Care,26,0
2025-03-11,SKU-PC-04,Personal-Care,40,0
2025-03-12,SKU-PC-04,Personal-Care,31,0
2025-03-13,SKU-PC-04,Personal-Care,33,0
2025-03-14,SKU-PC-04,Personal-Care,32,0
2025-03-15,SKU-PC-04,Personal-Care,10,0
2025-03-16,SKU-PC-04,Personal-Care,26,0
2025-03-17,SKU-PC-04,Personal-Care,34,0
2025-03-18,SKU-PC-04,Personal-Care,48,0
2025-03-19,SKU-PC-04,Personal-Care,13,0
2025-03-20,SKU-PC-04,Personal-Care,18,0
2025-03-21,SKU-PC-04,Personal-Care,35,0
2025-03-22,SKU-PC-04,Personal-Care,19,0
2025-03-23,SKU-PC-04,Personal-Care,16,0
2025-03-24,SKU-PC-04,Personal-Care,33,0
2025-03-25,SKU-PC-04,Personal-Care,11,0
2025-03-26,SKU-PC-04,Personal-Care,47,0
2025-03-27,SKU-PC-04,Personal-Care,13,0
2025-03-28,SKU-PC-04,Personal-Care,21,0
2025-03-29,SKU-PC-04,Personal-Care,53,1
2025-03-30,SKU-PC-04,Personal-Care,10,0
2025-03-31,SKU-PC-04,Personal-Care,14,0
2025-04-01,SKU-PC-04,Personal-Care,47,0
2025-04-02,SKU-PC-04,Personal-Care,25,0
2025-04-03,SKU-PC-04,Personal-Care,13,0
2025-04-04,SKU-PC-04,Personal-Care,20,0
2025-04-05,SKU-PC-04,Personal-Care,34,0
2025-04-06,SKU-PC-04,Personal-Care,34,0
2025-04-07,SKU-PC-04,Personal-Care,40,0
2025-04-08,SKU-PC-04,Personal-Care,34,0
2025-04-09,SKU-PC-04,Personal-Care,23,0
2025-04-10,SKU-PC-04,Personal-Care,29,0
2025-04-11,SKU-PC-04,Personal-Care,44,0
2025-04-12,SKU-PC-04,Personal-Care,24,0
2025-04-13,SKU-PC-04,Personal-Care,30,0
2025-04-14,SKU-PC-04,Personal-Care,40,0
2025-04-15,SKU-PC-04,Personal-Care,14,1
2025-04-16,SKU-PC-04,Personal-Care,22,0
2025-04-17,SKU-PC-04,Personal-Care,41,0
2025-04-18,SKU-PC-04,Personal-Care,39,0
2025-04-19,SKU-PC-04,Personal-Care,26,0
2025-04-20,SKU-PC-04,Personal-Care,32,0
2025-04-21,SKU-PC-04,Personal-Care,24,1
2025-04-22,SKU-PC-04,Personal-Care,28,0
2025-04-23,SKU-PC-04,Personal-Care,17,0
2025-04-24,SKU-PC-04,Personal-Care,20,0
2025-04-25,SKU-PC-04,Personal-Care,25,0
2025-04-26,SKU-PC-04,Personal-Care,32,0
2025-04-27,SKU-PC-04,Personal-Care,19,0
2025-04-28,SKU-PC-04,Personal-Care,17,0
2025-04-29,SKU-PC-04,Personal-Care,32,0
2025-04-30,SKU-PC-04,Personal-Care,31,0
2025-05-01,SKU-PC-04,Personal-Care,17,0
2025-05-02,SKU-PC-04,Personal-Care,16,0
2025-05-03,SKU-PC-04,Personal-Care,26,0
2025-05-04,SKU-PC-04,Personal-Care,22,0
2025-05-05,SKU-PC-04,Personal-Care,13,0
2025-05-06,SKU-PC-04,Personal-Care,15,0
2025-05-07,SKU-PC-04,Personal-Care,12,0
2025-05-08,SKU-PC-04,Personal-Care,18,0
2025-05-09,SKU-PC-04,Personal-Care,31,0
2025-05-10,SKU-PC-04,Personal-Care,18,0
2025-05-11,SKU-PC-04,Personal-Care,19,0
2025-05-12,SKU-PC-04,Personal-Care,13,0
2025-05-13,SKU-PC-04,Personal-Care,28,0
2025-05-14,SKU-PC-04,Personal-Care,29,0
2025-05-15,SKU-PC-04,Personal-Care,21,0
2025-05-16,SKU-PC-04,Personal-Care,19,0
2025-05-17,SKU-PC-04,Personal-Care,12,0
2025-05-18,SKU-PC-04,Personal-Care,10,0
2025-05-19,SKU-PC-04,Personal-Care,12,0
2025-05-20,SKU-PC-04,Personal-Care,24,0
2025-05-21,SKU-PC-04,Personal-Care,47,0
2025-05-22,SKU-PC-04,Personal-Care,27,0
2025-05-23,SKU-PC-04,Personal-Care,16,0
2025-05-24,SKU-PC-04,Personal-Care,20,0
2025-05-25,SKU-PC-04,Personal-Care,12,0
2025-05-26,SKU-PC-04,Personal-Care,18,0
2025-05-27,SKU-PC-04,Personal-Care,18,0
2025-05-28,SKU-PC-04,Personal-Care,16,0
2025-05-29,SKU-PC-04,Personal-Care,25,0
2025-05-30,SKU-PC-04,Personal-Care,22,0
2025-05-31,SKU-PC-04,Personal-Care,15,0
2025-06-01,SKU-PC-04,Personal-Care,29,0
2025-06-02,SKU-PC-04,Personal-Care,31,0
2025-06-03,SKU-PC-04,Personal-Care,15,0
2025-06-04,SKU-PC-04,Personal-Care,18,0
2025-06-05,SKU-PC-04,Personal-Care,23,0
2025-06-06,SKU-PC-04,Personal-Care,21,0
2025-06-07,SKU-PC-04,Personal-Care,31,0
2025-06-08,SKU-PC-04,Personal-Care,60,1
2025-06-09,SKU-PC-04,Personal-Care,18,0
2025-06-10,SKU-PC-04,Personal-Care,11,0
2025-06-11,SKU-PC-04,Personal-Care,12,0
2025-06-12,SKU-PC-04,Personal-Care,23,0
2025-06-13,SKU-PC-04,Personal-Care,27,0
2025-06-14,SKU-PC-04,Personal-Care,25,0
2025-06-15,SKU-PC-04,Personal-Care,31,0
2025-06-16,SKU-PC-04,Personal-Care,34,0
2025-06-17,SKU-PC-04,Personal-Care,14,0
2025-06-18,SKU-PC-04,Personal-Care,22,0
2025-06-19,SKU-PC-04,Personal-Care,31,0
2025-06-20,SKU-PC-04,Personal-Care,24,0
2025-06-21,SKU-PC-04,Personal-Care,14,0
2025-06-22,SKU-PC-04,Personal-Care,27,0
2025-06-23,SKU-PC-04,Personal-Care,24,0
2025-06-24,SKU-PC-04,Personal-Care,18,0
2025-06-25,SKU-PC-04,Personal-Care,20,0
2025-06-26,SKU-PC-04,Personal-Care,29,0
2025-06-27,SKU-PC-04,Personal-Care,22,0
2025-06-28,SKU-PC-04,Personal-Care,27,0
2025-06-29,SKU-PC-04,Personal-Care,20,0
2025-06-30,SKU-PC-04,Personal-Care,28,0
2025-07-01,SKU-PC-04,Personal-Care,24,0
2023-01-01,SKU-PC-05,Personal-Care,17,0
2023-01-02,SKU-PC-05,Personal-Care,22,0
2023-01-03,SKU-PC-05,Personal-Care,13,0
2023-01-04,SKU-PC-05,Personal-Care,25,0
2023-01-05,SKU-PC-05,Personal-Care,26,0
2023-01-06,SKU-PC-05,Personal-Care,20,0
2023-01-07,SKU-PC-05,Personal-Care,16,0
2023-01-08,SKU-PC-05,Personal-Care,28,0
2023-01-09,SKU-PC-05,Personal-Care,14,0
2023-01-10,SKU-PC-05,Personal-Care,21,0
2023-01-11,SKU-PC-05,Personal-Care,11,0
2023-01-12,SKU-PC-05,Personal-Care,37,0
2023-01-13,SKU-PC-05,Personal-Care,26,0
2023-01-14,SKU-PC-05,Personal-Care,22,0
2023-01-15,SKU-PC-05,Personal-Care,21,0
2023-01-16,SKU-PC-05,Personal-Care,21,0
2023-01-17,SKU-PC-05,Personal-Care,26,0
2023-01-18,SKU-PC-05,Personal-Care,21,0
2023-01-19,SKU-PC-05,Personal-Care,56,0
2023-01-20,SKU-PC-05,Personal-Care,20,0
2023-01-21,SKU-PC-05,Personal-Care,21,0
2023-01-22,SKU-PC-05,Personal-Care,43,1
2023-01-23,SKU-PC-05,Personal-Care,30,0
2023-01-24,SKU-PC-05,Personal-Care,42,0
2023-01-25,SKU-PC-05,Personal-Care,22,0
2023-01-26,SKU-PC-05,Personal-Care,15,0
2023-01-27,SKU-PC-05,Personal-Care,33,0
2023-01-28,SKU-PC-05,Personal-Care,21,0
2023-01-29,SKU-PC-05,Personal-Care,12,0
2023-01-30,SKU-PC-05,Personal-Care,10,0
2023-01-31,SKU-PC-05,Personal-Care,13,0
2023-02-01,SKU-PC-05,Personal-Care,28,0
2023-02-02,SKU-PC-05,Personal-Care,21,0
2023-02-03,SKU-PC-05,Personal-Care,20,0
2023-02-04,SKU-PC-05,Personal-Care,25,0
2023-02-05,SKU-PC-05,Personal-Care,72,1
2023-02-06,SKU-PC-05,Personal-Care,18,0
2023-02-07,SKU-PC-05,Personal-Care,12,0
2023-02-08,SKU-PC-05,Personal-Care,17,0
2023-02-09,SKU-PC-05,Personal-Care,14,0
2023-02-10,SKU-PC-05,Personal-Care,20,0
2023-02-11,SKU-PC-05,Personal-Care,15,0
2023-02-12,SKU-PC-05,Personal-Care,23,0
2023-02-13,SKU-PC-05,Personal-Care,31,0
2023-02-14,SKU-PC-05,Personal-Care,14,0
2023-02-15,SKU-PC-05,Personal-Care,29,0
2023-02-16,SKU-PC-05,Personal-Care,29,0
2023-02-17,SKU-PC-05,Personal-Care,19,0
2023-02-18,SKU-PC-05,Personal-Care,5,0
2023-02-19,SKU-PC-05,Personal-Care,10,0
2023-02-20,SKU-PC-05,Personal-Care,14,0
2023-02-21,SKU-PC-05,Personal-Care,32,0
2023-02-22,SKU-PC-05,Personal-Care,9,0
2023-02-23,SKU-PC-05,Personal-Care,24,0
2023-02-24,SKU-PC-05,Personal-Care,12,0
2023-02-25,SKU-PC-05,Personal-Care,29,0
2023-02-26,SKU-PC-05,Personal-Care,22,0
2023-02-27,SKU-PC-05,Personal-Care,25,0
2023-02-28,SKU-PC-05,Personal-Care,14,0
2023-03-01,SKU-PC-05,Personal-Care,21,0
2023-03-02,SKU-PC-05,Personal-Care,25,0
2023-03-03,SKU-PC-05,Personal-Care,33,0
2023-03-04,SKU-PC-05,Personal-Care,28,0
2023-03-05,SKU-PC-05,Personal-Care,24,0
2023-03-06,SKU-PC-05,Personal-Care,18,0
2023-03-07,SKU-PC-05,Personal-Care,20,0
2023-03-08,SKU-PC-05,Personal-Care,24,0
2023-03-09,SKU-PC-05,Personal-Care,17,0
2023-03-10,SKU-PC-05,Personal-Care,10,0
2023-03-11,SKU-PC-05,Personal-Care,31,0
2023-03-12,SKU-PC-05,Personal-Care,26,0
2023-03-13,SKU-PC-05,Personal-Care,15,0
2023-03-14,SKU-PC-05,Personal-Care,5,0
2023-03-15,SKU-PC-05,Personal-Care,25,0
2023-03-16,SKU-PC-05,Personal-Care,10,0
2023-03-17,SKU-PC-05,Personal-Care,16,0
2023-03-18,SKU-PC-05,Personal-Care,33,0
2023-03-19,SKU-PC-05,Personal-Care,20,0
2023-03-20,SKU-PC-05,Personal-Care,8,0
2023-03-21,SKU-PC-05,Personal-Care,26,0
2023-03-22,SKU-PC-05,Personal-Care,10,0
2023-03-23,SKU-PC-05,Personal-Care,49,0
2023-03-24,SKU-PC-05,Personal-Care,18,0
2023-03-25,SKU-PC-05,Personal-Care,11,0
2023-03-26,SKU-PC-05,Personal-Care,35,0
2023-03-27,SKU-PC-05,Personal-Care,15,0
2023-03-28,SKU-PC-05,Personal-Care,16,0
2023-03-29,SKU-PC-05,Personal-Care,10,0
2023-03-30,SKU-PC-05,Personal-Care,18,0
2023-03-31,SKU-PC-05,Personal-Care,20,0
2023-04-01,SKU-PC-05,Personal-Care,26,0
2023-04-02,SKU-PC-05,Personal-Care,25,0
2023-04-03,SKU-PC-05,Personal-Care,27,1
2023-04-04,SKU-PC-05,Personal-Care,27,0
2023-04-05,SKU-PC-05,Personal-Care,32,1
2023-04-06,SKU-PC-05,Personal-Care,17,0
2023-04-07,SKU-PC-05,Personal-Care,18,0
2023-04-08,SKU-PC-05,Personal-Care,16,0
2023-04-09,SKU-PC-05,Personal-Care,25,0
2023-04-10,SKU-PC-05,Personal-Care,15,0
2023-04-11,SKU-PC-05,Personal-Care,22,0
2023-04-12,SKU-PC-05,Personal-Care,29,0
2023-04-13,SKU-PC-05,Personal-Care,33,0
2023-04-14,SKU-PC-05,Personal-Care,18,0
2023-04-15,SKU-PC-05,Personal-Care,17,0
2023-04-16,SKU-PC-05,Personal-Care,20,1
2023-04-17,SKU-PC-05,Personal-Care,8,0
2023-04-18,SKU-PC-05,Personal-Care,26,0
2023-04-19,SKU-PC-05,Personal-Care,14,0
2023-04-20,SKU-PC-05,Personal-Care,8,0
2023-04-21,SKU-PC-05,Personal-Care,20,0
2023-04-22,SKU-PC-05,Personal-Care,17,0
2023-04-23,SKU-PC-05,Personal-Care,25,0
2023-04-24,SKU-PC-05,Personal-Care,37,0
2023-04-25,SKU-PC-05,Personal-Care,19,1
2023-04-26,SKU-PC-05,Personal-Care,25,0
2023-04-27,SKU-PC-05,Personal-Care,16,0
2023-04-28,SKU-PC-05,Personal-Care,12,0
2023-04-29,SKU-PC-05,Personal-Care,10,0
2023-04-30,SKU-PC-05,Personal-Care,27,0
2023-05-01,SKU-PC-05,Personal-Care,6,0
2023-05-02,SKU-PC-05,Personal-Care,18,0
2023-05-03,SKU-PC-05,Personal-Care,20,0
2023-05-04,SKU-PC-05,Personal-Care,18,0
2023-05-05,SKU-PC-05,Personal-Care,22,0
2023-05-06,SKU-PC-05,Personal-Care,27,0
2023-05-07,SKU-PC-05,Personal-Care,18,0
2023-05-08,SKU-PC-05,Personal-Care,19,0
2023-05-09,SKU-PC-05,Personal-Care,14,0
2023-05-10,SKU-PC-05,Personal-Care,22,0
2023-05-11,SKU-PC-05,Personal-Care,20,0
2023-05-12,SKU-PC-05,Personal-Care,21,0
2023-05-13,SKU-PC-05,Personal-Care,33,1
2023-05-14,SKU-PC-05,Personal-Care,21,0
2023-05-15,SKU-PC-05,Personal-Care,10,0
2023-05-16,SKU-PC-05,Personal-Care,21,0
2023-05-17,SKU-PC-05,Personal-Care,13,0
2023-05-18,SKU-PC-05,Personal-Care,12,0
2023-05-19,SKU-PC-05,Personal-Care,8,0
2023-05-20,SKU-PC-05,Personal-Care,12,0
2023-05-21,SKU-PC-05,Personal-Care,31,0
2023-05-22,SKU-PC-05,Personal-Care,29,0
2023-05-23,SKU-PC-05,Personal-Care,12,0
2023-05-24,SKU-PC-05,Personal-Care,22,0
2023-05-25,SKU-PC-05,Personal-Care,19,0
2023-05-26,SKU-PC-05,Personal-Care,22,0
2023-05-27,SKU-PC-05,Personal-Care,20,0
2023-05-28,SKU-PC-05,Personal-Care,41,1
2023-05-29,SKU-PC-05,Personal-Care,21,0
2023-05-30,SKU-PC-05,Personal-Care,11,0
2023-05-31,SKU-PC-05,Personal-Care,36,0
2023-06-01,SKU-PC-05,Personal-Care,11,0
2023-06-02,SKU-PC-05,Personal-Care,18,0
2023-06-03,SKU-PC-05,Personal-Care,23,0
2023-06-04,SKU-PC-05,Personal-Care,15,0
2023-06-05,SKU-PC-05,Personal-Care,25,0
2023-06-06,SKU-PC-05,Personal-Care,8,0
2023-06-07,SKU-PC-05,Personal-Care,26,0
2023-06-08,SKU-PC-05,Personal-Care,12,0
2023-06-09,SKU-PC-05,Personal-Care,14,0
2023-06-10,SKU-PC-05,Personal-Care,19,0
2023-06-11,SKU-PC-05,Personal-Care,28,0
2023-06-12,SKU-PC-05,Personal-Care,33,0
2023-06-13,SKU-PC-05,Personal-Care,10,0
2023-06-14,SKU-PC-05,Personal-Care,36,0
2023-06-15,SKU-PC-05,Personal-Care,17,0
2023-06-16,SKU-PC-05,Personal-Care,19,0
2023-06-17,SKU-PC-05,Personal-Care,13,0
2023-06-18,SKU-PC-05,Personal-Care,14,0
2023-06-19,SKU-PC-05,Personal-Care,28,0
2023-06-20,SKU-PC-05,Personal-Care,45,0
2023-06-21,SKU-PC-05,Personal-Care,16,0
2023-06-22,SKU-PC-05,Personal-Care,13,0
2023-06-23,SKU-PC-05,Personal-Care,28,1
2023-06-24,SKU-PC-05,Personal-Care,14,0
2023-06-25,SKU-PC-05,Personal-Care,15,0
2023-06-26,SKU-PC-05,Personal-Care,14,0
2023-06-27,SKU-PC-05,Personal-Care,31,0
2023-06-28,SKU-PC-05,Personal-Care,19,0
2023-06-29,SKU-PC-05,Personal-Care,18,0
2023-06-30,SKU-PC-05,Personal-Care,14,0
2023-07-01,SKU-PC-05,Personal-Care,30,0
2023-07-02,SKU-PC-05,Personal-Care,11,0
2023-07-03,SKU-PC-05,Personal-Care,28,0
2023-07-04,SKU-PC-05,Personal-Care,10,0
2023-07-05,SKU-PC-05,Personal-Care,13,0
2023-07-06,SKU-PC-05,Personal-Care,34,0
2023-07-07,SKU-PC-05,Personal-Care,17,0
2023-07-08,SKU-PC-05,Personal-Care,27,0
2023-07-09,SKU-PC-05,Personal-Care,22,0
2023-07-10,SKU-PC-05,Personal-Care,13,0
2023-07-11,SKU-PC-05,Personal-Care,54,1
2023-07-12,SKU-PC-05,Personal-Care,26,0
2023-07-13,SKU-PC-05,Personal-Care,31,0
2023-07-14,SKU-PC-05,Personal-Care,18,0
2023-07-15,SKU-PC-05,Personal-Care,10,0
2023-07-16,SKU-PC-05,Personal-Care,19,0
2023-07-17,SKU-PC-05,Personal-Care,36,0
2023-07-18,SKU-PC-05,Personal-Care,17,0
2023-07-19,SKU-PC-05,Personal-Care,50,1
2023-07-20,SKU-PC-05,Personal-Care,30,1
2023-07-21,SKU-PC-05,Personal-Care,6,0
2023-07-22,SKU-PC-05,Personal-Care,37,1
2023-07-23,SKU-PC-05,Personal-Care,10,0
2023-07-24,SKU-PC-05,Personal-Care,18,0
2023-07-25,SKU-PC-05,Personal-Care,29,0
2023-07-26,SKU-PC-05,Personal-Care,24,0
2023-07-27,SKU-PC-05,Personal-Care,21,0
2023-07-28,SKU-PC-05,Personal-Care,24,0
2023-07-29,SKU-PC-05,Personal-Care,23,0
2023-07-30,SKU-PC-05,Personal-Care,8,0
2023-07-31,SKU-PC-05,Personal-Care,22,0
2023-08-01,SKU-PC-05,Personal-Care,16,0
2023-08-02,SKU-PC-05,Personal-Care,14,0
2023-08-03,SKU-PC-05,Personal-Care,30,0
2023-08-04,SKU-PC-05,Personal-Care,24,0
2023-08-05,SKU-PC-05,Personal-Care,16,0
2023-08-06,SKU-PC-05,Personal-Care,18,0
2023-08-07,SKU-PC-05,Personal-Care,37,0
2023-08-08,SKU-PC-05,Personal-Care,13,0
2023-08-09,SKU-PC-05,Personal-Care,19,0
2023-08-10,SKU-PC-05,Personal-Care,16,0
2023-08-11,SKU-PC-05,Personal-Care,28,0
2023-08-12,SKU-PC-05,Personal-Care,29,0
2023-08-13,SKU-PC-05,Personal-Care,25,0
2023-08-14,SKU-PC-05,Personal-Care,21,0
2023-08-15,SKU-PC-05,Personal-Care,10,0
2023-08-16,SKU-PC-05,Personal-Care,29,0
2023-08-17,SKU-PC-05,Personal-Care,17,0
2023-08-18,SKU-PC-05,Personal-Care,22,0
2023-08-19,SKU-PC-05,Personal-Care,23,0
2023-08-20,SKU-PC-05,Personal-Care,19,0
2023-08-21,SKU-PC-05,Personal-Care,15,0
2023-08-22,SKU-PC-05,Personal-Care,25,0
2023-08-23,SKU-PC-05,Personal-Care,22,0
2023-08-24,SKU-PC-05,Personal-Care,15,0
2023-08-25,SKU-PC-05,Personal-Care,4,0
2023-08-26,SKU-PC-05,Personal-Care,16,0
2023-08-27,SKU-PC-05,Personal-Care,25,0
2023-08-28,SKU-PC-05,Personal-Care,12,0
2023-08-29,SKU-PC-05,Personal-Care,20,0
2023-08-30,SKU-PC-05,Personal-Care,17,0
2023-08-31,SKU-PC-05,Personal-Care,21,0
2023-09-01,SKU-PC-05,Personal-Care,21,0
2023-09-02,SKU-PC-05,Personal-Care,15,0
2023-09-03,SKU-PC-05,Personal-Care,17,0
2023-09-04,SKU-PC-05,Personal-Care,26,0
2023-09-05,SKU-PC-05,Personal-Care,31,0
2023-09-06,SKU-PC-05,Personal-Care,14,0
2023-09-07,SKU-PC-05,Personal-Care,14,0
2023-09-08,SKU-PC-05,Personal-Care,13,0
2023-09-09,SKU-PC-05,Personal-Care,29,0
2023-09-10,SKU-PC-05,Personal-Care,14,0
2023-09-11,SKU-PC-05,Personal-Care,18,0
2023-09-12,SKU-PC-05,Personal-Care,15,0
2023-09-13,SKU-PC-05,Personal-Care,19,0
2023-09-14,SKU-PC-05,Personal-Care,21,0
2023-09-15,SKU-PC-05,Personal-Care,21,0
2023-09-16,SKU-PC-05,Personal-Care,22,0
2023-09-17,SKU-PC-05,Personal-Care,22,0
2023-09-18,SKU-PC-05,Personal-Care,13,0
2023-09-19,SKU-PC-05,Personal-Care,26,0
2023-09-20,SKU-PC-05,Personal-Care,25,0
2023-09-21,SKU-PC-05,Personal-Care,16,0
2023-09-22,SKU-PC-05,Personal-Care,16,0
2023-09-23,SKU-PC-05,Personal-Care,33,0
2023-09-24,SKU-PC-05,Personal-Care,14,0
2023-09-25,SKU-PC-05,Personal-Care,22,0
2023-09-26,SKU-PC-05,Personal-Care,12,0
2023-09-27,SKU-PC-05,Personal-Care,14,0
2023-09-28,SKU-PC-05,Personal-Care,24,0
2023-09-29,SKU-PC-05,Personal-Care,21,0
2023-09-30,SKU-PC-05,Personal-Care,34,0
2023-10-01,SKU-PC-05,Personal-Care,27,0
2023-10-02,SKU-PC-05,Personal-Care,6,0
2023-10-03,SKU-PC-05,Personal-Care,18,0
2023-10-04,SKU-PC-05,Personal-Care,8,0
2023-10-05,SKU-PC-05,Personal-Care,40,0
2023-10-06,SKU-PC-05,Personal-Care,30,0
2023-10-07,SKU-PC-05,Personal-Care,11,0
2023-10-08,SKU-PC-05,Personal-Care,18,0
2023-10-09,SKU-PC-05,Personal-Care,30,0
2023-10-10,SKU-PC-05,Personal-Care,15,0
2023-10-11,SKU-PC-05,Personal-Care,26,0
2023-10-12,SKU-PC-05,Personal-Care,17,0
2023-10-13,SKU-PC-05,Personal-Care,25,0
2023-10-14,SKU-PC-05,Personal-Care,15,0
2023-10-15,SKU-PC-05,Personal-Care,27,0
2023-10-16,SKU-PC-05,Personal-Care,17,0
2023-10-17,SKU-PC-05,Personal-Care,19,0
2023-10-18,SKU-PC-05,Personal-Care,25,0
2023-10-19,SKU-PC-05,Personal-Care,13,0
2023-10-20,SKU-PC-05,Personal-Care,16,0
2023-10-21,SKU-PC-05,Personal-Care,14,0
2023-10-22,SKU-PC-05,Personal-Care,25,0
2023-10-23,SKU-PC-05,Personal-Care,20,0
2023-10-24,SKU-PC-05,Personal-Care,12,0
2023-10-25,SKU-PC-05,Personal-Care,31,0
2023-10-26,SKU-PC-05,Personal-Care,7,0
2023-10-27,SKU-PC-05,Personal-Care,29,0
2023-10-28,SKU-PC-05,Personal-Care,26,0
2023-10-29,SKU-PC-05,Personal-Care,23,0
2023-10-30,SKU-PC-05,Personal-Care,6,0
2023-10-31,SKU-PC-05,Personal-Care,16,0
2023-11-01,SKU-PC-05,Personal-Care,29,0
2023-11-02,SKU-PC-05,Personal-Care,29,0
2023-11-03,SKU-PC-05,Personal-Care,28,0
2023-11-04,SKU-PC-05,Personal-Care,22,0
2023-11-05,SKU-PC-05,Personal-Care,11,0
2023-11-06,SKU-PC-05,Personal-Care,9,0
2023-11-07,SKU-PC-05,Personal-Care,10,0
2023-11-08,SKU-PC-05,Personal-Care,10,0
2023-11-09,SKU-PC-05,Personal-Care,14,0
2023-11-10,SKU-PC-05,Personal-Care,12,0
2023-11-11,SKU-PC-05,Personal-Care,11,0
2023-11-12,SKU-PC-05,Personal-Care,20,0
2023-11-13,SKU-PC-05,Personal-Care,30,0
2023-11-14,SKU-PC-05,Personal-Care,28,0
2023-11-15,SKU-PC-05,Personal-Care,19,0
2023-11-16,SKU-PC-05,Personal-Care,20,0
2023-11-17,SKU-PC-05,Personal-Care,27,0
2023-11-18,SKU-PC-05,Personal-Care,19,0
2023-11-19,SKU-PC-05,Personal-Care,25,0
2023-11-20,SKU-PC-05,Personal-Care,34,0
2023-11-21,SKU-PC-05,Personal-Care,17,0
2023-11-22,SKU-PC-05,Personal-Care,18,0
2023-11-23,SKU-PC-05,Personal-Care,20,0
2023-11-24,SKU-PC-05,Personal-Care,27,0
2023-11-25,SKU-PC-05,Personal-Care,17,0
2023-11-26,SKU-PC-05,Personal-Care,17,0
2023-11-27,SKU-PC-05,Personal-Care,9,0
2023-11-28,SKU-PC-05,Personal-Care,27,0
2023-11-29,SKU-PC-05,Personal-Care,9,0
2023-11-30,SKU-PC-05,Personal-Care,29,0
2023-12-01,SKU-PC-05,Personal-Care,30,0
2023-12-02,SKU-PC-05,Personal-Care,19,0
2023-12-03,SKU-PC-05,Personal-Care,14,0
2023-12-04,SKU-PC-05,Personal-Care,18,0
2023-12-05,SKU-PC-05,Personal-Care,41,1
2023-12-06,SKU-PC-05,Personal-Care,29,0
2023-12-07,SKU-PC-05,Personal-Care,31,0
2023-12-08,SKU-PC-05,Personal-Care,10,0
2023-12-09,SKU-PC-05,Personal-Care,18,0
2023-12-10,SKU-PC-05,Personal-Care,17,0
2023-12-11,SKU-PC-05,Personal-Care,12,0
2023-12-12,SKU-PC-05,Personal-Care,17,0
2023-12-13,SKU-PC-05,Personal-Care,19,0
2023-12-14,SKU-PC-05,Personal-Care,22,0
2023-12-15,SKU-PC-05,Personal-Care,35,0
2023-12-16,SKU-PC-05,Personal-Care,29,0
2023-12-17,SKU-PC-05,Personal-Care,29,0
2023-12-18,SKU-PC-05,Personal-Care,30,0
2023-12-19,SKU-PC-05,Personal-Care,40,0
2023-12-20,SKU-PC-05,Personal-Care,14,0
2023-12-21,SKU-PC-05,Personal-Care,10,0
2023-12-22,SKU-PC-05,Personal-Care,16,0
2023-12-23,SKU-PC-05,Personal-Care,21,0
2023-12-24,SKU-PC-05,Personal-Care,52,0
2023-12-25,SKU-PC-05,Personal-Care,17,0
2023-12-26,SKU-PC-05,Personal-Care,20,0
2023-12-27,SKU-PC-05,Personal-Care,27,0
2023-12-28,SKU-PC-05,Personal-Care,32,0
2023-12-29,SKU-PC-05,Personal-Care,31,0
2023-12-30,SKU-PC-05,Personal-Care,17,0
2023-12-31,SKU-PC-05,Personal-Care,27,0
2024-01-01,SKU-PC-05,Personal-Care,19,0
2024-01-02,SKU-PC-05,Personal-Care,30,0
2024-01-03,SKU-PC-05,Personal-Care,12,0
2024-01-04,SKU-PC-05,Personal-Care,15,0
2024-01-05,SKU-PC-05,Personal-Care,15,0
2024-01-06,SKU-PC-05,Personal-Care,22,0
2024-01-07,SKU-PC-05,Personal-Care,22,0
2024-01-08,SKU-PC-05,Personal-Care,27,0
2024-01-09,SKU-PC-05,Personal-Care,26,0
2024-01-10,SKU-PC-05,Personal-Care,21,0
2024-01-11,SKU-PC-05,Personal-Care,50,0
2024-01-12,SKU-PC-05,Personal-Care,29,0
2024-01-13,SKU-PC-05,Personal-Care,43,0
2024-01-14,SKU-PC-05,Personal-Care,17,0
2024-01-15,SKU-PC-05,Personal-Care,11,0
2024-01-16,SKU-PC-05,Personal-Care,34,0
2024-01-17,SKU-PC-05,Personal-Care,41,0
2024-01-18,SKU-PC-05,Personal-Care,19,0
2024-01-19,SKU-PC-05,Personal-Care,4,0
2024-01-20,SKU-PC-05,Personal-Care,11,0
2024-01-21,SKU-PC-05,Personal-Care,9,0
2024-01-22,SKU-PC-05,Personal-Care,19,0
2024-01-23,SKU-PC-05,Personal-Care,15,0
2024-01-24,SKU-PC-05,Personal-Care,21,0
2024-01-25,SKU-PC-05,Personal-Care,12,0
2024-01-26,SKU-PC-05,Personal-Care,18,0
2024-01-27,SKU-PC-05,Personal-Care,24,0
2024-01-28,SKU-PC-05,Personal-Care,28,0
2024-01-29,SKU-PC-05,Personal-Care,28,0
2024-01-30,SKU-PC-05,Personal-Care,25,0
2024-01-31,SKU-PC-05,Personal-Care,7,0
2024-02-01,SKU-PC-05,Personal-Care,14,0
2024-02-02,SKU-PC-05,Personal-Care,14,0
2024-02-03,SKU-PC-05,Personal-Care,22,0
2024-02-04,SKU-PC-05,Personal-Care,25,0
2024-02-05,SKU-PC-05,Personal-Care,7,0
2024-02-06,SKU-PC-05,Personal-Care,22,0
2024-02-07,SKU-PC-05,Personal-Care,33,0
2024-02-08,SKU-PC-05,Personal-Care,22,0
2024-02-09,SKU-PC-05,Personal-Care,6,0
2024-02-10,SKU-PC-05,Personal-Care,12,0
2024-02-11,SKU-PC-05,Personal-Care,18,0
2024-02-12,SKU-PC-05,Personal-Care,22,0
2024-02-13,SKU-PC-05,Personal-Care,12,0
2024-02-14,SKU-PC-05,Personal-Care,9,0
2024-02-15,SKU-PC-05,Personal-Care,11,0
2024-02-16,SKU-PC-05,Personal-Care,26,0
2024-02-17,SKU-PC-05,Personal-Care,12,0
2024-02-18,SKU-PC-05,Personal-Care,14,0
2024-02-19,SKU-PC-05,Personal-Care,7,0
2024-02-20,SKU-PC-05,Personal-Care,25,0
2024-02-21,SKU-PC-05,Personal-Care,16,0
2024-02-22,SKU-PC-05,Personal-Care,16,0
2024-02-23,SKU-PC-05,Personal-Care,32,0
2024-02-24,SKU-PC-05,Personal-Care,23,0
2024-02-25,SKU-PC-05,Personal-Care,22,0
2024-02-26,SKU-PC-05,Personal-Care,14,0
2024-02-27,SKU-PC-05,Personal-Care,14,0
2024-02-28,SKU-PC-05,Personal-Care,20,0
2024-02-29,SKU-PC-05,Personal-Care,5,0
2024-03-01,SKU-PC-05,Personal-Care,41,0
2024-03-02,SKU-PC-05,Personal-Care,9,0
2024-03-03,SKU-PC-05,Personal-Care,21,0
2024-03-04,SKU-PC-05,Personal-Care,39,0
2024-03-05,SKU-PC-05,Personal-Care,13,0
2024-03-06,SKU-PC-05,Personal-Care,14,0
2024-03-07,SKU-PC-05,Personal-Care,25,0
2024-03-08,SKU-PC-05,Personal-Care,23,0
2024-03-09,SKU-PC-05,Personal-Care,13,0
2024-03-10,SKU-PC-05,Personal-Care,34,0
2024-03-11,SKU-PC-05,Personal-Care,21,0
2024-03-12,SKU-PC-05,Personal-Care,9,0
2024-03-13,SKU-PC-05,Personal-Care,12,0
2024-03-14,SKU-PC-05,Personal-Care,18,0
2024-03-15,SKU-PC-05,Personal-Care,27,0
2024-03-16,SKU-PC-05,Personal-Care,19,0
2024-03-17,SKU-PC-05,Personal-Care,18,0
2024-03-18,SKU-PC-05,Personal-Care,33,0
2024-03-19,SKU-PC-05,Personal-Care,23,0
2024-03-20,SKU-PC-05,Personal-Care,32,0
2024-03-21,SKU-PC-05,Personal-Care,17,0
2024-03-22,SKU-PC-05,Personal-Care,11,0
2024-03-23,SKU-PC-05,Personal-Care,8,0
2024-03-24,SKU-PC-05,Personal-Care,18,0
2024-03-25,SKU-PC-05,Personal-Care,23,0
2024-03-26,SKU-PC-05,Personal-Care,23,0
2024-03-27,SKU-PC-05,Personal-Care,27,0
2024-03-28,SKU-PC-05,Personal-Care,37,0
2024-03-29,SKU-PC-05,Personal-Care,19,0
2024-03-30,SKU-PC-05,Personal-Care,29,0
2024-03-31,SKU-PC-05,Personal-Care,12,0
2024-04-01,SKU-PC-05,Personal-Care,19,0
2024-04-02,SKU-PC-05,Personal-Care,35,0
2024-04-03,SKU-PC-05,Personal-Care,8,0
2024-04-04,SKU-PC-05,Personal-Care,16,0
2024-04-05,SKU-PC-05,Personal-Care,22,0
2024-04-06,SKU-PC-05,Personal-Care,7,0
2024-04-07,SKU-PC-05,Personal-Care,41,1
2024-04-08,SKU-PC-05,Personal-Care,19,0
2024-04-09,SKU-PC-05,Personal-Care,20,0
2024-04-10,SKU-PC-05,Personal-Care,30,0
2024-04-11,SKU-PC-05,Personal-Care,23,0
2024-04-12,SKU-PC-05,Personal-Care,16,0
2024-04-13,SKU-PC-05,Personal-Care,31,0
2024-04-14,SKU-PC-05,Personal-Care,29,0
2024-04-15,SKU-PC-05,Personal-Care,14,0
2024-04-16,SKU-PC-05,Personal-Care,11,0
2024-04-17,SKU-PC-05,Personal-Care,13,0
2024-04-18,SKU-PC-05,Personal-Care,12,0
2024-04-19,SKU-PC-05,Personal-Care,49,1
2024-04-20,SKU-PC-05,Personal-Care,18,0
2024-04-21,SKU-PC-05,Personal-Care,21,0
2024-04-22,SKU-PC-05,Personal-Care,10,0
2024-04-23,SKU-PC-05,Personal-Care,12,0
2024-04-24,SKU-PC-05,Personal-Care,8,0
2024-04-25,SKU-PC-05,Personal-Care,40,1
2024-04-26,SKU-PC-05,Personal-Care,22,0
2024-04-27,SKU-PC-05,Personal-Care,19,0
2024-04-28,SKU-PC-05,Personal-Care,11,0
2024-04-29,SKU-PC-05,Personal-Care,36,0
2024-04-30,SKU-PC-05,Personal-Care,12,0
2024-05-01,SKU-PC-05,Personal-Care,12,0
2024-05-02,SKU-PC-05,Personal-Care,9,0
2024-05-03,SKU-PC-05,Personal-Care,19,0
2024-05-04,SKU-PC-05,Personal-Care,7,0
2024-05-05,SKU-PC-05,Personal-Care,23,0
2024-05-06,SKU-PC-05,Personal-Care,17,0
2024-05-07,SKU-PC-05,Personal-Care,14,0
2024-05-08,SKU-PC-05,Personal-Care,56,1
2024-05-09,SKU-PC-05,Personal-Care,41,0
2024-05-10,SKU-PC-05,Personal-Care,17,0
2024-05-11,SKU-PC-05,Personal-Care,14,0
2024-05-12,SKU-PC-05,Personal-Care,17,0
2024-05-13,SKU-PC-05,Personal-Care,21,0
2024-05-14,SKU-PC-05,Personal-Care,31,0
2024-05-15,SKU-PC-05,Personal-Care,8,0
2024-05-16,SKU-PC-05,Personal-Care,50,1
2024-05-17,SKU-PC-05,Personal-Care,31,0
2024-05-18,SKU-PC-05,Personal-Care,18,0
2024-05-19,SKU-PC-05,Personal-Care,14,0
2024-05-20,SKU-PC-05,Personal-Care,21,0
2024-05-21,SKU-PC-05,Personal-Care,12,0
2024-05-22,SKU-PC-05,Personal-Care,15,0
2024-05-23,SKU-PC-05,Personal-Care,15,0
2024-05-24,SKU-PC-05,Personal-Care,12,0
2024-05-25,SKU-PC-05,Personal-Care,22,0
2024-05-26,SKU-PC-05,Personal-Care,15,0
2024-05-27,SKU-PC-05,Personal-Care,17,0
2024-05-28,SKU-PC-05,Personal-Care,21,0
2024-05-29,SKU-PC-05,Personal-Care,44,0
2024-05-30,SKU-PC-05,Personal-Care,29,0
2024-05-31,SKU-PC-05,Personal-Care,21,0
2024-06-01,SKU-PC-05,Personal-Care,35,0
2024-06-02,SKU-PC-05,Personal-Care,16,1
2024-06-03,SKU-PC-05,Personal-Care,20,0
2024-06-04,SKU-PC-05,Personal-Care,24,0
2024-06-05,SKU-PC-05,Personal-Care,18,0
2024-06-06,SKU-PC-05,Personal-Care,12,0
2024-06-07,SKU-PC-05,Personal-Care,17,0
2024-06-08,SKU-PC-05,Personal-Care,31,0
2024-06-09,SKU-PC-05,Personal-Care,14,0
2024-06-10,SKU-PC-05,Personal-Care,16,0
2024-06-11,SKU-PC-05,Personal-Care,27,0
2024-06-12,SKU-PC-05,Personal-Care,18,0
2024-06-13,SKU-PC-05,Personal-Care,16,0
2024-06-14,SKU-PC-05,Personal-Care,30,0
2024-06-15,SKU-PC-05,Personal-Care,20,0
2024-06-16,SKU-PC-05,Personal-Care,23,0
2024-06-17,SKU-PC-05,Personal-Care,33,0
2024-06-18,SKU-PC-05,Personal-Care,15,0
2024-06-19,SKU-PC-05,Personal-Care,19,0
2024-06-20,SKU-PC-05,Personal-Care,37,0
2024-06-21,SKU-PC-05,Personal-Care,5,0
2024-06-22,SKU-PC-05,Personal-Care,34,0
2024-06-23,SKU-PC-05,Personal-Care,40,0
2024-06-24,SKU-PC-05,Personal-Care,18,0
2024-06-25,SKU-PC-05,Personal-Care,15,0
2024-06-26,SKU-PC-05,Personal-Care,14,0
2024-06-27,SKU-PC-05,Personal-Care,46,0
2024-06-28,SKU-PC-05,Personal-Care,6,0
2024-06-29,SKU-PC-05,Personal-Care,23,0
2024-06-30,SKU-PC-05,Personal-Care,8,0
2024-07-01,SKU-PC-05,Personal-Care,10,0
2024-07-02,SKU-PC-05,Personal-Care,9,0
2024-07-03,SKU-PC-05,Personal-Care,21,0
2024-07-04,SKU-PC-05,Personal-Care,16,0
2024-07-05,SKU-PC-05,Personal-Care,20,0
2024-07-06,SKU-PC-05,Personal-Care,10,0
2024-07-07,SKU-PC-05,Personal-Care,17,0
2024-07-08,SKU-PC-05,Personal-Care,20,0
2024-07-09,SKU-PC-05,Personal-Care,18,0
2024-07-10,SKU-PC-05,Personal-Care,17,0
2024-07-11,SKU-PC-05,Personal-Care,11,0
2024-07-12,SKU-PC-05,Personal-Care,12,0
2024-07-13,SKU-PC-05,Personal-Care,22,0
2024-07-14,SKU-PC-05,Personal-Care,18,0
2024-07-15,SKU-PC-05,Personal-Care,32,0
2024-07-16,SKU-PC-05,Personal-Care,15,0
2024-07-17,SKU-PC-05,Personal-Care,18,0
2024-07-18,SKU-PC-05,Personal-Care,14,0
2024-07-19,SKU-PC-05,Personal-Care,19,0
2024-07-20,SKU-PC-05,Personal-Care,12,0
2024-07-21,SKU-PC-05,Personal-Care,29,0
2024-07-22,SKU-PC-05,Personal-Care,6,0
2024-07-23,SKU-PC-05,Personal-Care,22,0
2024-07-24,SKU-PC-05,Personal-Care,23,0
2024-07-25,SKU-PC-05,Personal-Care,7,0
2024-07-26,SKU-PC-05,Personal-Care,38,0
2024-07-27,SKU-PC-05,Personal-Care,14,0
2024-07-28,SKU-PC-05,Personal-Care,28,0
2024-07-29,SKU-PC-05,Personal-Care,30,0
2024-07-30,SKU-PC-05,Personal-Care,23,0
2024-07-31,SKU-PC-05,Personal-Care,10,0
2024-08-01,SKU-PC-05,Personal-Care,20,0
2024-08-02,SKU-PC-05,Personal-Care,26,0
2024-08-03,SKU-PC-05,Personal-Care,15,0
2024-08-04,SKU-PC-05,Personal-Care,27,0
2024-08-05,SKU-PC-05,Personal-Care,8,0
2024-08-06,SKU-PC-05,Personal-Care,24,0
2024-08-07,SKU-PC-05,Personal-Care,21,0
2024-08-08,SKU-PC-05,Personal-Care,16,0
2024-08-09,SKU-PC-05,Personal-Care,35,0
2024-08-10,SKU-PC-05,Personal-Care,32,0
2024-08-11,SKU-PC-05,Personal-Care,17,0
2024-08-12,SKU-PC-05,Personal-Care,24,0
2024-08-13,SKU-PC-05,Personal-Care,14,0
2024-08-14,SKU-PC-05,Personal-Care,23,0
2024-08-15,SKU-PC-05,Personal-Care,35,0
2024-08-16,SKU-PC-05,Personal-Care,23,0
2024-08-17,SKU-PC-05,Personal-Care,29,0
2024-08-18,SKU-PC-05,Personal-Care,30,0
2024-08-19,SKU-PC-05,Personal-Care,67,1
2024-08-20,SKU-PC-05,Personal-Care,15,0
2024-08-21,SKU-PC-05,Personal-Care,23,0
2024-08-22,SKU-PC-05,Personal-Care,17,0
2024-08-23,SKU-PC-05,Personal-Care,7,0
2024-08-24,SKU-PC-05,Personal-Care,24,0
2024-08-25,SKU-PC-05,Personal-Care,17,0
2024-08-26,SKU-PC-05,Personal-Care,22,0
2024-08-27,SKU-PC-05,Personal-Care,9,0
2024-08-28,SKU-PC-05,Personal-Care,20,0
2024-08-29,SKU-PC-05,Personal-Care,8,0
2024-08-30,SKU-PC-05,Personal-Care,19,0
2024-08-31,SKU-PC-05,Personal-Care,36,0
2024-09-01,SKU-PC-05,Personal-Care,20,0
2024-09-02,SKU-PC-05,Personal-Care,50,1
2024-09-03,SKU-PC-05,Personal-Care,20,0
2024-09-04,SKU-PC-05,Personal-Care,26,0
2024-09-05,SKU-PC-05,Personal-Care,20,0
2024-09-06,SKU-PC-05,Personal-Care,14,0
2024-09-07,SKU-PC-05,Personal-Care,30,1
2024-09-08,SKU-PC-05,Personal-Care,19,0
2024-09-09,SKU-PC-05,Personal-Care,15,0
2024-09-10,SKU-PC-05,Personal-Care,24,0
2024-09-11,SKU-PC-05,Personal-Care,13,0
2024-09-12,SKU-PC-05,Personal-Care,33,0
2024-09-13,SKU-PC-05,Personal-Care,12,0
2024-09-14,SKU-PC-05,Personal-Care,30,0
2024-09-15,SKU-PC-05,Personal-Care,15,0
2024-09-16,SKU-PC-05,Personal-Care,19,0
2024-09-17,SKU-PC-05,Personal-Care,10,0
2024-09-18,SKU-PC-05,Personal-Care,38,0
2024-09-19,SKU-PC-05,Personal-Care,22,0
2024-09-20,SKU-PC-05,Personal-Care,31,0
2024-09-21,SKU-PC-05,Personal-Care,32,0
2024-09-22,SKU-PC-05,Personal-Care,27,0
2024-09-23,SKU-PC-05,Personal-Care,27,0
2024-09-24,SKU-PC-05,Personal-Care,28,0
2024-09-25,SKU-PC-05,Personal-Care,21,0
2024-09-26,SKU-PC-05,Personal-Care,12,0
2024-09-27,SKU-PC-05,Personal-Care,33,0
2024-09-28,SKU-PC-05,Personal-Care,8,0
2024-09-29,SKU-PC-05,Personal-Care,13,0
2024-09-30,SKU-PC-05,Personal-Care,14,0
2024-10-01,SKU-PC-05,Personal-Care,22,0
2024-10-02,SKU-PC-05,Personal-Care,12,0
2024-10-03,SKU-PC-05,Personal-Care,21,0
2024-10-04,SKU-PC-05,Personal-Care,4,0
2024-10-05,SKU-PC-05,Personal-Care,18,1
2024-10-06,SKU-PC-05,Personal-Care,8,0
2024-10-07,SKU-PC-05,Personal-Care,23,0
2024-10-08,SKU-PC-05,Personal-Care,25,0
2024-10-09,SKU-PC-05,Personal-Care,7,0
2024-10-10,SKU-PC-05,Personal-Care,13,0
2024-10-11,SKU-PC-05,Personal-Care,20,0
2024-10-12,SKU-PC-05,Personal-Care,24,0
2024-10-13,SKU-PC-05,Personal-Care,14,0
2024-10-14,SKU-PC-05,Personal-Care,10,0
2024-10-15,SKU-PC-05,Personal-Care,25,0
2024-10-16,SKU-PC-05,Personal-Care,30,0
2024-10-17,SKU-PC-05,Personal-Care,20,0
2024-10-18,SKU-PC-05,Personal-Care,16,0
2024-10-19,SKU-PC-05,Personal-Care,15,0
2024-10-20,SKU-PC-05,Personal-Care,14,0
2024-10-21,SKU-PC-05,Personal-Care,11,0
2024-10-22,SKU-PC-05,Personal-Care,24,0
2024-10-23,SKU-PC-05,Personal-Care,21,0
2024-10-24,SKU-PC-05,Personal-Care,14,0
2024-10-25,SKU-PC-05,Personal-Care,25,0
2024-10-26,SKU-PC-05,Personal-Care,26,0
2024-10-27,SKU-PC-05,Personal-Care,28,0
2024-10-28,SKU-PC-05,Personal-Care,23,0
2024-10-29,SKU-PC-05,Personal-Care,11,0
2024-10-30,SKU-PC-05,Personal-Care,21,0
2024-10-31,SKU-PC-05,Personal-Care,20,0
2024-11-01,SKU-PC-05,Personal-Care,18,0
2024-11-02,SKU-PC-05,Personal-Care,10,0
2024-11-03,SKU-PC-05,Personal-Care,13,0
2024-11-04,SKU-PC-05,Personal-Care,12,0
2024-11-05,SKU-PC-05,Personal-Care,38,0
2024-11-06,SKU-PC-05,Personal-Care,25,0
2024-11-07,SKU-PC-05,Personal-Care,6,0
2024-11-08,SKU-PC-05,Personal-Care,11,0
2024-11-09,SKU-PC-05,Personal-Care,14,0
2024-11-10,SKU-PC-05,Personal-Care,16,0
2024-11-11,SKU-PC-05,Personal-Care,20,0
2024-11-12,SKU-PC-05,Personal-Care,21,0
2024-11-13,SKU-PC-05,Personal-Care,9,0
2024-11-14,SKU-PC-05,Personal-Care,20,1
2024-11-15,SKU-PC-05,Personal-Care,25,0
2024-11-16,SKU-PC-05,Personal-Care,14,0
2024-11-17,SKU-PC-05,Personal-Care,59,1
2024-11-18,SKU-PC-05,Personal-Care,18,0
2024-11-19,SKU-PC-05,Personal-Care,24,0
2024-11-20,SKU-PC-05,Personal-Care,28,0
2024-11-21,SKU-PC-05,Personal-Care,11,0
2024-11-22,SKU-PC-05,Personal-Care,14,0
2024-11-23,SKU-PC-05,Personal-Care,29,0
2024-11-24,SKU-PC-05,Personal-Care,29,0
2024-11-25,SKU-PC-05,Personal-Care,19,0
2024-11-26,SKU-PC-05,Personal-Care,12,0
2024-11-27,SKU-PC-05,Personal-Care,20,0
2024-11-28,SKU-PC-05,Personal-Care,20,0
2024-11-29,SKU-PC-05,Personal-Care,27,0
2024-11-30,SKU-PC-05,Personal-Care,15,0
2024-12-01,SKU-PC-05,Personal-Care,16,0
2024-12-02,SKU-PC-05,Personal-Care,17,0
2024-12-03,SKU-PC-05,Personal-Care,22,0
2024-12-04,SKU-PC-05,Personal-Care,35,0
2024-12-05,SKU-PC-05,Personal-Care,54,1
2024-12-06,SKU-PC-05,Personal-Care,15,0
2024-12-07,SKU-PC-05,Personal-Care,30,0
2024-12-08,SKU-PC-05,Personal-Care,9,0
2024-12-09,SKU-PC-05,Personal-Care,32,0
2024-12-10,SKU-PC-05,Personal-Care,12,0
2024-12-11,SKU-PC-05,Personal-Care,9,0
2024-12-12,SKU-PC-05,Personal-Care,23,0
2024-12-13,SKU-PC-05,Personal-Care,13,0
2024-12-14,SKU-PC-05,Personal-Care,12,0
2024-12-15,SKU-PC-05,Personal-Care,10,0
2024-12-16,SKU-PC-05,Personal-Care,20,0
2024-12-17,SKU-PC-05,Personal-Care,9,0
2024-12-18,SKU-PC-05,Personal-Care,23,0
2024-12-19,SKU-PC-05,Personal-Care,21,0
2024-12-20,SKU-PC-05,Personal-Care,27,0
2024-12-21,SKU-PC-05,Personal-Care,9,0
2024-12-22,SKU-PC-05,Personal-Care,25,0
2024-12-23,SKU-PC-05,Personal-Care,31,0
2024-12-24,SKU-PC-05,Personal-Care,28,0
2024-12-25,SKU-PC-05,Personal-Care,21,0
2024-12-26,SKU-PC-05,Personal-Care,13,0
2024-12-27,SKU-PC-05,Personal-Care,19,0
2024-12-28,SKU-PC-05,Personal-Care,24,0
2024-12-29,SKU-PC-05,Personal-Care,19,0
2024-12-30,SKU-PC-05,Personal-Care,36,0
2024-12-31,SKU-PC-05,Personal-Care,34,0
2025-01-01,SKU-PC-05,Personal-Care,11,0
2025-01-02,SKU-PC-05,Personal-Care,40,0
2025-01-03,SKU-PC-05,Personal-Care,6,0
2025-01-04,SKU-PC-05,Personal-Care,28,0
2025-01-05,SKU-PC-05,Personal-Care,22,0
2025-01-06,SKU-PC-05,Personal-Care,18,0
2025-01-07,SKU-PC-05,Personal-Care,25,0
2025-01-08,SKU-PC-05,Personal-Care,19,0
2025-01-09,SKU-PC-05,Personal-Care,14,0
2025-01-10,SKU-PC-05,Personal-Care,24,0
2025-01-11,SKU-PC-05,Personal-Care,23,0
2025-01-12,SKU-PC-05,Personal-Care,23,0
2025-01-13,SKU-PC-05,Personal-Care,8,0
2025-01-14,SKU-PC-05,Personal-Care,35,0
2025-01-15,SKU-PC-05,Personal-Care,37,0
2025-01-16,SKU-PC-05,Personal-Care,32,0
2025-01-17,SKU-PC-05,Personal-Care,28,0
2025-01-18,SKU-PC-05,Personal-Care,21,0
2025-01-19,SKU-PC-05,Personal-Care,18,0
2025-01-20,SKU-PC-05,Personal-Care,24,0
2025-01-21,SKU-PC-05,Personal-Care,21,0
2025-01-22,SKU-PC-05,Personal-Care,18,0
2025-01-23,SKU-PC-05,Personal-Care,24,0
2025-01-24,SKU-PC-05,Personal-Care,27,0
2025-01-25,SKU-PC-05,Personal-Care,12,0
2025-01-26,SKU-PC-05,Personal-Care,95,1
2025-01-27,SKU-PC-05,Personal-Care,22,0
2025-01-28,SKU-PC-05,Personal-Care,15,0
2025-01-29,SKU-PC-05,Personal-Care,12,0
2025-01-30,SKU-PC-05,Personal-Care,15,1
2025-01-31,SKU-PC-05,Personal-Care,24,0
2025-02-01,SKU-PC-05,Personal-Care,24,0
2025-02-02,SKU-PC-05,Personal-Care,14,0
2025-02-03,SKU-PC-05,Personal-Care,24,0
2025-02-04,SKU-PC-05,Personal-Care,42,0
2025-02-05,SKU-PC-05,Personal-Care,26,0
2025-02-06,SKU-PC-05,Personal-Care,19,0
2025-02-07,SKU-PC-05,Personal-Care,43,0
2025-02-08,SKU-PC-05,Personal-Care,18,0
2025-02-09,SKU-PC-05,Personal-Care,22,0
2025-02-10,SKU-PC-05,Personal-Care,14,0
2025-02-11,SKU-PC-05,Personal-Care,16,0
2025-02-12,SKU-PC-05,Personal-Care,13,0
2025-02-13,SKU-PC-05,Personal-Care,16,0
2025-02-14,SKU-PC-05,Personal-Care,18,0
2025-02-15,SKU-PC-05,Personal-Care,16,0
2025-02-16,SKU-PC-05,Personal-Care,10,0
2025-02-17,SKU-PC-05,Personal-Care,10,0
2025-02-18,SKU-PC-05,Personal-Care,43,0
2025-02-19,SKU-PC-05,Personal-Care,24,0
2025-02-20,SKU-PC-05,Personal-Care,14,0
2025-02-21,SKU-PC-05,Personal-Care,29,0
2025-02-22,SKU-PC-05,Personal-Care,28,0
2025-02-23,SKU-PC-05,Personal-Care,28,0
2025-02-24,SKU-PC-05,Personal-Care,18,0
2025-02-25,SKU-PC-05,Personal-Care,30,0
2025-02-26,SKU-PC-05,Personal-Care,25,0
2025-02-27,SKU-PC-05,Personal-Care,38,0
2025-02-28,SKU-PC-05,Personal-Care,16,0
2025-03-01,SKU-PC-05,Personal-Care,11,0
2025-03-02,SKU-PC-05,Personal-Care,13,0
2025-03-03,SKU-PC-05,Personal-Care,26,0
2025-03-04,SKU-PC-05,Personal-Care,29,0
2025-03-05,SKU-PC-05,Personal-Care,28,0
2025-03-06,SKU-PC-05,Personal-Care,16,0
2025-03-07,SKU-PC-05,Personal-Care,11,0
2025-03-08,SKU-PC-05,Personal-Care,16,0
2025-03-09,SKU-PC-05,Personal-Care,29,0
2025-03-10,SKU-PC-05,Personal-Care,8,0
2025-03-11,SKU-PC-05,Personal-Care,17,0
2025-03-12,SKU-PC-05,Personal-Care,28,0
2025-03-13,SKU-PC-05,Personal-Care,16,0
2025-03-14,SKU-PC-05,Personal-Care,34,0
2025-03-15,SKU-PC-05,Personal-Care,19,0
2025-03-16,SKU-PC-05,Personal-Care,20,0
2025-03-17,SKU-PC-05,Personal-Care,28,0
2025-03-18,SKU-PC-05,Personal-Care,14,0
2025-03-19,SKU-PC-05,Personal-Care,15,0
2025-03-20,SKU-PC-05,Personal-Care,10,0
2025-03-21,SKU-PC-05,Personal-Care,23,0
2025-03-22,SKU-PC-05,Personal-Care,18,0
2025-03-23,SKU-PC-05,Personal-Care,13,0
2025-03-24,SKU-PC-05,Personal-Care,30,0
2025-03-25,SKU-PC-05,Personal-Care,23,0
2025-03-26,SKU-PC-05,Personal-Care,23,0
2025-03-27,SKU-PC-05,Personal-Care,13,0
2025-03-28,SKU-PC-05,Personal-Care,20,0
2025-03-29,SKU-PC-05,Personal-Care,15,0
2025-03-30,SKU-PC-05,Personal-Care,14,0
2025-03-31,SKU-PC-05,Personal-Care,9,0
2025-04-01,SKU-PC-05,Personal-Care,28,0
2025-04-02,SKU-PC-05,Personal-Care,13,0
2025-04-03,SKU-PC-05,Personal-Care,12,0
2025-04-04,SKU-PC-05,Personal-Care,28,0
2025-04-05,SKU-PC-05,Personal-Care,22,0
2025-04-06,SKU-PC-05,Personal-Care,25,0
2025-04-07,SKU-PC-05,Personal-Care,15,0
2025-04-08,SKU-PC-05,Personal-Care,15,0
2025-04-09,SKU-PC-05,Personal-Care,11,0
2025-04-10,SKU-PC-05,Personal-Care,17,0
2025-04-11,SKU-PC-05,Personal-Care,13,0
2025-04-12,SKU-PC-05,Personal-Care,24,0
2025-04-13,SKU-PC-05,Personal-Care,32,0
2025-04-14,SKU-PC-05,Personal-Care,37,1
2025-04-15,SKU-PC-05,Personal-Care,15,0
2025-04-16,SKU-PC-05,Personal-Care,25,0
2025-04-17,SKU-PC-05,Personal-Care,7,0
2025-04-18,SKU-PC-05,Personal-Care,13,0
2025-04-19,SKU-PC-05,Personal-Care,5,0
2025-04-20,SKU-PC-05,Personal-Care,18,0
2025-04-21,SKU-PC-05,Personal-Care,31,0
2025-04-22,SKU-PC-05,Personal-Care,11,0
2025-04-23,SKU-PC-05,Personal-Care,23,0
2025-04-24,SKU-PC-05,Personal-Care,13,0
2025-04-25,SKU-PC-05,Personal-Care,21,0
2025-04-26,SKU-PC-05,Personal-Care,8,0
2025-04-27,SKU-PC-05,Personal-Care,13,0
2025-04-28,SKU-PC-05,Personal-Care,16,0
2025-04-29,SKU-PC-05,Personal-Care,22,0
2025-04-30,SKU-PC-05,Personal-Care,29,0
2025-05-01,SKU-PC-05,Personal-Care,28,0
2025-05-02,SKU-PC-05,Personal-Care,16,0
2025-05-03,SKU-PC-05,Personal-Care,20,0
2025-05-04,SKU-PC-05,Personal-Care,11,0
2025-05-05,SKU-PC-05,Personal-Care,13,0
2025-05-06,SKU-PC-05,Personal-Care,37,0
2025-05-07,SKU-PC-05,Personal-Care,29,0
2025-05-08,SKU-PC-05,Personal-Care,20,0
2025-05-09,SKU-PC-05,Personal-Care,37,0
2025-05-10,SKU-PC-05,Personal-Care,26,0
2025-05-11,SKU-PC-05,Personal-Care,30,1
2025-05-12,SKU-PC-05,Personal-Care,14,0
2025-05-13,SKU-PC-05,Personal-Care,20,0
2025-05-14,SKU-PC-05,Personal-Care,22,0
2025-05-15,SKU-PC-05,Personal-Care,39,0
2025-05-16,SKU-PC-05,Personal-Care,122,1
2025-05-17,SKU-PC-05,Personal-Care,26,0
2025-05-18,SKU-PC-05,Personal-Care,11,0
2025-05-19,SKU-PC-05,Personal-Care,14,0
2025-05-20,SKU-PC-05,Personal-Care,44,1
2025-05-21,SKU-PC-05,Personal-Care,10,0
2025-05-22,SKU-PC-05,Personal-Care,27,0
2025-05-23,SKU-PC-05,Personal-Care,5,0
2025-05-24,SKU-PC-05,Personal-Care,15,0
2025-05-25,SKU-PC-05,Personal-Care,38,1
2025-05-26,SKU-PC-05,Personal-Care,52,0
2025-05-27,SKU-PC-05,Personal-Care,20,0
2025-05-28,SKU-PC-05,Personal-Care,24,0
2025-05-29,SKU-PC-05,Personal-Care,24,0
2025-05-30,SKU-PC-05,Personal-Care,32,0
2025-05-31,SKU-PC-05,Personal-Care,16,0
2025-06-01,SKU-PC-05,Personal-Care,15,0
2025-06-02,SKU-PC-05,Personal-Care,6,0
2025-06-03,SKU-PC-05,Personal-Care,8,0
2025-06-04,SKU-PC-05,Personal-Care,10,0
2025-06-05,SKU-PC-05,Personal-Care,6,0
2025-06-06,SKU-PC-05,Personal-Care,40,0
2025-06-07,SKU-PC-05,Personal-Care,19,0
2025-06-08,SKU-PC-05,Personal-Care,29,0
2025-06-09,SKU-PC-05,Personal-Care,14,0
2025-06-10,SKU-PC-05,Personal-Care,22,0
2025-06-11,SKU-PC-05,Personal-Care,23,0
2025-06-12,SKU-PC-05,Personal-Care,33,0
2025-06-13,SKU-PC-05,Personal-Care,31,0
2025-06-14,SKU-PC-05,Personal-Care,26,0
2025-06-15,SKU-PC-05,Personal-Care,8,0
2025-06-16,SKU-PC-05,Personal-Care,32,0
2025-06-17,SKU-PC-05,Personal-Care,25,0
2025-06-18,SKU-PC-05,Personal-Care,13,0
2025-06-19,SKU-PC-05,Personal-Care,21,0
2025-06-20,SKU-PC-05,Personal-Care,25,0
2025-06-21,SKU-PC-05,Personal-Care,31,0
2025-06-22,SKU-PC-05,Personal-Care,37,1
2025-06-23,SKU-PC-05,Personal-Care,16,0
2025-06-24,SKU-PC-05,Personal-Care,29,0
2025-06-25,SKU-PC-05,Personal-Care,19,0
2025-06-26,SKU-PC-05,Personal-Care,11,0
2025-06-27,SKU-PC-05,Personal-Care,18,0
2025-06-28,SKU-PC-05,Personal-Care,17,0
2025-06-29,SKU-PC-05,Personal-Care,33,0
2025-06-30,SKU-PC-05,Personal-Care,27,1
2025-07-01,SKU-PC-05,Personal-Care,39,0
2023-01-01,SKU-S-01,Snacks,61,0
2023-01-02,SKU-S-01,Snacks,41,0
2023-01-03,SKU-S-01,Snacks,20,0
2023-01-04,SKU-S-01,Snacks,22,0
2023-01-05,SKU-S-01,Snacks,42,0
2023-01-06,SKU-S-01,Snacks,43,0
2023-01-07,SKU-S-01,Snacks,38,0
2023-01-08,SKU-S-01,Snacks,28,0
2023-01-09,SKU-S-01,Snacks,10,0
2023-01-10,SKU-S-01,Snacks,25,0
2023-01-11,SKU-S-01,Snacks,198,1
2023-01-12,SKU-S-01,Snacks,31,0
2023-01-13,SKU-S-01,Snacks,74,0
2023-01-14,SKU-S-01,Snacks,61,0
2023-01-15,SKU-S-01,Snacks,173,1
2023-01-16,SKU-S-01,Snacks,28,0
2023-01-17,SKU-S-01,Snacks,13,0
2023-01-18,SKU-S-01,Snacks,7,0
2023-01-19,SKU-S-01,Snacks,30,0
2023-01-20,SKU-S-01,Snacks,49,0
2023-01-21,SKU-S-01,Snacks,216,1
2023-01-22,SKU-S-01,Snacks,61,0
2023-01-23,SKU-S-01,Snacks,121,1
2023-01-24,SKU-S-01,Snacks,30,0
2023-01-25,SKU-S-01,Snacks,25,0
2023-01-26,SKU-S-01,Snacks,45,0
2023-01-27,SKU-S-01,Snacks,27,0
2023-01-28,SKU-S-01,Snacks,50,0
2023-01-29,SKU-S-01,Snacks,49,0
2023-01-30,SKU-S-01,Snacks,52,0
2023-01-31,SKU-S-01,Snacks,42,0
2023-02-01,SKU-S-01,Snacks,39,0
2023-02-02,SKU-S-01,Snacks,35,0
2023-02-03,SKU-S-01,Snacks,140,1
2023-02-04,SKU-S-01,Snacks,90,1
2023-02-05,SKU-S-01,Snacks,75,0
2023-02-06,SKU-S-01,Snacks,33,0
2023-02-07,SKU-S-01,Snacks,30,0
2023-02-08,SKU-S-01,Snacks,23,0
2023-02-09,SKU-S-01,Snacks,42,0
2023-02-10,SKU-S-01,Snacks,74,1
2023-02-11,SKU-S-01,Snacks,96,0
2023-02-12,SKU-S-01,Snacks,14,1
2023-02-13,SKU-S-01,Snacks,69,1
2023-02-14,SKU-S-01,Snacks,44,0
2023-02-15,SKU-S-01,Snacks,66,1
2023-02-16,SKU-S-01,Snacks,17,0
2023-02-17,SKU-S-01,Snacks,12,0
2023-02-18,SKU-S-01,Snacks,52,0
2023-02-19,SKU-S-01,Snacks,64,1
2023-02-20,SKU-S-01,Snacks,16,0
2023-02-21,SKU-S-01,Snacks,43,0
2023-02-22,SKU-S-01,Snacks,39,0
2023-02-23,SKU-S-01,Snacks,50,0
2023-02-24,SKU-S-01,Snacks,23,0
2023-02-25,SKU-S-01,Snacks,44,0
2023-02-26,SKU-S-01,Snacks,40,0
2023-02-27,SKU-S-01,Snacks,26,0
2023-02-28,SKU-S-01,Snacks,26,0
2023-03-01,SKU-S-01,Snacks,124,1
2023-03-02,SKU-S-01,Snacks,83,1
2023-03-03,SKU-S-01,Snacks,54,0
2023-03-04,SKU-S-01,Snacks,60,0
2023-03-05,SKU-S-01,Snacks,65,0
2023-03-06,SKU-S-01,Snacks,33,0
2023-03-07,SKU-S-01,Snacks,31,0
2023-03-08,SKU-S-01,Snacks,16,0
2023-03-09,SKU-S-01,Snacks,32,0
2023-03-10,SKU-S-01,Snacks,23,0
2023-03-11,SKU-S-01,Snacks,38,0
2023-03-12,SKU-S-01,Snacks,28,0
2023-03-13,SKU-S-01,Snacks,15,0
2023-03-14,SKU-S-01,Snacks,27,1
2023-03-15,SKU-S-01,Snacks,23,0
2023-03-16,SKU-S-01,Snacks,53,0
2023-03-17,SKU-S-01,Snacks,10,0
2023-03-18,SKU-S-01,Snacks,66,0
2023-03-19,SKU-S-01,Snacks,62,0
2023-03-20,SKU-S-01,Snacks,28,0
2023-03-21,SKU-S-01,Snacks,22,0
2023-03-22,SKU-S-01,Snacks,71,0
2023-03-23,SKU-S-01,Snacks,30,0
2023-03-24,SKU-S-01,Snacks,46,0
2023-03-25,SKU-S-01,Snacks,58,0
2023-03-26,SKU-S-01,Snacks,7,0
2023-03-27,SKU-S-01,Snacks,21,0
2023-03-28,SKU-S-01,Snacks,31,0
2023-03-29,SKU-S-01,Snacks,37,0
2023-03-30,SKU-S-01,Snacks,54,0
2023-03-31,SKU-S-01,Snacks,18,0
2023-04-01,SKU-S-01,Snacks,92,0
2023-04-02,SKU-S-01,Snacks,39,1
2023-04-03,SKU-S-01,Snacks,26,0
2023-04-04,SKU-S-01,Snacks,55,1
2023-04-05,SKU-S-01,Snacks,28,0
2023-04-06,SKU-S-01,Snacks,127,1
2023-04-07,SKU-S-01,Snacks,37,0
2023-04-08,SKU-S-01,Snacks,48,0
2023-04-09,SKU-S-01,Snacks,20,0
2023-04-10,SKU-S-01,Snacks,53,0
2023-04-11,SKU-S-01,Snacks,119,1
2023-04-12,SKU-S-01,Snacks,100,1
2023-04-13,SKU-S-01,Snacks,27,0
2023-04-14,SKU-S-01,Snacks,29,0
2023-04-15,SKU-S-01,Snacks,86,1
2023-04-16,SKU-S-01,Snacks,23,0
2023-04-17,SKU-S-01,Snacks,20,0
2023-04-18,SKU-S-01,Snacks,40,1
2023-04-19,SKU-S-01,Snacks,19,0
2023-04-20,SKU-S-01,Snacks,48,0
2023-04-21,SKU-S-01,Snacks,18,0
2023-04-22,SKU-S-01,Snacks,130,1
2023-04-23,SKU-S-01,Snacks,14,0
2023-04-24,SKU-S-01,Snacks,54,0
2023-04-25,SKU-S-01,Snacks,37,0
2023-04-26,SKU-S-01,Snacks,107,1
2023-04-27,SKU-S-01,Snacks,66,0
2023-04-28,SKU-S-01,Snacks,20,0
2023-04-29,SKU-S-01,Snacks,53,0
2023-04-30,SKU-S-01,Snacks,38,0
2023-05-01,SKU-S-01,Snacks,43,0
2023-05-02,SKU-S-01,Snacks,31,0
2023-05-03,SKU-S-01,Snacks,61,0
2023-05-04,SKU-S-01,Snacks,35,0
2023-05-05,SKU-S-01,Snacks,61,0
2023-05-06,SKU-S-01,Snacks,40,0
2023-05-07,SKU-S-01,Snacks,29,0
2023-05-08,SKU-S-01,Snacks,41,0
2023-05-09,SKU-S-01,Snacks,21,0
2023-05-10,SKU-S-01,Snacks,23,0
2023-05-11,SKU-S-01,Snacks,26,0
2023-05-12,SKU-S-01,Snacks,23,0
2023-05-13,SKU-S-01,Snacks,25,0
2023-05-14,SKU-S-01,Snacks,26,0
2023-05-15,SKU-S-01,Snacks,34,0
2023-05-16,SKU-S-01,Snacks,35,0
2023-05-17,SKU-S-01,Snacks,29,1
2023-05-18,SKU-S-01,Snacks,4,0
2023-05-19,SKU-S-01,Snacks,47,1
2023-05-20,SKU-S-01,Snacks,116,1
2023-05-21,SKU-S-01,Snacks,55,0
2023-05-22,SKU-S-01,Snacks,17,0
2023-05-23,SKU-S-01,Snacks,34,0
2023-05-24,SKU-S-01,Snacks,10,0
2023-05-25,SKU-S-01,Snacks,53,0
2023-05-26,SKU-S-01,Snacks,76,0
2023-05-27,SKU-S-01,Snacks,66,0
2023-05-28,SKU-S-01,Snacks,68,0
2023-05-29,SKU-S-01,Snacks,36,0
2023-05-30,SKU-S-01,Snacks,42,0
2023-05-31,SKU-S-01,Snacks,8,0
2023-06-01,SKU-S-01,Snacks,27,0
2023-06-02,SKU-S-01,Snacks,62,0
2023-06-03,SKU-S-01,Snacks,50,0
2023-06-04,SKU-S-01,Snacks,27,0
2023-06-05,SKU-S-01,Snacks,41,0
2023-06-06,SKU-S-01,Snacks,21,0
2023-06-07,SKU-S-01,Snacks,16,0
2023-06-08,SKU-S-01,Snacks,54,0
2023-06-09,SKU-S-01,Snacks,15,0
2023-06-10,SKU-S-01,Snacks,56,0
2023-06-11,SKU-S-01,Snacks,36,0
2023-06-12,SKU-S-01,Snacks,46,0
2023-06-13,SKU-S-01,Snacks,26,0
2023-06-14,SKU-S-01,Snacks,24,0
2023-06-15,SKU-S-01,Snacks,67,1
2023-06-16,SKU-S-01,Snacks,20,0
2023-06-17,SKU-S-01,Snacks,300,1
2023-06-18,SKU-S-01,Snacks,23,0
2023-06-19,SKU-S-01,Snacks,74,1
2023-06-20,SKU-S-01,Snacks,27,0
2023-06-21,SKU-S-01,Snacks,18,0
2023-06-22,SKU-S-01,Snacks,35,0
2023-06-23,SKU-S-01,Snacks,9,0
2023-06-24,SKU-S-01,Snacks,55,0
2023-06-25,SKU-S-01,Snacks,45,0
2023-06-26,SKU-S-01,Snacks,33,0
2023-06-27,SKU-S-01,Snacks,41,0
2023-06-28,SKU-S-01,Snacks,11,0
2023-06-29,SKU-S-01,Snacks,34,0
2023-06-30,SKU-S-01,Snacks,43,0
2023-07-01,SKU-S-01,Snacks,34,0
2023-07-02,SKU-S-01,Snacks,33,0
2023-07-03,SKU-S-01,Snacks,11,0
2023-07-04,SKU-S-01,Snacks,19,0
2023-07-05,SKU-S-01,Snacks,18,0
2023-07-06,SKU-S-01,Snacks,44,0
2023-07-07,SKU-S-01,Snacks,21,0
2023-07-08,SKU-S-01,Snacks,53,0
2023-07-09,SKU-S-01,Snacks,63,0
2023-07-10,SKU-S-01,Snacks,31,0
2023-07-11,SKU-S-01,Snacks,23,0
2023-07-12,SKU-S-01,Snacks,40,0
2023-07-13,SKU-S-01,Snacks,15,0
2023-07-14,SKU-S-01,Snacks,35,0
2023-07-15,SKU-S-01,Snacks,44,0
2023-07-16,SKU-S-01,Snacks,27,0
2023-07-17,SKU-S-01,Snacks,28,0
2023-07-18,SKU-S-01,Snacks,46,0
2023-07-19,SKU-S-01,Snacks,40,0
2023-07-20,SKU-S-01,Snacks,33,0
2023-07-21,SKU-S-01,Snacks,84,1
2023-07-22,SKU-S-01,Snacks,64,0
2023-07-23,SKU-S-01,Snacks,19,0
2023-07-24,SKU-S-01,Snacks,8,0
2023-07-25,SKU-S-01,Snacks,24,0
2023-07-26,SKU-S-01,Snacks,19,0
2023-07-27,SKU-S-01,Snacks,21,0
2023-07-28,SKU-S-01,Snacks,18,0
2023-07-29,SKU-S-01,Snacks,66,0
2023-07-30,SKU-S-01,Snacks,168,1
2023-07-31,SKU-S-01,Snacks,52,0
2023-08-01,SKU-S-01,Snacks,22,0
2023-08-02,SKU-S-01,Snacks,47,0
2023-08-03,SKU-S-01,Snacks,34,0
2023-08-04,SKU-S-01,Snacks,30,0
2023-08-05,SKU-S-01,Snacks,33,0
2023-08-06,SKU-S-01,Snacks,62,0
2023-08-07,SKU-S-01,Snacks,19,0
2023-08-08,SKU-S-01,Snacks,38,0
2023-08-09,SKU-S-01,Snacks,48,0
2023-08-10,SKU-S-01,Snacks,24,0
2023-08-11,SKU-S-01,Snacks,91,0
2023-08-12,SKU-S-01,Snacks,98,0
2023-08-13,SKU-S-01,Snacks,30,0
2023-08-14,SKU-S-01,Snacks,73,1
2023-08-15,SKU-S-01,Snacks,11,0
2023-08-16,SKU-S-01,Snacks,24,0
2023-08-17,SKU-S-01,Snacks,40,0
2023-08-18,SKU-S-01,Snacks,14,0
2023-08-19,SKU-S-01,Snacks,53,0
2023-08-20,SKU-S-01,Snacks,28,0
2023-08-21,SKU-S-01,Snacks,29,0
2023-08-22,SKU-S-01,Snacks,24,0
2023-08-23,SKU-S-01,Snacks,63,0
2023-08-24,SKU-S-01,Snacks,10,0
2023-08-25,SKU-S-01,Snacks,48,0
2023-08-26,SKU-S-01,Snacks,52,0
2023-08-27,SKU-S-01,Snacks,23,0
2023-08-28,SKU-S-01,Snacks,29,0
2023-08-29,SKU-S-01,Snacks,53,0
2023-08-30,SKU-S-01,Snacks,2,0
2023-08-31,SKU-S-01,Snacks,62,0
2023-09-01,SKU-S-01,Snacks,14,0
2023-09-02,SKU-S-01,Snacks,56,0
2023-09-03,SKU-S-01,Snacks,51,0
2023-09-04,SKU-S-01,Snacks,28,0
2023-09-05,SKU-S-01,Snacks,60,0
2023-09-06,SKU-S-01,Snacks,29,0
2023-09-07,SKU-S-01,Snacks,23,0
2023-09-08,SKU-S-01,Snacks,32,0
2023-09-09,SKU-S-01,Snacks,79,0
2023-09-10,SKU-S-01,Snacks,12,0
2023-09-11,SKU-S-01,Snacks,93,1
2023-09-12,SKU-S-01,Snacks,33,0
2023-09-13,SKU-S-01,Snacks,29,0
2023-09-14,SKU-S-01,Snacks,40,0
2023-09-15,SKU-S-01,Snacks,62,0
2023-09-16,SKU-S-01,Snacks,51,0
2023-09-17,SKU-S-01,Snacks,36,0
2023-09-18,SKU-S-01,Snacks,42,0
2023-09-19,SKU-S-01,Snacks,20,0
2023-09-20,SKU-S-01,Snacks,14,0
2023-09-21,SKU-S-01,Snacks,25,0
2023-09-22,SKU-S-01,Snacks,33,0
2023-09-23,SKU-S-01,Snacks,30,0
2023-09-24,SKU-S-01,Snacks,49,0
2023-09-25,SKU-S-01,Snacks,16,0
2023-09-26,SKU-S-01,Snacks,23,0
2023-09-27,SKU-S-01,Snacks,10,0
2023-09-28,SKU-S-01,Snacks,43,0
2023-09-29,SKU-S-01,Snacks,51,0
2023-09-30,SKU-S-01,Snacks,72,1
2023-10-01,SKU-S-01,Snacks,59,0
2023-10-02,SKU-S-01,Snacks,15,0
2023-10-03,SKU-S-01,Snacks,32,0
2023-10-04,SKU-S-01,Snacks,38,0
2023-10-05,SKU-S-01,Snacks,94,1
2023-10-06,SKU-S-01,Snacks,29,0
2023-10-07,SKU-S-01,Snacks,38,0
2023-10-08,SKU-S-01,Snacks,28,0
2023-10-09,SKU-S-01,Snacks,9,0
2023-10-10,SKU-S-01,Snacks,40,0
2023-10-11,SKU-S-01,Snacks,32,0
2023-10-12,SKU-S-01,Snacks,13,0
2023-10-13,SKU-S-01,Snacks,50,0
2023-10-14,SKU-S-01,Snacks,58,0
2023-10-15,SKU-S-01,Snacks,23,0
2023-10-16,SKU-S-01,Snacks,3,0
2023-10-17,SKU-S-01,Snacks,54,1
2023-10-18,SKU-S-01,Snacks,16,0
2023-10-19,SKU-S-01,Snacks,106,1
2023-10-20,SKU-S-01,Snacks,91,0
2023-10-21,SKU-S-01,Snacks,63,0
2023-10-22,SKU-S-01,Snacks,39,0
2023-10-23,SKU-S-01,Snacks,26,0
2023-10-24,SKU-S-01,Snacks,23,0
2023-10-25,SKU-S-01,Snacks,13,0
2023-10-26,SKU-S-01,Snacks,21,0
2023-10-27,SKU-S-01,Snacks,30,0
2023-10-28,SKU-S-01,Snacks,42,0
2023-10-29,SKU-S-01,Snacks,96,0
2023-10-30,SKU-S-01,Snacks,16,0
2023-10-31,SKU-S-01,Snacks,33,0
2023-11-01,SKU-S-01,Snacks,28,0
2023-11-02,SKU-S-01,Snacks,53,0
2023-11-03,SKU-S-01,Snacks,29,0
2023-11-04,SKU-S-01,Snacks,43,0
2023-11-05,SKU-S-01,Snacks,20,0
2023-11-06,SKU-S-01,Snacks,14,0
2023-11-07,SKU-S-01,Snacks,34,0
2023-11-08,SKU-S-01,Snacks,33,0
2023-11-09,SKU-S-01,Snacks,69,0
2023-11-10,SKU-S-01,Snacks,69,0
2023-11-11,SKU-S-01,Snacks,153,1
2023-11-12,SKU-S-01,Snacks,29,0
2023-11-13,SKU-S-01,Snacks,8,0
2023-11-14,SKU-S-01,Snacks,165,1
2023-11-15,SKU-S-01,Snacks,46,0
2023-11-16,SKU-S-01,Snacks,18,0
2023-11-17,SKU-S-01,Snacks,39,0
2023-11-18,SKU-S-01,Snacks,32,0
2023-11-19,SKU-S-01,Snacks,28,0
2023-11-20,SKU-S-01,Snacks,23,0
2023-11-21,SKU-S-01,Snacks,35,0
2023-11-22,SKU-S-01,Snacks,23,0
2023-11-23,SKU-S-01,Snacks,68,0
2023-11-24,SKU-S-01,Snacks,54,0
2023-11-25,SKU-S-01,Snacks,67,0
2023-11-26,SKU-S-01,Snacks,35,0
2023-11-27,SKU-S-01,Snacks,24,0
2023-11-28,SKU-S-01,Snacks,88,1
2023-11-29,SKU-S-01,Snacks,33,0
2023-11-30,SKU-S-01,Snacks,16,0
2023-12-01,SKU-S-01,Snacks,7,0
2023-12-02,SKU-S-01,Snacks,55,0
2023-12-03,SKU-S-01,Snacks,58,0
2023-12-04,SKU-S-01,Snacks,54,1
2023-12-05,SKU-S-01,Snacks,28,0
2023-12-06,SKU-S-01,Snacks,37,0
2023-12-07,SKU-S-01,Snacks,32,0
2023-12-08,SKU-S-01,Snacks,62,0
2023-12-09,SKU-S-01,Snacks,80,0
2023-12-10,SKU-S-01,Snacks,40,0
2023-12-11,SKU-S-01,Snacks,52,0
2023-12-12,SKU-S-01,Snacks,44,0
2023-12-13,SKU-S-01,Snacks,28,0
2023-12-14,SKU-S-01,Snacks,85,0
2023-12-15,SKU-S-01,Snacks,182,1
2023-12-16,SKU-S-01,Snacks,83,0
2023-12-17,SKU-S-01,Snacks,73,0
2023-12-18,SKU-S-01,Snacks,104,1
2023-12-19,SKU-S-01,Snacks,83,1
2023-12-20,SKU-S-01,Snacks,69,0
2023-12-21,SKU-S-01,Snacks,28,0
2023-12-22,SKU-S-01,Snacks,71,0
2023-12-23,SKU-S-01,Snacks,170,0
2023-12-24,SKU-S-01,Snacks,12,0
2023-12-25,SKU-S-01,Snacks,29,0
2023-12-26,SKU-S-01,Snacks,49,0
2023-12-27,SKU-S-01,Snacks,66,0
2023-12-28,SKU-S-01,Snacks,29,0
2023-12-29,SKU-S-01,Snacks,57,0
2023-12-30,SKU-S-01,Snacks,58,0
2023-12-31,SKU-S-01,Snacks,241,1
2024-01-01,SKU-S-01,Snacks,52,0
2024-01-02,SKU-S-01,Snacks,36,0
2024-01-03,SKU-S-01,Snacks,61,0
2024-01-04,SKU-S-01,Snacks,35,0
2024-01-05,SKU-S-01,Snacks,57,0
2024-01-06,SKU-S-01,Snacks,148,0
2024-01-07,SKU-S-01,Snacks,135,0
2024-01-08,SKU-S-01,Snacks,23,0
2024-01-09,SKU-S-01,Snacks,41,0
2024-01-10,SKU-S-01,Snacks,49,0
2024-01-11,SKU-S-01,Snacks,24,0
2024-01-12,SKU-S-01,Snacks,114,0
2024-01-13,SKU-S-01,Snacks,30,0
2024-01-14,SKU-S-01,Snacks,198,1
2024-01-15,SKU-S-01,Snacks,15,0
2024-01-16,SKU-S-01,Snacks,17,0
2024-01-17,SKU-S-01,Snacks,42,0
2024-01-18,SKU-S-01,Snacks,32,0
2024-01-19,SKU-S-01,Snacks,16,0
2024-01-20,SKU-S-01,Snacks,137,0
2024-01-21,SKU-S-01,Snacks,57,0
2024-01-22,SKU-S-01,Snacks,19,0
2024-01-23,SKU-S-01,Snacks,20,0
2024-01-24,SKU-S-01,Snacks,42,0
2024-01-25,SKU-S-01,Snacks,58,0
2024-01-26,SKU-S-01,Snacks,58,0
2024-01-27,SKU-S-01,Snacks,41,0
2024-01-28,SKU-S-01,Snacks,49,0
2024-01-29,SKU-S-01,Snacks,35,0
2024-01-30,SKU-S-01,Snacks,15,0
2024-01-31,SKU-S-01,Snacks,13,0
2024-02-01,SKU-S-01,Snacks,36,0
2024-02-02,SKU-S-01,Snacks,35,0
2024-02-03,SKU-S-01,Snacks,14,0
2024-02-04,SKU-S-01,Snacks,58,0
2024-02-05,SKU-S-01,Snacks,28,0
2024-02-06,SKU-S-01,Snacks,67,0
2024-02-07,SKU-S-01,Snacks,33,0
2024-02-08,SKU-S-01,Snacks,28,0
2024-02-09,SKU-S-01,Snacks,70,0
2024-02-10,SKU-S-01,Snacks,45,0
2024-02-11,SKU-S-01,Snacks,29,0
2024-02-12,SKU-S-01,Snacks,68,1
2024-02-13,SKU-S-01,Snacks,2,0
2024-02-14,SKU-S-01,Snacks,57,0
2024-02-15,SKU-S-01,Snacks,92,0
2024-02-16,SKU-S-01,Snacks,30,0
2024-02-17,SKU-S-01,Snacks,30,0
2024-02-18,SKU-S-01,Snacks,24,0
2024-02-19,SKU-S-01,Snacks,45,0
2024-02-20,SKU-S-01,Snacks,45,0
2024-02-21,SKU-S-01,Snacks,38,0
2024-02-22,SKU-S-01,Snacks,34,0
2024-02-23,SKU-S-01,Snacks,60,0
2024-02-24,SKU-S-01,Snacks,93,0
2024-02-25,SKU-S-01,Snacks,67,0
2024-02-26,SKU-S-01,Snacks,29,1
2024-02-27,SKU-S-01,Snacks,27,0
2024-02-28,SKU-S-01,Snacks,25,0
2024-02-29,SKU-S-01,Snacks,31,0
2024-03-01,SKU-S-01,Snacks,98,1
2024-03-02,SKU-S-01,Snacks,57,0
2024-03-03,SKU-S-01,Snacks,35,1
2024-03-04,SKU-S-01,Snacks,14,0
2024-03-05,SKU-S-01,Snacks,30,0
2024-03-06,SKU-S-01,Snacks,28,0
2024-03-07,SKU-S-01,Snacks,37,0
2024-03-08,SKU-S-01,Snacks,33,0
2024-03-09,SKU-S-01,Snacks,6,0
2024-03-10,SKU-S-01,Snacks,33,0
2024-03-11,SKU-S-01,Snacks,25,0
2024-03-12,SKU-S-01,Snacks,12,0
2024-03-13,SKU-S-01,Snacks,28,0
2024-03-14,SKU-S-01,Snacks,42,0
2024-03-15,SKU-S-01,Snacks,44,0
2024-03-16,SKU-S-01,Snacks,34,0
2024-03-17,SKU-S-01,Snacks,27,0
2024-03-18,SKU-S-01,Snacks,23,0
2024-03-19,SKU-S-01,Snacks,14,0
2024-03-20,SKU-S-01,Snacks,21,0
2024-03-21,SKU-S-01,Snacks,16,0
2024-03-22,SKU-S-01,Snacks,40,0
2024-03-23,SKU-S-01,Snacks,25,0
2024-03-24,SKU-S-01,Snacks,97,1
2024-03-25,SKU-S-01,Snacks,25,0
2024-03-26,SKU-S-01,Snacks,19,0
2024-03-27,SKU-S-01,Snacks,40,0
2024-03-28,SKU-S-01,Snacks,59,0
2024-03-29,SKU-S-01,Snacks,56,0
2024-03-30,SKU-S-01,Snacks,59,0
2024-03-31,SKU-S-01,Snacks,38,0
2024-04-01,SKU-S-01,Snacks,40,0
2024-04-02,SKU-S-01,Snacks,34,0
2024-04-03,SKU-S-01,Snacks,13,0
2024-04-04,SKU-S-01,Snacks,28,0
2024-04-05,SKU-S-01,Snacks,147,1
2024-04-06,SKU-S-01,Snacks,79,0
2024-04-07,SKU-S-01,Snacks,115,1
2024-04-08,SKU-S-01,Snacks,30,0
2024-04-09,SKU-S-01,Snacks,10,0
2024-04-10,SKU-S-01,Snacks,14,0
2024-04-11,SKU-S-01,Snacks,30,0
2024-04-12,SKU-S-01,Snacks,45,0
2024-04-13,SKU-S-01,Snacks,83,0
2024-04-14,SKU-S-01,Snacks,43,0
2024-04-15,SKU-S-01,Snacks,57,0
2024-04-16,SKU-S-01,Snacks,49,0
2024-04-17,SKU-S-01,Snacks,48,0
2024-04-18,SKU-S-01,Snacks,23,0
2024-04-19,SKU-S-01,Snacks,66,0
2024-04-20,SKU-S-01,Snacks,40,0
2024-04-21,SKU-S-01,Snacks,60,0
2024-04-22,SKU-S-01,Snacks,46,0
2024-04-23,SKU-S-01,Snacks,52,0
2024-04-24,SKU-S-01,Snacks,30,0
2024-04-25,SKU-S-01,Snacks,7,0
2024-04-26,SKU-S-01,Snacks,21,0
2024-04-27,SKU-S-01,Snacks,21,0
2024-04-28,SKU-S-01,Snacks,52,0
2024-04-29,SKU-S-01,Snacks,33,0
2024-04-30,SKU-S-01,Snacks,44,0
2024-05-01,SKU-S-01,Snacks,66,0
2024-05-02,SKU-S-01,Snacks,42,0
2024-05-03,SKU-S-01,Snacks,24,0
2024-05-04,SKU-S-01,Snacks,40,0
2024-05-05,SKU-S-01,Snacks,101,1
2024-05-06,SKU-S-01,Snacks,32,0
2024-05-07,SKU-S-01,Snacks,52,1
2024-05-08,SKU-S-01,Snacks,29,1
2024-05-09,SKU-S-01,Snacks,72,1
2024-05-10,SKU-S-01,Snacks,23,0
2024-05-11,SKU-S-01,Snacks,94,1
2024-05-12,SKU-S-01,Snacks,12,0
2024-05-13,SKU-S-01,Snacks,68,0
2024-05-14,SKU-S-01,Snacks,13,0
2024-05-15,SKU-S-01,Snacks,25,0
2024-05-16,SKU-S-01,Snacks,19,0
2024-05-17,SKU-S-01,Snacks,10,0
2024-05-18,SKU-S-01,Snacks,47,0
2024-05-19,SKU-S-01,Snacks,36,0
2024-05-20,SKU-S-01,Snacks,48,0
2024-05-21,SKU-S-01,Snacks,17,0
2024-05-22,SKU-S-01,Snacks,17,0
2024-05-23,SKU-S-01,Snacks,42,0
2024-05-24,SKU-S-01,Snacks,33,0
2024-05-25,SKU-S-01,Snacks,50,0
2024-05-26,SKU-S-01,Snacks,5,0
2024-05-27,SKU-S-01,Snacks,13,0
2024-05-28,SKU-S-01,Snacks,22,0
2024-05-29,SKU-S-01,Snacks,11,0
2024-05-30,SKU-S-01,Snacks,11,0
2024-05-31,SKU-S-01,Snacks,158,1
2024-06-01,SKU-S-01,Snacks,57,0
2024-06-02,SKU-S-01,Snacks,32,0
2024-06-03,SKU-S-01,Snacks,55,0
2024-06-04,SKU-S-01,Snacks,19,0
2024-06-05,SKU-S-01,Snacks,25,0
2024-06-06,SKU-S-01,Snacks,70,1
2024-06-07,SKU-S-01,Snacks,87,0
2024-06-08,SKU-S-01,Snacks,50,0
2024-06-09,SKU-S-01,Snacks,22,0
2024-06-10,SKU-S-01,Snacks,71,1
2024-06-11,SKU-S-01,Snacks,59,0
2024-06-12,SKU-S-01,Snacks,17,0
2024-06-13,SKU-S-01,Snacks,32,0
2024-06-14,SKU-S-01,Snacks,25,0
2024-06-15,SKU-S-01,Snacks,96,0
2024-06-16,SKU-S-01,Snacks,24,0
2024-06-17,SKU-S-01,Snacks,26,0
2024-06-18,SKU-S-01,Snacks,73,1
2024-06-19,SKU-S-01,Snacks,30,0
2024-06-20,SKU-S-01,Snacks,39,0
2024-06-21,SKU-S-01,Snacks,30,0
2024-06-22,SKU-S-01,Snacks,48,0
2024-06-23,SKU-S-01,Snacks,25,0
2024-06-24,SKU-S-01,Snacks,57,0
2024-06-25,SKU-S-01,Snacks,9,0
2024-06-26,SKU-S-01,Snacks,26,0
2024-06-27,SKU-S-01,Snacks,26,0
2024-06-28,SKU-S-01,Snacks,75,0
2024-06-29,SKU-S-01,Snacks,64,0
2024-06-30,SKU-S-01,Snacks,45,0
2024-07-01,SKU-S-01,Snacks,79,1
2024-07-02,SKU-S-01,Snacks,41,0
2024-07-03,SKU-S-01,Snacks,70,0
2024-07-04,SKU-S-01,Snacks,41,0
2024-07-05,SKU-S-01,Snacks,37,1
2024-07-06,SKU-S-01,Snacks,51,0
2024-07-07,SKU-S-01,Snacks,50,0
2024-07-08,SKU-S-01,Snacks,43,0
2024-07-09,SKU-S-01,Snacks,28,0
2024-07-10,SKU-S-01,Snacks,24,0
2024-07-11,SKU-S-01,Snacks,73,1
2024-07-12,SKU-S-01,Snacks,43,0
2024-07-13,SKU-S-01,Snacks,26,0
2024-07-14,SKU-S-01,Snacks,57,1
2024-07-15,SKU-S-01,Snacks,107,1
2024-07-16,SKU-S-01,Snacks,21,0
2024-07-17,SKU-S-01,Snacks,100,1
2024-07-18,SKU-S-01,Snacks,53,0
2024-07-19,SKU-S-01,Snacks,46,0
2024-07-20,SKU-S-01,Snacks,21,0
2024-07-21,SKU-S-01,Snacks,54,0
2024-07-22,SKU-S-01,Snacks,44,1
2024-07-23,SKU-S-01,Snacks,88,0
2024-07-24,SKU-S-01,Snacks,23,0
2024-07-25,SKU-S-01,Snacks,42,1
2024-07-26,SKU-S-01,Snacks,21,0
2024-07-27,SKU-S-01,Snacks,61,0
2024-07-28,SKU-S-01,Snacks,72,0
2024-07-29,SKU-S-01,Snacks,44,0
2024-07-30,SKU-S-01,Snacks,37,0
2024-07-31,SKU-S-01,Snacks,29,0
2024-08-01,SKU-S-01,Snacks,23,0
2024-08-02,SKU-S-01,Snacks,96,1
2024-08-03,SKU-S-01,Snacks,48,0
2024-08-04,SKU-S-01,Snacks,79,0
2024-08-05,SKU-S-01,Snacks,21,0
2024-08-06,SKU-S-01,Snacks,125,1
2024-08-07,SKU-S-01,Snacks,18,0
2024-08-08,SKU-S-01,Snacks,25,0
2024-08-09,SKU-S-01,Snacks,17,0
2024-08-10,SKU-S-01,Snacks,25,0
2024-08-11,SKU-S-01,Snacks,53,0
2024-08-12,SKU-S-01,Snacks,25,0
2024-08-13,SKU-S-01,Snacks,34,0
2024-08-14,SKU-S-01,Snacks,52,0
2024-08-15,SKU-S-01,Snacks,18,0
2024-08-16,SKU-S-01,Snacks,35,0
2024-08-17,SKU-S-01,Snacks,59,0
2024-08-18,SKU-S-01,Snacks,104,0
2024-08-19,SKU-S-01,Snacks,26,0
2024-08-20,SKU-S-01,Snacks,16,0
2024-08-21,SKU-S-01,Snacks,17,0
2024-08-22,SKU-S-01,Snacks,67,0
2024-08-23,SKU-S-01,Snacks,51,0
2024-08-24,SKU-S-01,Snacks,97,0
2024-08-25,SKU-S-01,Snacks,30,0
2024-08-26,SKU-S-01,Snacks,19,0
2024-08-27,SKU-S-01,Snacks,21,0
2024-08-28,SKU-S-01,Snacks,29,0
2024-08-29,SKU-S-01,Snacks,77,0
2024-08-30,SKU-S-01,Snacks,61,0
2024-08-31,SKU-S-01,Snacks,29,0
2024-09-01,SKU-S-01,Snacks,39,0
2024-09-02,SKU-S-01,Snacks,17,0
2024-09-03,SKU-S-01,Snacks,13,0
2024-09-04,SKU-S-01,Snacks,29,0
2024-09-05,SKU-S-01,Snacks,20,0
2024-09-06,SKU-S-01,Snacks,67,0
2024-09-07,SKU-S-01,Snacks,42,0
2024-09-08,SKU-S-01,Snacks,19,0
2024-09-09,SKU-S-01,Snacks,45,0
2024-09-10,SKU-S-01,Snacks,22,0
2024-09-11,SKU-S-01,Snacks,47,0
2024-09-12,SKU-S-01,Snacks,63,1
2024-09-13,SKU-S-01,Snacks,64,0
2024-09-14,SKU-S-01,Snacks,83,0
2024-09-15,SKU-S-01,Snacks,69,0
2024-09-16,SKU-S-01,Snacks,48,0
2024-09-17,SKU-S-01,Snacks,57,1
2024-09-18,SKU-S-01,Snacks,16,0
2024-09-19,SKU-S-01,Snacks,25,0
2024-09-20,SKU-S-01,Snacks,43,0
2024-09-21,SKU-S-01,Snacks,48,0
2024-09-22,SKU-S-01,Snacks,83,1
2024-09-23,SKU-S-01,Snacks,18,0
2024-09-24,SKU-S-01,Snacks,29,0
2024-09-25,SKU-S-01,Snacks,32,0
2024-09-26,SKU-S-01,Snacks,19,0
2024-09-27,SKU-S-01,Snacks,70,0
2024-09-28,SKU-S-01,Snacks,26,0
2024-09-29,SKU-S-01,Snacks,54,0
2024-09-30,SKU-S-01,Snacks,27,0
2024-10-01,SKU-S-01,Snacks,27,0
2024-10-02,SKU-S-01,Snacks,63,1
2024-10-03,SKU-S-01,Snacks,31,0
2024-10-04,SKU-S-01,Snacks,40,0
2024-10-05,SKU-S-01,Snacks,35,0
2024-10-06,SKU-S-01,Snacks,56,0
2024-10-07,SKU-S-01,Snacks,29,0
2024-10-08,SKU-S-01,Snacks,38,0
2024-10-09,SKU-S-01,Snacks,44,0
2024-10-10,SKU-S-01,Snacks,125,1
2024-10-11,SKU-S-01,Snacks,12,0
2024-10-12,SKU-S-01,Snacks,26,0
2024-10-13,SKU-S-01,Snacks,77,0
2024-10-14,SKU-S-01,Snacks,56,0
2024-10-15,SKU-S-01,Snacks,24,0
2024-10-16,SKU-S-01,Snacks,27,0
2024-10-17,SKU-S-01,Snacks,47,0
2024-10-18,SKU-S-01,Snacks,19,0
2024-10-19,SKU-S-01,Snacks,23,0
2024-10-20,SKU-S-01,Snacks,27,0
2024-10-21,SKU-S-01,Snacks,10,0
2024-10-22,SKU-S-01,Snacks,43,1
2024-10-23,SKU-S-01,Snacks,45,0
2024-10-24,SKU-S-01,Snacks,34,0
2024-10-25,SKU-S-01,Snacks,50,0
2024-10-26,SKU-S-01,Snacks,58,0
2024-10-27,SKU-S-01,Snacks,52,0
2024-10-28,SKU-S-01,Snacks,32,0
2024-10-29,SKU-S-01,Snacks,24,1
2024-10-30,SKU-S-01,Snacks,36,0
2024-10-31,SKU-S-01,Snacks,64,0
2024-11-01,SKU-S-01,Snacks,18,0
2024-11-02,SKU-S-01,Snacks,34,0
2024-11-03,SKU-S-01,Snacks,3,0
2024-11-04,SKU-S-01,Snacks,31,0
2024-11-05,SKU-S-01,Snacks,22,0
2024-11-06,SKU-S-01,Snacks,29,0
2024-11-07,SKU-S-01,Snacks,59,0
2024-11-08,SKU-S-01,Snacks,56,0
2024-11-09,SKU-S-01,Snacks,50,0
2024-11-10,SKU-S-01,Snacks,167,1
2024-11-11,SKU-S-01,Snacks,97,0
2024-11-12,SKU-S-01,Snacks,41,1
2024-11-13,SKU-S-01,Snacks,12,0
2024-11-14,SKU-S-01,Snacks,122,0
2024-11-15,SKU-S-01,Snacks,41,0
2024-11-16,SKU-S-01,Snacks,32,0
2024-11-17,SKU-S-01,Snacks,147,1
2024-11-18,SKU-S-01,Snacks,30,0
2024-11-19,SKU-S-01,Snacks,41,0
2024-11-20,SKU-S-01,Snacks,44,0
2024-11-21,SKU-S-01,Snacks,42,0
2024-11-22,SKU-S-01,Snacks,32,0
2024-11-23,SKU-S-01,Snacks,39,0
2024-11-24,SKU-S-01,Snacks,25,0
2024-11-25,SKU-S-01,Snacks,41,0
2024-11-26,SKU-S-01,Snacks,20,0
2024-11-27,SKU-S-01,Snacks,38,0
2024-11-28,SKU-S-01,Snacks,75,0
2024-11-29,SKU-S-01,Snacks,210,0
2024-11-30,SKU-S-01,Snacks,149,0
2024-12-01,SKU-S-01,Snacks,39,0
2024-12-02,SKU-S-01,Snacks,49,0
2024-12-03,SKU-S-01,Snacks,30,0
2024-12-04,SKU-S-01,Snacks,10,0
2024-12-05,SKU-S-01,Snacks,50,0
2024-12-06,SKU-S-01,Snacks,115,1
2024-12-07,SKU-S-01,Snacks,99,0
2024-12-08,SKU-S-01,Snacks,51,0
2024-12-09,SKU-S-01,Snacks,61,1
2024-12-10,SKU-S-01,Snacks,55,0
2024-12-11,SKU-S-01,Snacks,29,0
2024-12-12,SKU-S-01,Snacks,46,0
2024-12-13,SKU-S-01,Snacks,73,0
2024-12-14,SKU-S-01,Snacks,86,0
2024-12-15,SKU-S-01,Snacks,51,0
2024-12-16,SKU-S-01,Snacks,24,0
2024-12-17,SKU-S-01,Snacks,10,0
2024-12-18,SKU-S-01,Snacks,40,0
2024-12-19,SKU-S-01,Snacks,61,0
2024-12-20,SKU-S-01,Snacks,81,0
2024-12-21,SKU-S-01,Snacks,183,1
2024-12-22,SKU-S-01,Snacks,18,0
2024-12-23,SKU-S-01,Snacks,15,0
2024-12-24,SKU-S-01,Snacks,37,0
2024-12-25,SKU-S-01,Snacks,19,0
2024-12-26,SKU-S-01,Snacks,44,0
2024-12-27,SKU-S-01,Snacks,201,1
2024-12-28,SKU-S-01,Snacks,28,0
2024-12-29,SKU-S-01,Snacks,62,0
2024-12-30,SKU-S-01,Snacks,52,0
2024-12-31,SKU-S-01,Snacks,40,0
2025-01-01,SKU-S-01,Snacks,57,1
2025-01-02,SKU-S-01,Snacks,17,0
2025-01-03,SKU-S-01,Snacks,48,0
2025-01-04,SKU-S-01,Snacks,112,1
2025-01-05,SKU-S-01,Snacks,51,0
2025-01-06,SKU-S-01,Snacks,54,0
2025-01-07,SKU-S-01,Snacks,39,0
2025-01-08,SKU-S-01,Snacks,32,0
2025-01-09,SKU-S-01,Snacks,63,0
2025-01-10,SKU-S-01,Snacks,204,1
2025-01-11,SKU-S-01,Snacks,72,0
2025-01-12,SKU-S-01,Snacks,45,0
2025-01-13,SKU-S-01,Snacks,37,0
2025-01-14,SKU-S-01,Snacks,20,0
2025-01-15,SKU-S-01,Snacks,42,0
2025-01-16,SKU-S-01,Snacks,22,0
2025-01-17,SKU-S-01,Snacks,45,1
2025-01-18,SKU-S-01,Snacks,102,1
2025-01-19,SKU-S-01,Snacks,41,0
2025-01-20,SKU-S-01,Snacks,50,0
2025-01-21,SKU-S-01,Snacks,129,1
2025-01-22,SKU-S-01,Snacks,90,1
2025-01-23,SKU-S-01,Snacks,34,0
2025-01-24,SKU-S-01,Snacks,39,0
2025-01-25,SKU-S-01,Snacks,26,0
2025-01-26,SKU-S-01,Snacks,35,0
2025-01-27,SKU-S-01,Snacks,26,0
2025-01-28,SKU-S-01,Snacks,68,1
2025-01-29,SKU-S-01,Snacks,23,0
2025-01-30,SKU-S-01,Snacks,45,0
2025-01-31,SKU-S-01,Snacks,40,0
2025-02-01,SKU-S-01,Snacks,21,0
2025-02-02,SKU-S-01,Snacks,101,1
2025-02-03,SKU-S-01,Snacks,43,0
2025-02-04,SKU-S-01,Snacks,42,0
2025-02-05,SKU-S-01,Snacks,21,0
2025-02-06,SKU-S-01,Snacks,31,0
2025-02-07,SKU-S-01,Snacks,67,0
2025-02-08,SKU-S-01,Snacks,46,0
2025-02-09,SKU-S-01,Snacks,39,0
2025-02-10,SKU-S-01,Snacks,63,0
2025-02-11,SKU-S-01,Snacks,29,0
2025-02-12,SKU-S-01,Snacks,15,0
2025-02-13,SKU-S-01,Snacks,59,1
2025-02-14,SKU-S-01,Snacks,76,1
2025-02-15,SKU-S-01,Snacks,64,0
2025-02-16,SKU-S-01,Snacks,39,0
2025-02-17,SKU-S-01,Snacks,69,1
2025-02-18,SKU-S-01,Snacks,32,1
2025-02-19,SKU-S-01,Snacks,23,0
2025-02-20,SKU-S-01,Snacks,7,0
2025-02-21,SKU-S-01,Snacks,21,0
2025-02-22,SKU-S-01,Snacks,42,0
2025-02-23,SKU-S-01,Snacks,52,0
2025-02-24,SKU-S-01,Snacks,80,1
2025-02-25,SKU-S-01,Snacks,36,0
2025-02-26,SKU-S-01,Snacks,13,0
2025-02-27,SKU-S-01,Snacks,16,0
2025-02-28,SKU-S-01,Snacks,59,0
2025-03-01,SKU-S-01,Snacks,131,0
2025-03-02,SKU-S-01,Snacks,74,0
2025-03-03,SKU-S-01,Snacks,39,0
2025-03-04,SKU-S-01,Snacks,37,0
2025-03-05,SKU-S-01,Snacks,7,0
2025-03-06,SKU-S-01,Snacks,27,0
2025-03-07,SKU-S-01,Snacks,34,0
2025-03-08,SKU-S-01,Snacks,58,0
2025-03-09,SKU-S-01,Snacks,46,0
2025-03-10,SKU-S-01,Snacks,29,0
2025-03-11,SKU-S-01,Snacks,9,0
2025-03-12,SKU-S-01,Snacks,73,0
2025-03-13,SKU-S-01,Snacks,15,0
2025-03-14,SKU-S-01,Snacks,131,1
2025-03-15,SKU-S-01,Snacks,76,1
2025-03-16,SKU-S-01,Snacks,44,0
2025-03-17,SKU-S-01,Snacks,30,0
2025-03-18,SKU-S-01,Snacks,14,0
2025-03-19,SKU-S-01,Snacks,13,0
2025-03-20,SKU-S-01,Snacks,18,0
2025-03-21,SKU-S-01,Snacks,28,0
2025-03-22,SKU-S-01,Snacks,34,0
2025-03-23,SKU-S-01,Snacks,32,0
2025-03-24,SKU-S-01,Snacks,139,1
2025-03-25,SKU-S-01,Snacks,39,0
2025-03-26,SKU-S-01,Snacks,41,0
2025-03-27,SKU-S-01,Snacks,24,0
2025-03-28,SKU-S-01,Snacks,86,1
2025-03-29,SKU-S-01,Snacks,117,0
2025-03-30,SKU-S-01,Snacks,56,0
2025-03-31,SKU-S-01,Snacks,33,0
2025-04-01,SKU-S-01,Snacks,51,0
2025-04-02,SKU-S-01,Snacks,20,0
2025-04-03,SKU-S-01,Snacks,43,0
2025-04-04,SKU-S-01,Snacks,109,1
2025-04-05,SKU-S-01,Snacks,61,0
2025-04-06,SKU-S-01,Snacks,20,0
2025-04-07,SKU-S-01,Snacks,24,0
2025-04-08,SKU-S-01,Snacks,27,0
2025-04-09,SKU-S-01,Snacks,64,0
2025-04-10,SKU-S-01,Snacks,15,0
2025-04-11,SKU-S-01,Snacks,29,0
2025-04-12,SKU-S-01,Snacks,54,0
2025-04-13,SKU-S-01,Snacks,68,0
2025-04-14,SKU-S-01,Snacks,52,1
2025-04-15,SKU-S-01,Snacks,36,0
2025-04-16,SKU-S-01,Snacks,95,1
2025-04-17,SKU-S-01,Snacks,4,0
2025-04-18,SKU-S-01,Snacks,36,0
2025-04-19,SKU-S-01,Snacks,67,0
2025-04-20,SKU-S-01,Snacks,35,0
2025-04-21,SKU-S-01,Snacks,28,0
2025-04-22,SKU-S-01,Snacks,68,1
2025-04-23,SKU-S-01,Snacks,22,0
2025-04-24,SKU-S-01,Snacks,47,1
2025-04-25,SKU-S-01,Snacks,26,0
2025-04-26,SKU-S-01,Snacks,56,1
2025-04-27,SKU-S-01,Snacks,46,0
2025-04-28,SKU-S-01,Snacks,54,1
2025-04-29,SKU-S-01,Snacks,35,0
2025-04-30,SKU-S-01,Snacks,13,0
2025-05-01,SKU-S-01,Snacks,31,0
2025-05-02,SKU-S-01,Snacks,59,0
2025-05-03,SKU-S-01,Snacks,36,0
2025-05-04,SKU-S-01,Snacks,91,0
2025-05-05,SKU-S-01,Snacks,19,0
2025-05-06,SKU-S-01,Snacks,15,0
2025-05-07,SKU-S-01,Snacks,22,0
2025-05-08,SKU-S-01,Snacks,47,0
2025-05-09,SKU-S-01,Snacks,18,0
2025-05-10,SKU-S-01,Snacks,15,0
2025-05-11,SKU-S-01,Snacks,21,0
2025-05-12,SKU-S-01,Snacks,39,0
2025-05-13,SKU-S-01,Snacks,24,0
2025-05-14,SKU-S-01,Snacks,45,0
2025-05-15,SKU-S-01,Snacks,39,1
2025-05-16,SKU-S-01,Snacks,19,0
2025-05-17,SKU-S-01,Snacks,51,0
2025-05-18,SKU-S-01,Snacks,78,0
2025-05-19,SKU-S-01,Snacks,13,0
2025-05-20,SKU-S-01,Snacks,45,1
2025-05-21,SKU-S-01,Snacks,24,1
2025-05-22,SKU-S-01,Snacks,20,0
2025-05-23,SKU-S-01,Snacks,104,1
2025-05-24,SKU-S-01,Snacks,37,0
2025-05-25,SKU-S-01,Snacks,18,0
2025-05-26,SKU-S-01,Snacks,88,1
2025-05-27,SKU-S-01,Snacks,28,0
2025-05-28,SKU-S-01,Snacks,22,0
2025-05-29,SKU-S-01,Snacks,61,0
2025-05-30,SKU-S-01,Snacks,11,0
2025-05-31,SKU-S-01,Snacks,57,0
2025-06-01,SKU-S-01,Snacks,44,0
2025-06-02,SKU-S-01,Snacks,24,0
2025-06-03,SKU-S-01,Snacks,12,0
2025-06-04,SKU-S-01,Snacks,102,1
2025-06-05,SKU-S-01,Snacks,54,0
2025-06-06,SKU-S-01,Snacks,64,0
2025-06-07,SKU-S-01,Snacks,146,1
2025-06-08,SKU-S-01,Snacks,99,0
2025-06-09,SKU-S-01,Snacks,28,0
2025-06-10,SKU-S-01,Snacks,44,0
2025-06-11,SKU-S-01,Snacks,129,1
2025-06-12,SKU-S-01,Snacks,26,0
2025-06-13,SKU-S-01,Snacks,34,0
2025-06-14,SKU-S-01,Snacks,26,0
2025-06-15,SKU-S-01,Snacks,62,0
2025-06-16,SKU-S-01,Snacks,50,0
2025-06-17,SKU-S-01,Snacks,152,1
2025-06-18,SKU-S-01,Snacks,10,0
2025-06-19,SKU-S-01,Snacks,86,0
2025-06-20,SKU-S-01,Snacks,42,0
2025-06-21,SKU-S-01,Snacks,21,0
2025-06-22,SKU-S-01,Snacks,24,0
2025-06-23,SKU-S-01,Snacks,20,0
2025-06-24,SKU-S-01,Snacks,25,0
2025-06-25,SKU-S-01,Snacks,27,0
2025-06-26,SKU-S-01,Snacks,29,0
2025-06-27,SKU-S-01,Snacks,57,0
2025-06-28,SKU-S-01,Snacks,52,0
2025-06-29,SKU-S-01,Snacks,48,0
2025-06-30,SKU-S-01,Snacks,40,0
2025-07-01,SKU-S-01,Snacks,71,1
2023-01-01,SKU-S-02,Snacks,151,0
2023-01-02,SKU-S-02,Snacks,23,0
2023-01-03,SKU-S-02,Snacks,52,0
2023-01-04,SKU-S-02,Snacks,115,1
2023-01-05,SKU-S-02,Snacks,39,0
2023-01-06,SKU-S-02,Snacks,105,0
2023-01-07,SKU-S-02,Snacks,189,1
2023-01-08,SKU-S-02,Snacks,62,0
2023-01-09,SKU-S-02,Snacks,153,0
2023-01-10,SKU-S-02,Snacks,81,0
2023-01-11,SKU-S-02,Snacks,90,0
2023-01-12,SKU-S-02,Snacks,113,0
2023-01-13,SKU-S-02,Snacks,136,1
2023-01-14,SKU-S-02,Snacks,74,0
2023-01-15,SKU-S-02,Snacks,362,1
2023-01-16,SKU-S-02,Snacks,57,0
2023-01-17,SKU-S-02,Snacks,45,0
2023-01-18,SKU-S-02,Snacks,53,0
2023-01-19,SKU-S-02,Snacks,273,1
2023-01-20,SKU-S-02,Snacks,43,0
2023-01-21,SKU-S-02,Snacks,36,0
2023-01-22,SKU-S-02,Snacks,101,0
2023-01-23,SKU-S-02,Snacks,89,0
2023-01-24,SKU-S-02,Snacks,99,1
2023-01-25,SKU-S-02,Snacks,46,0
2023-01-26,SKU-S-02,Snacks,98,0
2023-01-27,SKU-S-02,Snacks,62,0
2023-01-28,SKU-S-02,Snacks,105,0
2023-01-29,SKU-S-02,Snacks,76,0
2023-01-30,SKU-S-02,Snacks,71,0
2023-01-31,SKU-S-02,Snacks,56,0
2023-02-01,SKU-S-02,Snacks,58,0
2023-02-02,SKU-S-02,Snacks,196,1
2023-02-03,SKU-S-02,Snacks,68,0
2023-02-04,SKU-S-02,Snacks,50,1
2023-02-05,SKU-S-02,Snacks,41,0
2023-02-06,SKU-S-02,Snacks,58,0
2023-02-07,SKU-S-02,Snacks,93,0
2023-02-08,SKU-S-02,Snacks,36,0
2023-02-09,SKU-S-02,Snacks,51,0
2023-02-10,SKU-S-02,Snacks,52,0
2023-02-11,SKU-S-02,Snacks,87,0
2023-02-12,SKU-S-02,Snacks,88,0
2023-02-13,SKU-S-02,Snacks,32,0
2023-02-14,SKU-S-02,Snacks,44,0
2023-02-15,SKU-S-02,Snacks,37,0
2023-02-16,SKU-S-02,Snacks,46,0
2023-02-17,SKU-S-02,Snacks,32,0
2023-02-18,SKU-S-02,Snacks,122,0
2023-02-19,SKU-S-02,Snacks,186,1
2023-02-20,SKU-S-02,Snacks,5,0
2023-02-21,SKU-S-02,Snacks,31,0
2023-02-22,SKU-S-02,Snacks,63,0
2023-02-23,SKU-S-02,Snacks,94,1
2023-02-24,SKU-S-02,Snacks,45,0
2023-02-25,SKU-S-02,Snacks,41,0
2023-02-26,SKU-S-02,Snacks,30,0
2023-02-27,SKU-S-02,Snacks,42,0
2023-02-28,SKU-S-02,Snacks,105,1
2023-03-01,SKU-S-02,Snacks,40,0
2023-03-02,SKU-S-02,Snacks,58,0
2023-03-03,SKU-S-02,Snacks,136,0
2023-03-04,SKU-S-02,Snacks,120,0
2023-03-05,SKU-S-02,Snacks,51,0
2023-03-06,SKU-S-02,Snacks,36,0
2023-03-07,SKU-S-02,Snacks,74,1
2023-03-08,SKU-S-02,Snacks,81,0
2023-03-09,SKU-S-02,Snacks,64,0
2023-03-10,SKU-S-02,Snacks,36,0
2023-03-11,SKU-S-02,Snacks,169,1
2023-03-12,SKU-S-02,Snacks,57,0
2023-03-13,SKU-S-02,Snacks,21,0
2023-03-14,SKU-S-02,Snacks,184,1
2023-03-15,SKU-S-02,Snacks,33,0
2023-03-16,SKU-S-02,Snacks,37,0
2023-03-17,SKU-S-02,Snacks,114,1
2023-03-18,SKU-S-02,Snacks,24,0
2023-03-19,SKU-S-02,Snacks,43,0
2023-03-20,SKU-S-02,Snacks,36,0
2023-03-21,SKU-S-02,Snacks,43,0
2023-03-22,SKU-S-02,Snacks,141,0
2023-03-23,SKU-S-02,Snacks,109,0
2023-03-24,SKU-S-02,Snacks,62,0
2023-03-25,SKU-S-02,Snacks,115,0
2023-03-26,SKU-S-02,Snacks,140,1
2023-03-27,SKU-S-02,Snacks,18,0
2023-03-28,SKU-S-02,Snacks,75,0
2023-03-29,SKU-S-02,Snacks,34,0
2023-03-30,SKU-S-02,Snacks,57,0
2023-03-31,SKU-S-02,Snacks,43,0
2023-04-01,SKU-S-02,Snacks,64,0
2023-04-02,SKU-S-02,Snacks,71,0
2023-04-03,SKU-S-02,Snacks,30,0
2023-04-04,SKU-S-02,Snacks,25,0
2023-04-05,SKU-S-02,Snacks,42,0
2023-04-06,SKU-S-02,Snacks,56,0
2023-04-07,SKU-S-02,Snacks,58,0
2023-04-08,SKU-S-02,Snacks,65,0
2023-04-09,SKU-S-02,Snacks,130,0
2023-04-10,SKU-S-02,Snacks,52,0
2023-04-11,SKU-S-02,Snacks,41,0
2023-04-12,SKU-S-02,Snacks,72,0
2023-04-13,SKU-S-02,Snacks,66,0
2023-04-14,SKU-S-02,Snacks,71,1
2023-04-15,SKU-S-02,Snacks,77,0
2023-04-16,SKU-S-02,Snacks,23,0
2023-04-17,SKU-S-02,Snacks,56,0
2023-04-18,SKU-S-02,Snacks,46,0
2023-04-19,SKU-S-02,Snacks,63,0
2023-04-20,SKU-S-02,Snacks,38,0
2023-04-21,SKU-S-02,Snacks,53,0
2023-04-22,SKU-S-02,Snacks,79,0
2023-04-23,SKU-S-02,Snacks,61,0
2023-04-24,SKU-S-02,Snacks,68,0
2023-04-25,SKU-S-02,Snacks,51,0
2023-04-26,SKU-S-02,Snacks,68,0
2023-04-27,SKU-S-02,Snacks,39,0
2023-04-28,SKU-S-02,Snacks,35,0
2023-04-29,SKU-S-02,Snacks,91,0
2023-04-30,SKU-S-02,Snacks,101,0
2023-05-01,SKU-S-02,Snacks,81,0
2023-05-02,SKU-S-02,Snacks,19,0
2023-05-03,SKU-S-02,Snacks,48,0
2023-05-04,SKU-S-02,Snacks,105,0
2023-05-05,SKU-S-02,Snacks,90,0
2023-05-06,SKU-S-02,Snacks,53,0
2023-05-07,SKU-S-02,Snacks,52,0
2023-05-08,SKU-S-02,Snacks,75,0
2023-05-09,SKU-S-02,Snacks,31,0
2023-05-10,SKU-S-02,Snacks,27,0
2023-05-11,SKU-S-02,Snacks,41,0
2023-05-12,SKU-S-02,Snacks,129,1
2023-05-13,SKU-S-02,Snacks,123,0
2023-05-14,SKU-S-02,Snacks,51,0
2023-05-15,SKU-S-02,Snacks,56,0
2023-05-16,SKU-S-02,Snacks,40,0
2023-05-17,SKU-S-02,Snacks,28,0
2023-05-18,SKU-S-02,Snacks,54,0
2023-05-19,SKU-S-02,Snacks,96,0
2023-05-20,SKU-S-02,Snacks,112,0
2023-05-21,SKU-S-02,Snacks,115,0
2023-05-22,SKU-S-02,Snacks,78,0
2023-05-23,SKU-S-02,Snacks,30,0
2023-05-24,SKU-S-02,Snacks,43,0
2023-05-25,SKU-S-02,Snacks,19,0
2023-05-26,SKU-S-02,Snacks,87,0
2023-05-27,SKU-S-02,Snacks,59,0
2023-05-28,SKU-S-02,Snacks,62,0
2023-05-29,SKU-S-02,Snacks,39,0
2023-05-30,SKU-S-02,Snacks,83,0
2023-05-31,SKU-S-02,Snacks,47,0
2023-06-01,SKU-S-02,Snacks,59,0
2023-06-02,SKU-S-02,Snacks,45,0
2023-06-03,SKU-S-02,Snacks,56,0
2023-06-04,SKU-S-02,Snacks,102,0
2023-06-05,SKU-S-02,Snacks,19,0
2023-06-06,SKU-S-02,Snacks,41,0
2023-06-07,SKU-S-02,Snacks,37,0
2023-06-08,SKU-S-02,Snacks,54,0
2023-06-09,SKU-S-02,Snacks,36,0
2023-06-10,SKU-S-02,Snacks,71,0
2023-06-11,SKU-S-02,Snacks,83,0
2023-06-12,SKU-S-02,Snacks,17,0
2023-06-13,SKU-S-02,Snacks,68,0
2023-06-14,SKU-S-02,Snacks,48,1
2023-06-15,SKU-S-02,Snacks,80,0
2023-06-16,SKU-S-02,Snacks,58,0
2023-06-17,SKU-S-02,Snacks,50,0
2023-06-18,SKU-S-02,Snacks,62,0
2023-06-19,SKU-S-02,Snacks,102,0
2023-06-20,SKU-S-02,Snacks,18,0
2023-06-21,SKU-S-02,Snacks,66,0
2023-06-22,SKU-S-02,Snacks,90,0
2023-06-23,SKU-S-02,Snacks,153,1
2023-06-24,SKU-S-02,Snacks,27,0
2023-06-25,SKU-S-02,Snacks,37,0
2023-06-26,SKU-S-02,Snacks,47,0
2023-06-27,SKU-S-02,Snacks,47,0
2023-06-28,SKU-S-02,Snacks,151,1
2023-06-29,SKU-S-02,Snacks,45,0
2023-06-30,SKU-S-02,Snacks,88,0
2023-07-01,SKU-S-02,Snacks,72,0
2023-07-02,SKU-S-02,Snacks,79,0
2023-07-03,SKU-S-02,Snacks,57,0
2023-07-04,SKU-S-02,Snacks,16,0
2023-07-05,SKU-S-02,Snacks,83,0
2023-07-06,SKU-S-02,Snacks,53,0
2023-07-07,SKU-S-02,Snacks,135,0
2023-07-08,SKU-S-02,Snacks,66,0
2023-07-09,SKU-S-02,Snacks,38,0
2023-07-10,SKU-S-02,Snacks,75,1
2023-07-11,SKU-S-02,Snacks,50,0
2023-07-12,SKU-S-02,Snacks,24,0
2023-07-13,SKU-S-02,Snacks,28,0
2023-07-14,SKU-S-02,Snacks,80,0
2023-07-15,SKU-S-02,Snacks,13,0
2023-07-16,SKU-S-02,Snacks,45,0
2023-07-17,SKU-S-02,Snacks,129,1
2023-07-18,SKU-S-02,Snacks,20,0
2023-07-19,SKU-S-02,Snacks,64,0
2023-07-20,SKU-S-02,Snacks,46,0
2023-07-21,SKU-S-02,Snacks,58,0
2023-07-22,SKU-S-02,Snacks,38,0
2023-07-23,SKU-S-02,Snacks,71,0
2023-07-24,SKU-S-02,Snacks,209,1
2023-07-25,SKU-S-02,Snacks,71,0
2023-07-26,SKU-S-02,Snacks,61,0
2023-07-27,SKU-S-02,Snacks,23,0
2023-07-28,SKU-S-02,Snacks,53,0
2023-07-29,SKU-S-02,Snacks,88,0
2023-07-30,SKU-S-02,Snacks,84,1
2023-07-31,SKU-S-02,Snacks,33,0
2023-08-01,SKU-S-02,Snacks,69,0
2023-08-02,SKU-S-02,Snacks,17,1
2023-08-03,SKU-S-02,Snacks,55,0
2023-08-04,SKU-S-02,Snacks,122,1
2023-08-05,SKU-S-02,Snacks,66,0
2023-08-06,SKU-S-02,Snacks,41,0
2023-08-07,SKU-S-02,Snacks,44,0
2023-08-08,SKU-S-02,Snacks,44,0
2023-08-09,SKU-S-02,Snacks,43,0
2023-08-10,SKU-S-02,Snacks,52,0
2023-08-11,SKU-S-02,Snacks,106,1
2023-08-12,SKU-S-02,Snacks,87,0
2023-08-13,SKU-S-02,Snacks,68,0
2023-08-14,SKU-S-02,Snacks,49,0
2023-08-15,SKU-S-02,Snacks,41,0
2023-08-16,SKU-S-02,Snacks,55,0
2023-08-17,SKU-S-02,Snacks,36,0
2023-08-18,SKU-S-02,Snacks,33,0
2023-08-19,SKU-S-02,Snacks,115,0
2023-08-20,SKU-S-02,Snacks,132,0
2023-08-21,SKU-S-02,Snacks,55,0
2023-08-22,SKU-S-02,Snacks,64,0
2023-08-23,SKU-S-02,Snacks,34,0
2023-08-24,SKU-S-02,Snacks,89,0
2023-08-25,SKU-S-02,Snacks,85,1
2023-08-26,SKU-S-02,Snacks,54,0
2023-08-27,SKU-S-02,Snacks,87,0
2023-08-28,SKU-S-02,Snacks,40,0
2023-08-29,SKU-S-02,Snacks,29,0
2023-08-30,SKU-S-02,Snacks,22,0
2023-08-31,SKU-S-02,Snacks,49,0
2023-09-01,SKU-S-02,Snacks,25,0
2023-09-02,SKU-S-02,Snacks,71,1
2023-09-03,SKU-S-02,Snacks,71,0
2023-09-04,SKU-S-02,Snacks,30,0
2023-09-05,SKU-S-02,Snacks,43,0
2023-09-06,SKU-S-02,Snacks,30,0
2023-09-07,SKU-S-02,Snacks,48,0
2023-09-08,SKU-S-02,Snacks,117,0
2023-09-09,SKU-S-02,Snacks,54,0
2023-09-10,SKU-S-02,Snacks,117,0
2023-09-11,SKU-S-02,Snacks,45,0
2023-09-12,SKU-S-02,Snacks,23,0
2023-09-13,SKU-S-02,Snacks,27,0
2023-09-14,SKU-S-02,Snacks,41,0
2023-09-15,SKU-S-02,Snacks,47,0
2023-09-16,SKU-S-02,Snacks,99,0
2023-09-17,SKU-S-02,Snacks,63,0
2023-09-18,SKU-S-02,Snacks,17,0
2023-09-19,SKU-S-02,Snacks,67,0
2023-09-20,SKU-S-02,Snacks,13,0
2023-09-21,SKU-S-02,Snacks,30,0
2023-09-22,SKU-S-02,Snacks,45,0
2023-09-23,SKU-S-02,Snacks,54,0
2023-09-24,SKU-S-02,Snacks,54,0
2023-09-25,SKU-S-02,Snacks,47,1
2023-09-26,SKU-S-02,Snacks,91,0
2023-09-27,SKU-S-02,Snacks,43,0
2023-09-28,SKU-S-02,Snacks,53,0
2023-09-29,SKU-S-02,Snacks,146,1
2023-09-30,SKU-S-02,Snacks,72,0
2023-10-01,SKU-S-02,Snacks,84,0
2023-10-02,SKU-S-02,Snacks,40,0
2023-10-03,SKU-S-02,Snacks,56,1
2023-10-04,SKU-S-02,Snacks,79,0
2023-10-05,SKU-S-02,Snacks,47,0
2023-10-06,SKU-S-02,Snacks,75,0
2023-10-07,SKU-S-02,Snacks,86,0
2023-10-08,SKU-S-02,Snacks,83,0
2023-10-09,SKU-S-02,Snacks,32,0
2023-10-10,SKU-S-02,Snacks,56,0
2023-10-11,SKU-S-02,Snacks,41,0
2023-10-12,SKU-S-02,Snacks,53,0
2023-10-13,SKU-S-02,Snacks,44,0
2023-10-14,SKU-S-02,Snacks,61,0
2023-10-15,SKU-S-02,Snacks,49,0
2023-10-16,SKU-S-02,Snacks,44,0
2023-10-17,SKU-S-02,Snacks,38,0
2023-10-18,SKU-S-02,Snacks,34,0
2023-10-19,SKU-S-02,Snacks,34,0
2023-10-20,SKU-S-02,Snacks,63,0
2023-10-21,SKU-S-02,Snacks,38,0
2023-10-22,SKU-S-02,Snacks,39,0
2023-10-23,SKU-S-02,Snacks,41,0
2023-10-24,SKU-S-02,Snacks,22,0
2023-10-25,SKU-S-02,Snacks,58,0
2023-10-26,SKU-S-02,Snacks,45,0
2023-10-27,SKU-S-02,Snacks,25,0
2023-10-28,SKU-S-02,Snacks,73,0
2023-10-29,SKU-S-02,Snacks,53,0
2023-10-30,SKU-S-02,Snacks,54,0
2023-10-31,SKU-S-02,Snacks,59,0
2023-11-01,SKU-S-02,Snacks,117,0
2023-11-02,SKU-S-02,Snacks,45,0
2023-11-03,SKU-S-02,Snacks,64,0
2023-11-04,SKU-S-02,Snacks,87,0
2023-11-05,SKU-S-02,Snacks,49,0
2023-11-06,SKU-S-02,Snacks,43,0
2023-11-07,SKU-S-02,Snacks,86,1
2023-11-08,SKU-S-02,Snacks,113,1
2023-11-09,SKU-S-02,Snacks,26,0
2023-11-10,SKU-S-02,Snacks,54,0
2023-11-11,SKU-S-02,Snacks,42,0
2023-11-12,SKU-S-02,Snacks,88,0
2023-11-13,SKU-S-02,Snacks,197,1
2023-11-14,SKU-S-02,Snacks,61,0
2023-11-15,SKU-S-02,Snacks,150,1
2023-11-16,SKU-S-02,Snacks,21,0
2023-11-17,SKU-S-02,Snacks,40,0
2023-11-18,SKU-S-02,Snacks,126,0
2023-11-19,SKU-S-02,Snacks,105,0
2023-11-20,SKU-S-02,Snacks,33,0
2023-11-21,SKU-S-02,Snacks,43,0
2023-11-22,SKU-S-02,Snacks,50,0
2023-11-23,SKU-S-02,Snacks,69,0
2023-11-24,SKU-S-02,Snacks,49,0
2023-11-25,SKU-S-02,Snacks,78,0
2023-11-26,SKU-S-02,Snacks,86,0
2023-11-27,SKU-S-02,Snacks,56,0
2023-11-28,SKU-S-02,Snacks,119,0
2023-11-29,SKU-S-02,Snacks,98,0
2023-11-30,SKU-S-02,Snacks,16,0
2023-12-01,SKU-S-02,Snacks,60,0
2023-12-02,SKU-S-02,Snacks,184,0
2023-12-03,SKU-S-02,Snacks,107,0
2023-12-04,SKU-S-02,Snacks,29,0
2023-12-05,SKU-S-02,Snacks,66,0
2023-12-06,SKU-S-02,Snacks,49,0
2023-12-07,SKU-S-02,Snacks,77,0
2023-12-08,SKU-S-02,Snacks,111,0
2023-12-09,SKU-S-02,Snacks,64,0
2023-12-10,SKU-S-02,Snacks,73,0
2023-12-11,SKU-S-02,Snacks,45,0
2023-12-12,SKU-S-02,Snacks,98,0
2023-12-13,SKU-S-02,Snacks,56,0
2023-12-14,SKU-S-02,Snacks,66,0
2023-12-15,SKU-S-02,Snacks,89,0
2023-12-16,SKU-S-02,Snacks,75,0
2023-12-17,SKU-S-02,Snacks,48,0
2023-12-18,SKU-S-02,Snacks,75,0
2023-12-19,SKU-S-02,Snacks,44,0
2023-12-20,SKU-S-02,Snacks,57,0
2023-12-21,SKU-S-02,Snacks,62,0
2023-12-22,SKU-S-02,Snacks,69,0
2023-12-23,SKU-S-02,Snacks,88,0
2023-12-24,SKU-S-02,Snacks,72,0
2023-12-25,SKU-S-02,Snacks,55,0
2023-12-26,SKU-S-02,Snacks,102,0
2023-12-27,SKU-S-02,Snacks,66,0
2023-12-28,SKU-S-02,Snacks,58,0
2023-12-29,SKU-S-02,Snacks,114,0
2023-12-30,SKU-S-02,Snacks,158,0
2023-12-31,SKU-S-02,Snacks,226,0
2024-01-01,SKU-S-02,Snacks,83,0
2024-01-02,SKU-S-02,Snacks,72,0
2024-01-03,SKU-S-02,Snacks,70,0
2024-01-04,SKU-S-02,Snacks,60,0
2024-01-05,SKU-S-02,Snacks,72,0
2024-01-06,SKU-S-02,Snacks,74,0
2024-01-07,SKU-S-02,Snacks,88,0
2024-01-08,SKU-S-02,Snacks,25,0
2024-01-09,SKU-S-02,Snacks,26,0
2024-01-10,SKU-S-02,Snacks,132,1
2024-01-11,SKU-S-02,Snacks,39,0
2024-01-12,SKU-S-02,Snacks,104,0
2024-01-13,SKU-S-02,Snacks,114,0
2024-01-14,SKU-S-02,Snacks,96,0
2024-01-15,SKU-S-02,Snacks,22,0
2024-01-16,SKU-S-02,Snacks,32,0
2024-01-17,SKU-S-02,Snacks,68,0
2024-01-18,SKU-S-02,Snacks,60,0
2024-01-19,SKU-S-02,Snacks,99,0
2024-01-20,SKU-S-02,Snacks,49,0
2024-01-21,SKU-S-02,Snacks,204,1
2024-01-22,SKU-S-02,Snacks,35,0
2024-01-23,SKU-S-02,Snacks,70,0
2024-01-24,SKU-S-02,Snacks,16,0
2024-01-25,SKU-S-02,Snacks,38,0
2024-01-26,SKU-S-02,Snacks,51,0
2024-01-27,SKU-S-02,Snacks,55,0
2024-01-28,SKU-S-02,Snacks,69,0
2024-01-29,SKU-S-02,Snacks,26,0
2024-01-30,SKU-S-02,Snacks,50,1
2024-01-31,SKU-S-02,Snacks,41,0
2024-02-01,SKU-S-02,Snacks,86,0
2024-02-02,SKU-S-02,Snacks,74,0
2024-02-03,SKU-S-02,Snacks,81,0
2024-02-04,SKU-S-02,Snacks,151,0
2024-02-05,SKU-S-02,Snacks,41,0
2024-02-06,SKU-S-02,Snacks,65,0
2024-02-07,SKU-S-02,Snacks,32,0
2024-02-08,SKU-S-02,Snacks,42,0
2024-02-09,SKU-S-02,Snacks,33,0
2024-02-10,SKU-S-02,Snacks,61,0
2024-02-11,SKU-S-02,Snacks,72,0
2024-02-12,SKU-S-02,Snacks,84,1
2024-02-13,SKU-S-02,Snacks,39,0
2024-02-14,SKU-S-02,Snacks,59,0
2024-02-15,SKU-S-02,Snacks,33,0
2024-02-16,SKU-S-02,Snacks,13,0
2024-02-17,SKU-S-02,Snacks,56,0
2024-02-18,SKU-S-02,Snacks,57,0
2024-02-19,SKU-S-02,Snacks,19,0
2024-02-20,SKU-S-02,Snacks,33,0
2024-02-21,SKU-S-02,Snacks,91,0
2024-02-22,SKU-S-02,Snacks,77,0
2024-02-23,SKU-S-02,Snacks,54,0
2024-02-24,SKU-S-02,Snacks,66,0
2024-02-25,SKU-S-02,Snacks,69,0
2024-02-26,SKU-S-02,Snacks,43,0
2024-02-27,SKU-S-02,Snacks,65,0
2024-02-28,SKU-S-02,Snacks,67,0
2024-02-29,SKU-S-02,Snacks,93,0
2024-03-01,SKU-S-02,Snacks,90,0
2024-03-02,SKU-S-02,Snacks,134,0
2024-03-03,SKU-S-02,Snacks,83,0
2024-03-04,SKU-S-02,Snacks,24,0
2024-03-05,SKU-S-02,Snacks,32,0
2024-03-06,SKU-S-02,Snacks,22,0
2024-03-07,SKU-S-02,Snacks,31,0
2024-03-08,SKU-S-02,Snacks,43,0
2024-03-09,SKU-S-02,Snacks,66,0
2024-03-10,SKU-S-02,Snacks,52,0
2024-03-11,SKU-S-02,Snacks,40,0
2024-03-12,SKU-S-02,Snacks,40,0
2024-03-13,SKU-S-02,Snacks,25,0
2024-03-14,SKU-S-02,Snacks,115,1
2024-03-15,SKU-S-02,Snacks,86,0
2024-03-16,SKU-S-02,Snacks,66,0
2024-03-17,SKU-S-02,Snacks,36,0
2024-03-18,SKU-S-02,Snacks,27,0
2024-03-19,SKU-S-02,Snacks,51,0
2024-03-20,SKU-S-02,Snacks,85,0
2024-03-21,SKU-S-02,Snacks,48,0
2024-03-22,SKU-S-02,Snacks,56,0
2024-03-23,SKU-S-02,Snacks,55,0
2024-03-24,SKU-S-02,Snacks,75,0
2024-03-25,SKU-S-02,Snacks,23,0
2024-03-26,SKU-S-02,Snacks,76,1
2024-03-27,SKU-S-02,Snacks,48,0
2024-03-28,SKU-S-02,Snacks,66,0
2024-03-29,SKU-S-02,Snacks,67,0
2024-03-30,SKU-S-02,Snacks,94,0
2024-03-31,SKU-S-02,Snacks,87,0
2024-04-01,SKU-S-02,Snacks,33,0
2024-04-02,SKU-S-02,Snacks,37,0
2024-04-03,SKU-S-02,Snacks,68,0
2024-04-04,SKU-S-02,Snacks,57,0
2024-04-05,SKU-S-02,Snacks,82,0
2024-04-06,SKU-S-02,Snacks,74,0
2024-04-07,SKU-S-02,Snacks,38,0
2024-04-08,SKU-S-02,Snacks,63,0
2024-04-09,SKU-S-02,Snacks,72,0
2024-04-10,SKU-S-02,Snacks,29,0
2024-04-11,SKU-S-02,Snacks,75,0
2024-04-12,SKU-S-02,Snacks,88,0
2024-04-13,SKU-S-02,Snacks,221,1
2024-04-14,SKU-S-02,Snacks,54,0
2024-04-15,SKU-S-02,Snacks,48,0
2024-04-16,SKU-S-02,Snacks,30,0
2024-04-17,SKU-S-02,Snacks,49,0
2024-04-18,SKU-S-02,Snacks,74,0
2024-04-19,SKU-S-02,Snacks,34,0
2024-04-20,SKU-S-02,Snacks,48,0
2024-04-21,SKU-S-02,Snacks,81,0
2024-04-22,SKU-S-02,Snacks,66,0
2024-04-23,SKU-S-02,Snacks,29,0
2024-04-24,SKU-S-02,Snacks,43,0
2024-04-25,SKU-S-02,Snacks,35,0
2024-04-26,SKU-S-02,Snacks,101,0
2024-04-27,SKU-S-02,Snacks,89,0
2024-04-28,SKU-S-02,Snacks,102,0
2024-04-29,SKU-S-02,Snacks,47,0
2024-04-30,SKU-S-02,Snacks,20,0
2024-05-01,SKU-S-02,Snacks,89,0
2024-05-02,SKU-S-02,Snacks,158,1
2024-05-03,SKU-S-02,Snacks,46,0
2024-05-04,SKU-S-02,Snacks,63,0
2024-05-05,SKU-S-02,Snacks,48,0
2024-05-06,SKU-S-02,Snacks,41,0
2024-05-07,SKU-S-02,Snacks,38,0
2024-05-08,SKU-S-02,Snacks,58,0
2024-05-09,SKU-S-02,Snacks,81,0
2024-05-10,SKU-S-02,Snacks,231,1
2024-05-11,SKU-S-02,Snacks,81,0
2024-05-12,SKU-S-02,Snacks,37,0
2024-05-13,SKU-S-02,Snacks,54,0
2024-05-14,SKU-S-02,Snacks,45,0
2024-05-15,SKU-S-02,Snacks,28,0
2024-05-16,SKU-S-02,Snacks,46,0
2024-05-17,SKU-S-02,Snacks,336,1
2024-05-18,SKU-S-02,Snacks,25,0
2024-05-19,SKU-S-02,Snacks,121,1
2024-05-20,SKU-S-02,Snacks,97,0
2024-05-21,SKU-S-02,Snacks,78,0
2024-05-22,SKU-S-02,Snacks,140,1
2024-05-23,SKU-S-02,Snacks,26,0
2024-05-24,SKU-S-02,Snacks,43,0
2024-05-25,SKU-S-02,Snacks,167,1
2024-05-26,SKU-S-02,Snacks,58,0
2024-05-27,SKU-S-02,Snacks,92,0
2024-05-28,SKU-S-02,Snacks,64,0
2024-05-29,SKU-S-02,Snacks,34,0
2024-05-30,SKU-S-02,Snacks,72,0
2024-05-31,SKU-S-02,Snacks,18,0
2024-06-01,SKU-S-02,Snacks,64,0
2024-06-02,SKU-S-02,Snacks,54,0
2024-06-03,SKU-S-02,Snacks,62,1
2024-06-04,SKU-S-02,Snacks,50,0
2024-06-05,SKU-S-02,Snacks,25,0
2024-06-06,SKU-S-02,Snacks,38,0
2024-06-07,SKU-S-02,Snacks,93,0
2024-06-08,SKU-S-02,Snacks,41,0
2024-06-09,SKU-S-02,Snacks,132,0
2024-06-10,SKU-S-02,Snacks,88,0
2024-06-11,SKU-S-02,Snacks,78,0
2024-06-12,SKU-S-02,Snacks,44,0
2024-06-13,SKU-S-02,Snacks,136,1
2024-06-14,SKU-S-02,Snacks,49,0
2024-06-15,SKU-S-02,Snacks,103,0
2024-06-16,SKU-S-02,Snacks,66,0
2024-06-17,SKU-S-02,Snacks,44,0
2024-06-18,SKU-S-02,Snacks,5,0
2024-06-19,SKU-S-02,Snacks,114,1
2024-06-20,SKU-S-02,Snacks,57,0
2024-06-21,SKU-S-02,Snacks,99,0
2024-06-22,SKU-S-02,Snacks,62,0
2024-06-23,SKU-S-02,Snacks,42,0
2024-06-24,SKU-S-02,Snacks,47,0
2024-06-25,SKU-S-02,Snacks,50,0
2024-06-26,SKU-S-02,Snacks,29,0
2024-06-27,SKU-S-02,Snacks,231,1
2024-06-28,SKU-S-02,Snacks,14,0
2024-06-29,SKU-S-02,Snacks,59,0
2024-06-30,SKU-S-02,Snacks,68,0
2024-07-01,SKU-S-02,Snacks,15,0
2024-07-02,SKU-S-02,Snacks,83,0
2024-07-03,SKU-S-02,Snacks,53,0
2024-07-04,SKU-S-02,Snacks,80,0
2024-07-05,SKU-S-02,Snacks,93,0
2024-07-06,SKU-S-02,Snacks,85,0
2024-07-07,SKU-S-02,Snacks,145,0
2024-07-08,SKU-S-02,Snacks,35,0
2024-07-09,SKU-S-02,Snacks,54,0
2024-07-10,SKU-S-02,Snacks,91,0
2024-07-11,SKU-S-02,Snacks,37,0
2024-07-12,SKU-S-02,Snacks,58,0
2024-07-13,SKU-S-02,Snacks,92,0
2024-07-14,SKU-S-02,Snacks,59,0
2024-07-15,SKU-S-02,Snacks,67,0
2024-07-16,SKU-S-02,Snacks,36,0
2024-07-17,SKU-S-02,Snacks,51,0
2024-07-18,SKU-S-02,Snacks,62,0
2024-07-19,SKU-S-02,Snacks,45,0
2024-07-20,SKU-S-02,Snacks,60,0
2024-07-21,SKU-S-02,Snacks,74,0
2024-07-22,SKU-S-02,Snacks,34,0
2024-07-23,SKU-S-02,Snacks,111,0
2024-07-24,SKU-S-02,Snacks,38,0
2024-07-25,SKU-S-02,Snacks,12,0
2024-07-26,SKU-S-02,Snacks,38,0
2024-07-27,SKU-S-02,Snacks,124,0
2024-07-28,SKU-S-02,Snacks,98,0
2024-07-29,SKU-S-02,Snacks,40,0
2024-07-30,SKU-S-02,Snacks,49,0
2024-07-31,SKU-S-02,Snacks,79,0
2024-08-01,SKU-S-02,Snacks,41,0
2024-08-02,SKU-S-02,Snacks,44,0
2024-08-03,SKU-S-02,Snacks,86,0
2024-08-04,SKU-S-02,Snacks,31,0
2024-08-05,SKU-S-02,Snacks,21,0
2024-08-06,SKU-S-02,Snacks,55,0
2024-08-07,SKU-S-02,Snacks,38,0
2024-08-08,SKU-S-02,Snacks,23,0
2024-08-09,SKU-S-02,Snacks,33,0
2024-08-10,SKU-S-02,Snacks,75,0
2024-08-11,SKU-S-02,Snacks,69,0
2024-08-12,SKU-S-02,Snacks,26,0
2024-08-13,SKU-S-02,Snacks,32,0
2024-08-14,SKU-S-02,Snacks,41,0
2024-08-15,SKU-S-02,Snacks,26,0
2024-08-16,SKU-S-02,Snacks,22,0
2024-08-17,SKU-S-02,Snacks,154,0
2024-08-18,SKU-S-02,Snacks,85,0
2024-08-19,SKU-S-02,Snacks,28,0
2024-08-20,SKU-S-02,Snacks,20,0
2024-08-21,SKU-S-02,Snacks,34,0
2024-08-22,SKU-S-02,Snacks,77,0
2024-08-23,SKU-S-02,Snacks,103,0
2024-08-24,SKU-S-02,Snacks,40,0
2024-08-25,SKU-S-02,Snacks,168,1
2024-08-26,SKU-S-02,Snacks,31,0
2024-08-27,SKU-S-02,Snacks,82,0
2024-08-28,SKU-S-02,Snacks,45,0
2024-08-29,SKU-S-02,Snacks,90,0
2024-08-30,SKU-S-02,Snacks,26,0
2024-08-31,SKU-S-02,Snacks,218,1
2024-09-01,SKU-S-02,Snacks,82,0
2024-09-02,SKU-S-02,Snacks,19,0
2024-09-03,SKU-S-02,Snacks,87,0
2024-09-04,SKU-S-02,Snacks,48,0
2024-09-05,SKU-S-02,Snacks,33,0
2024-09-06,SKU-S-02,Snacks,130,0
2024-09-07,SKU-S-02,Snacks,76,0
2024-09-08,SKU-S-02,Snacks,80,0
2024-09-09,SKU-S-02,Snacks,34,0
2024-09-10,SKU-S-02,Snacks,27,0
2024-09-11,SKU-S-02,Snacks,51,0
2024-09-12,SKU-S-02,Snacks,67,0
2024-09-13,SKU-S-02,Snacks,17,0
2024-09-14,SKU-S-02,Snacks,128,0
2024-09-15,SKU-S-02,Snacks,63,0
2024-09-16,SKU-S-02,Snacks,63,0
2024-09-17,SKU-S-02,Snacks,39,0
2024-09-18,SKU-S-02,Snacks,40,0
2024-09-19,SKU-S-02,Snacks,50,0
2024-09-20,SKU-S-02,Snacks,53,0
2024-09-21,SKU-S-02,Snacks,83,0
2024-09-22,SKU-S-02,Snacks,102,0
2024-09-23,SKU-S-02,Snacks,25,0
2024-09-24,SKU-S-02,Snacks,38,0
2024-09-25,SKU-S-02,Snacks,21,0
2024-09-26,SKU-S-02,Snacks,37,0
2024-09-27,SKU-S-02,Snacks,100,0
2024-09-28,SKU-S-02,Snacks,51,0
2024-09-29,SKU-S-02,Snacks,49,0
2024-09-30,SKU-S-02,Snacks,146,1
2024-10-01,SKU-S-02,Snacks,21,0
2024-10-02,SKU-S-02,Snacks,42,0
2024-10-03,SKU-S-02,Snacks,54,0
2024-10-04,SKU-S-02,Snacks,47,0
2024-10-05,SKU-S-02,Snacks,170,1
2024-10-06,SKU-S-02,Snacks,65,0
2024-10-07,SKU-S-02,Snacks,40,0
2024-10-08,SKU-S-02,Snacks,60,0
2024-10-09,SKU-S-02,Snacks,70,0
2024-10-10,SKU-S-02,Snacks,90,0
2024-10-11,SKU-S-02,Snacks,29,0
2024-10-12,SKU-S-02,Snacks,73,0
2024-10-13,SKU-S-02,Snacks,86,0
2024-10-14,SKU-S-02,Snacks,52,0
2024-10-15,SKU-S-02,Snacks,82,0
2024-10-16,SKU-S-02,Snacks,50,0
2024-10-17,SKU-S-02,Snacks,81,0
2024-10-18,SKU-S-02,Snacks,27,0
2024-10-19,SKU-S-02,Snacks,129,1
2024-10-20,SKU-S-02,Snacks,38,0
2024-10-21,SKU-S-02,Snacks,35,0
2024-10-22,SKU-S-02,Snacks,57,0
2024-10-23,SKU-S-02,Snacks,41,0
2024-10-24,SKU-S-02,Snacks,23,0
2024-10-25,SKU-S-02,Snacks,68,0
2024-10-26,SKU-S-02,Snacks,84,0
2024-10-27,SKU-S-02,Snacks,83,0
2024-10-28,SKU-S-02,Snacks,53,0
2024-10-29,SKU-S-02,Snacks,15,0
2024-10-30,SKU-S-02,Snacks,29,0
2024-10-31,SKU-S-02,Snacks,77,0
2024-11-01,SKU-S-02,Snacks,69,0
2024-11-02,SKU-S-02,Snacks,63,0
2024-11-03,SKU-S-02,Snacks,39,0
2024-11-04,SKU-S-02,Snacks,54,0
2024-11-05,SKU-S-02,Snacks,60,0
2024-11-06,SKU-S-02,Snacks,105,1
2024-11-07,SKU-S-02,Snacks,58,0
2024-11-08,SKU-S-02,Snacks,42,0
2024-11-09,SKU-S-02,Snacks,79,0
2024-11-10,SKU-S-02,Snacks,37,0
2024-11-11,SKU-S-02,Snacks,33,0
2024-11-12,SKU-S-02,Snacks,55,0
2024-11-13,SKU-S-02,Snacks,32,0
2024-11-14,SKU-S-02,Snacks,35,0
2024-11-15,SKU-S-02,Snacks,101,0
2024-11-16,SKU-S-02,Snacks,67,0
2024-11-17,SKU-S-02,Snacks,46,0
2024-11-18,SKU-S-02,Snacks,49,0
2024-11-19,SKU-S-02,Snacks,27,0
2024-11-20,SKU-S-02,Snacks,88,0
2024-11-21,SKU-S-02,Snacks,44,0
2024-11-22,SKU-S-02,Snacks,69,0
2024-11-23,SKU-S-02,Snacks,28,0
2024-11-24,SKU-S-02,Snacks,57,0
2024-11-25,SKU-S-02,Snacks,47,0
2024-11-26,SKU-S-02,Snacks,146,1
2024-11-27,SKU-S-02,Snacks,75,0
2024-11-28,SKU-S-02,Snacks,56,0
2024-11-29,SKU-S-02,Snacks,50,0
2024-11-30,SKU-S-02,Snacks,150,0
2024-12-01,SKU-S-02,Snacks,101,0
2024-12-02,SKU-S-02,Snacks,58,0
2024-12-03,SKU-S-02,Snacks,35,0
2024-12-04,SKU-S-02,Snacks,72,0
2024-12-05,SKU-S-02,Snacks,73,0
2024-12-06,SKU-S-02,Snacks,54,0
2024-12-07,SKU-S-02,Snacks,223,0
2024-12-08,SKU-S-02,Snacks,83,0
2024-12-09,SKU-S-02,Snacks,67,0
2024-12-10,SKU-S-02,Snacks,46,0
2024-12-11,SKU-S-02,Snacks,107,0
2024-12-12,SKU-S-02,Snacks,92,0
2024-12-13,SKU-S-02,Snacks,129,0
2024-12-14,SKU-S-02,Snacks,91,0
2024-12-15,SKU-S-02,Snacks,69,0
2024-12-16,SKU-S-02,Snacks,36,0
2024-12-17,SKU-S-02,Snacks,41,0
2024-12-18,SKU-S-02,Snacks,60,1
2024-12-19,SKU-S-02,Snacks,78,0
2024-12-20,SKU-S-02,Snacks,29,0
2024-12-21,SKU-S-02,Snacks,119,0
2024-12-22,SKU-S-02,Snacks,91,0
2024-12-23,SKU-S-02,Snacks,55,0
2024-12-24,SKU-S-02,Snacks,71,1
2024-12-25,SKU-S-02,Snacks,40,0
2024-12-26,SKU-S-02,Snacks,67,1
2024-12-27,SKU-S-02,Snacks,143,0
2024-12-28,SKU-S-02,Snacks,76,0
2024-12-29,SKU-S-02,Snacks,85,0
2024-12-30,SKU-S-02,Snacks,27,0
2024-12-31,SKU-S-02,Snacks,24,0
2025-01-01,SKU-S-02,Snacks,63,0
2025-01-02,SKU-S-02,Snacks,134,0
2025-01-03,SKU-S-02,Snacks,59,0
2025-01-04,SKU-S-02,Snacks,128,0
2025-01-05,SKU-S-02,Snacks,56,0
2025-01-06,SKU-S-02,Snacks,54,0
2025-01-07,SKU-S-02,Snacks,79,0
2025-01-08,SKU-S-02,Snacks,63,0
2025-01-09,SKU-S-02,Snacks,72,0
2025-01-10,SKU-S-02,Snacks,69,0
2025-01-11,SKU-S-02,Snacks,142,0
2025-01-12,SKU-S-02,Snacks,39,0
2025-01-13,SKU-S-02,Snacks,109,0
2025-01-14,SKU-S-02,Snacks,51,0
2025-01-15,SKU-S-02,Snacks,151,1
2025-01-16,SKU-S-02,Snacks,62,0
2025-01-17,SKU-S-02,Snacks,32,0
2025-01-18,SKU-S-02,Snacks,150,0
2025-01-19,SKU-S-02,Snacks,96,0
2025-01-20,SKU-S-02,Snacks,86,0
2025-01-21,SKU-S-02,Snacks,84,0
2025-01-22,SKU-S-02,Snacks,16,0
2025-01-23,SKU-S-02,Snacks,51,0
2025-01-24,SKU-S-02,Snacks,77,0
2025-01-25,SKU-S-02,Snacks,33,0
2025-01-26,SKU-S-02,Snacks,19,0
2025-01-27,SKU-S-02,Snacks,54,0
2025-01-28,SKU-S-02,Snacks,78,0
2025-01-29,SKU-S-02,Snacks,79,1
2025-01-30,SKU-S-02,Snacks,51,0
2025-01-31,SKU-S-02,Snacks,89,1
2025-02-01,SKU-S-02,Snacks,114,0
2025-02-02,SKU-S-02,Snacks,132,1
2025-02-03,SKU-S-02,Snacks,66,0
2025-02-04,SKU-S-02,Snacks,32,0
2025-02-05,SKU-S-02,Snacks,22,0
2025-02-06,SKU-S-02,Snacks,34,0
2025-02-07,SKU-S-02,Snacks,73,0
2025-02-08,SKU-S-02,Snacks,123,0
2025-02-09,SKU-S-02,Snacks,51,0
2025-02-10,SKU-S-02,Snacks,18,0
2025-02-11,SKU-S-02,Snacks,56,0
2025-02-12,SKU-S-02,Snacks,100,1
2025-02-13,SKU-S-02,Snacks,19,0
2025-02-14,SKU-S-02,Snacks,58,0
2025-02-15,SKU-S-02,Snacks,49,0
2025-02-16,SKU-S-02,Snacks,64,0
2025-02-17,SKU-S-02,Snacks,32,0
2025-02-18,SKU-S-02,Snacks,35,0
2025-02-19,SKU-S-02,Snacks,25,0
2025-02-20,SKU-S-02,Snacks,44,0
2025-02-21,SKU-S-02,Snacks,48,0
2025-02-22,SKU-S-02,Snacks,87,0
2025-02-23,SKU-S-02,Snacks,57,0
2025-02-24,SKU-S-02,Snacks,24,0
2025-02-25,SKU-S-02,Snacks,73,1
2025-02-26,SKU-S-02,Snacks,21,0
2025-02-27,SKU-S-02,Snacks,18,0
2025-02-28,SKU-S-02,Snacks,115,1
2025-03-01,SKU-S-02,Snacks,35,0
2025-03-02,SKU-S-02,Snacks,86,0
2025-03-03,SKU-S-02,Snacks,105,0
2025-03-04,SKU-S-02,Snacks,62,0
2025-03-05,SKU-S-02,Snacks,28,0
2025-03-06,SKU-S-02,Snacks,43,0
2025-03-07,SKU-S-02,Snacks,208,1
2025-03-08,SKU-S-02,Snacks,33,0
2025-03-09,SKU-S-02,Snacks,89,0
2025-03-10,SKU-S-02,Snacks,43,0
2025-03-11,SKU-S-02,Snacks,31,0
2025-03-12,SKU-S-02,Snacks,44,0
2025-03-13,SKU-S-02,Snacks,25,0
2025-03-14,SKU-S-02,Snacks,41,0
2025-03-15,SKU-S-02,Snacks,68,0
2025-03-16,SKU-S-02,Snacks,78,0
2025-03-17,SKU-S-02,Snacks,37,0
2025-03-18,SKU-S-02,Snacks,22,0
2025-03-19,SKU-S-02,Snacks,45,0
2025-03-20,SKU-S-02,Snacks,77,0
2025-03-21,SKU-S-02,Snacks,35,0
2025-03-22,SKU-S-02,Snacks,64,0
2025-03-23,SKU-S-02,Snacks,100,0
2025-03-24,SKU-S-02,Snacks,39,0
2025-03-25,SKU-S-02,Snacks,56,0
2025-03-26,SKU-S-02,Snacks,38,1
2025-03-27,SKU-S-02,Snacks,37,0
2025-03-28,SKU-S-02,Snacks,92,0
2025-03-29,SKU-S-02,Snacks,46,0
2025-03-30,SKU-S-02,Snacks,26,0
2025-03-31,SKU-S-02,Snacks,42,0
2025-04-01,SKU-S-02,Snacks,44,0
2025-04-02,SKU-S-02,Snacks,72,0
2025-04-03,SKU-S-02,Snacks,20,0
2025-04-04,SKU-S-02,Snacks,87,1
2025-04-05,SKU-S-02,Snacks,97,0
2025-04-06,SKU-S-02,Snacks,71,0
2025-04-07,SKU-S-02,Snacks,57,0
2025-04-08,SKU-S-02,Snacks,27,0
2025-04-09,SKU-S-02,Snacks,30,0
2025-04-10,SKU-S-02,Snacks,40,0
2025-04-11,SKU-S-02,Snacks,69,1
2025-04-12,SKU-S-02,Snacks,43,0
2025-04-13,SKU-S-02,Snacks,156,0
2025-04-14,SKU-S-02,Snacks,67,0
2025-04-15,SKU-S-02,Snacks,34,0
2025-04-16,SKU-S-02,Snacks,85,0
2025-04-17,SKU-S-02,Snacks,24,0
2025-04-18,SKU-S-02,Snacks,138,0
2025-04-19,SKU-S-02,Snacks,24,0
2025-04-20,SKU-S-02,Snacks,57,0
2025-04-21,SKU-S-02,Snacks,35,0
2025-04-22,SKU-S-02,Snacks,32,0
2025-04-23,SKU-S-02,Snacks,44,0
2025-04-24,SKU-S-02,Snacks,23,0
2025-04-25,SKU-S-02,Snacks,80,0
2025-04-26,SKU-S-02,Snacks,128,0
2025-04-27,SKU-S-02,Snacks,208,1
2025-04-28,SKU-S-02,Snacks,36,0
2025-04-29,SKU-S-02,Snacks,52,0
2025-04-30,SKU-S-02,Snacks,45,0
2025-05-01,SKU-S-02,Snacks,38,0
2025-05-02,SKU-S-02,Snacks,72,0
2025-05-03,SKU-S-02,Snacks,44,0
2025-05-04,SKU-S-02,Snacks,51,0
2025-05-05,SKU-S-02,Snacks,87,0
2025-05-06,SKU-S-02,Snacks,45,0
2025-05-07,SKU-S-02,Snacks,25,0
2025-05-08,SKU-S-02,Snacks,79,0
2025-05-09,SKU-S-02,Snacks,35,0
2025-05-10,SKU-S-02,Snacks,34,0
2025-05-11,SKU-S-02,Snacks,77,0
2025-05-12,SKU-S-02,Snacks,52,0
2025-05-13,SKU-S-02,Snacks,48,0
2025-05-14,SKU-S-02,Snacks,42,0
2025-05-15,SKU-S-02,Snacks,30,0
2025-05-16,SKU-S-02,Snacks,32,1
2025-05-17,SKU-S-02,Snacks,48,0
2025-05-18,SKU-S-02,Snacks,68,0
2025-05-19,SKU-S-02,Snacks,41,0
2025-05-20,SKU-S-02,Snacks,66,0
2025-05-21,SKU-S-02,Snacks,62,0
2025-05-22,SKU-S-02,Snacks,42,0
2025-05-23,SKU-S-02,Snacks,49,0
2025-05-24,SKU-S-02,Snacks,110,0
2025-05-25,SKU-S-02,Snacks,45,0
2025-05-26,SKU-S-02,Snacks,44,0
2025-05-27,SKU-S-02,Snacks,12,0
2025-05-28,SKU-S-02,Snacks,35,0
2025-05-29,SKU-S-02,Snacks,46,0
2025-05-30,SKU-S-02,Snacks,53,0
2025-05-31,SKU-S-02,Snacks,33,0
2025-06-01,SKU-S-02,Snacks,51,0
2025-06-02,SKU-S-02,Snacks,29,0
2025-06-03,SKU-S-02,Snacks,50,0
2025-06-04,SKU-S-02,Snacks,45,0
2025-06-05,SKU-S-02,Snacks,29,0
2025-06-06,SKU-S-02,Snacks,15,0
2025-06-07,SKU-S-02,Snacks,54,0
2025-06-08,SKU-S-02,Snacks,91,0
2025-06-09,SKU-S-02,Snacks,59,1
2025-06-10,SKU-S-02,Snacks,15,0
2025-06-11,SKU-S-02,Snacks,56,0
2025-06-12,SKU-S-02,Snacks,36,0
2025-06-13,SKU-S-02,Snacks,37,0
2025-06-14,SKU-S-02,Snacks,142,0
2025-06-15,SKU-S-02,Snacks,45,0
2025-06-16,SKU-S-02,Snacks,18,0
2025-06-17,SKU-S-02,Snacks,76,0
2025-06-18,SKU-S-02,Snacks,52,0
2025-06-19,SKU-S-02,Snacks,37,0
2025-06-20,SKU-S-02,Snacks,30,0
2025-06-21,SKU-S-02,Snacks,126,0
2025-06-22,SKU-S-02,Snacks,84,0
2025-06-23,SKU-S-02,Snacks,54,0
2025-06-24,SKU-S-02,Snacks,21,0
2025-06-25,SKU-S-02,Snacks,57,0
2025-06-26,SKU-S-02,Snacks,31,0
2025-06-27,SKU-S-02,Snacks,58,0
2025-06-28,SKU-S-02,Snacks,50,0
2025-06-29,SKU-S-02,Snacks,65,0
2025-06-30,SKU-S-02,Snacks,28,0
2025-07-01,SKU-S-02,Snacks,9,0
2023-01-01,SKU-S-03,Snacks,109,0
2023-01-02,SKU-S-03,Snacks,77,0
2023-01-03,SKU-S-03,Snacks,84,0
2023-01-04,SKU-S-03,Snacks,72,0
2023-01-05,SKU-S-03,Snacks,88,0
2023-01-06,SKU-S-03,Snacks,87,0
2023-01-07,SKU-S-03,Snacks,177,1
2023-01-08,SKU-S-03,Snacks,167,1
2023-01-09,SKU-S-03,Snacks,111,0
2023-01-10,SKU-S-03,Snacks,129,0
2023-01-11,SKU-S-03,Snacks,100,0
2023-01-12,SKU-S-03,Snacks,54,0
2023-01-13,SKU-S-03,Snacks,119,0
2023-01-14,SKU-S-03,Snacks,116,0
2023-01-15,SKU-S-03,Snacks,190,0
2023-01-16,SKU-S-03,Snacks,53,0
2023-01-17,SKU-S-03,Snacks,123,0
2023-01-18,SKU-S-03,Snacks,105,0
2023-01-19,SKU-S-03,Snacks,89,0
2023-01-20,SKU-S-03,Snacks,152,0
2023-01-21,SKU-S-03,Snacks,58,0
2023-01-22,SKU-S-03,Snacks,151,0
2023-01-23,SKU-S-03,Snacks,243,1
2023-01-24,SKU-S-03,Snacks,76,0
2023-01-25,SKU-S-03,Snacks,58,0
2023-01-26,SKU-S-03,Snacks,44,0
2023-01-27,SKU-S-03,Snacks,350,1
2023-01-28,SKU-S-03,Snacks,87,0
2023-01-29,SKU-S-03,Snacks,92,0
2023-01-30,SKU-S-03,Snacks,38,0
2023-01-31,SKU-S-03,Snacks,91,0
2023-02-01,SKU-S-03,Snacks,48,0
2023-02-02,SKU-S-03,Snacks,79,0
2023-02-03,SKU-S-03,Snacks,95,0
2023-02-04,SKU-S-03,Snacks,68,0
2023-02-05,SKU-S-03,Snacks,79,0
2023-02-06,SKU-S-03,Snacks,61,0
2023-02-07,SKU-S-03,Snacks,21,0
2023-02-08,SKU-S-03,Snacks,84,1
2023-02-09,SKU-S-03,Snacks,68,0
2023-02-10,SKU-S-03,Snacks,250,1
2023-02-11,SKU-S-03,Snacks,102,0
2023-02-12,SKU-S-03,Snacks,119,0
2023-02-13,SKU-S-03,Snacks,111,0
2023-02-14,SKU-S-03,Snacks,64,0
2023-02-15,SKU-S-03,Snacks,41,0
2023-02-16,SKU-S-03,Snacks,75,0
2023-02-17,SKU-S-03,Snacks,103,0
2023-02-18,SKU-S-03,Snacks,128,0
2023-02-19,SKU-S-03,Snacks,142,0
2023-02-20,SKU-S-03,Snacks,45,0
2023-02-21,SKU-S-03,Snacks,72,0
2023-02-22,SKU-S-03,Snacks,103,0
2023-02-23,SKU-S-03,Snacks,39,0
2023-02-24,SKU-S-03,Snacks,81,0
2023-02-25,SKU-S-03,Snacks,161,0
2023-02-26,SKU-S-03,Snacks,171,0
2023-02-27,SKU-S-03,Snacks,65,0
2023-02-28,SKU-S-03,Snacks,33,0
2023-03-01,SKU-S-03,Snacks,53,0
2023-03-02,SKU-S-03,Snacks,120,0
2023-03-03,SKU-S-03,Snacks,42,0
2023-03-04,SKU-S-03,Snacks,55,0
2023-03-05,SKU-S-03,Snacks,102,0
2023-03-06,SKU-S-03,Snacks,200,1
2023-03-07,SKU-S-03,Snacks,54,0
2023-03-08,SKU-S-03,Snacks,80,0
2023-03-09,SKU-S-03,Snacks,93,0
2023-03-10,SKU-S-03,Snacks,88,0
2023-03-11,SKU-S-03,Snacks,92,0
2023-03-12,SKU-S-03,Snacks,110,0
2023-03-13,SKU-S-03,Snacks,60,0
2023-03-14,SKU-S-03,Snacks,52,0
2023-03-15,SKU-S-03,Snacks,52,0
2023-03-16,SKU-S-03,Snacks,124,0
2023-03-17,SKU-S-03,Snacks,98,0
2023-03-18,SKU-S-03,Snacks,124,1
2023-03-19,SKU-S-03,Snacks,166,0
2023-03-20,SKU-S-03,Snacks,59,0
2023-03-21,SKU-S-03,Snacks,33,0
2023-03-22,SKU-S-03,Snacks,48,0
2023-03-23,SKU-S-03,Snacks,78,0
2023-03-24,SKU-S-03,Snacks,72,0
2023-03-25,SKU-S-03,Snacks,139,0
2023-03-26,SKU-S-03,Snacks,208,1
2023-03-27,SKU-S-03,Snacks,77,0
2023-03-28,SKU-S-03,Snacks,39,0
2023-03-29,SKU-S-03,Snacks,59,0
2023-03-30,SKU-S-03,Snacks,68,0
2023-03-31,SKU-S-03,Snacks,123,0
2023-04-01,SKU-S-03,Snacks,142,0
2023-04-02,SKU-S-03,Snacks,50,0
2023-04-03,SKU-S-03,Snacks,329,1
2023-04-04,SKU-S-03,Snacks,37,0
2023-04-05,SKU-S-03,Snacks,84,0
2023-04-06,SKU-S-03,Snacks,67,0
2023-04-07,SKU-S-03,Snacks,56,0
2023-04-08,SKU-S-03,Snacks,74,0
2023-04-09,SKU-S-03,Snacks,84,0
2023-04-10,SKU-S-03,Snacks,120,1
2023-04-11,SKU-S-03,Snacks,55,1
2023-04-12,SKU-S-03,Snacks,75,0
2023-04-13,SKU-S-03,Snacks,63,0
2023-04-14,SKU-S-03,Snacks,102,0
2023-04-15,SKU-S-03,Snacks,154,1
2023-04-16,SKU-S-03,Snacks,134,0
2023-04-17,SKU-S-03,Snacks,93,0
2023-04-18,SKU-S-03,Snacks,128,0
2023-04-19,SKU-S-03,Snacks,88,0
2023-04-20,SKU-S-03,Snacks,77,0
2023-04-21,SKU-S-03,Snacks,110,0
2023-04-22,SKU-S-03,Snacks,66,0
2023-04-23,SKU-S-03,Snacks,127,0
2023-04-24,SKU-S-03,Snacks,29,0
2023-04-25,SKU-S-03,Snacks,47,0
2023-04-26,SKU-S-03,Snacks,64,0
2023-04-27,SKU-S-03,Snacks,61,0
2023-04-28,SKU-S-03,Snacks,50,0
2023-04-29,SKU-S-03,Snacks,233,1
2023-04-30,SKU-S-03,Snacks,320,1
2023-05-01,SKU-S-03,Snacks,241,1
2023-05-02,SKU-S-03,Snacks,34,1
2023-05-03,SKU-S-03,Snacks,29,0
2023-05-04,SKU-S-03,Snacks,66,0
2023-05-05,SKU-S-03,Snacks,72,0
2023-05-06,SKU-S-03,Snacks,228,0
2023-05-07,SKU-S-03,Snacks,141,0
2023-05-08,SKU-S-03,Snacks,44,0
2023-05-09,SKU-S-03,Snacks,68,0
2023-05-10,SKU-S-03,Snacks,116,0
2023-05-11,SKU-S-03,Snacks,78,1
2023-05-12,SKU-S-03,Snacks,64,0
2023-05-13,SKU-S-03,Snacks,93,0
2023-05-14,SKU-S-03,Snacks,209,1
2023-05-15,SKU-S-03,Snacks,50,0
2023-05-16,SKU-S-03,Snacks,52,0
2023-05-17,SKU-S-03,Snacks,97,1
2023-05-18,SKU-S-03,Snacks,73,0
2023-05-19,SKU-S-03,Snacks,93,0
2023-05-20,SKU-S-03,Snacks,127,0
2023-05-21,SKU-S-03,Snacks,97,0
2023-05-22,SKU-S-03,Snacks,53,0
2023-05-23,SKU-S-03,Snacks,96,0
2023-05-24,SKU-S-03,Snacks,74,0
2023-05-25,SKU-S-03,Snacks,76,0
2023-05-26,SKU-S-03,Snacks,92,1
2023-05-27,SKU-S-03,Snacks,58,0
2023-05-28,SKU-S-03,Snacks,65,0
2023-05-29,SKU-S-03,Snacks,73,1
2023-05-30,SKU-S-03,Snacks,52,0
2023-05-31,SKU-S-03,Snacks,94,0
2023-06-01,SKU-S-03,Snacks,119,0
2023-06-02,SKU-S-03,Snacks,143,0
2023-06-03,SKU-S-03,Snacks,333,1
2023-06-04,SKU-S-03,Snacks,51,0
2023-06-05,SKU-S-03,Snacks,51,0
2023-06-06,SKU-S-03,Snacks,79,0
2023-06-07,SKU-S-03,Snacks,44,0
2023-06-08,SKU-S-03,Snacks,91,0
2023-06-09,SKU-S-03,Snacks,120,0
2023-06-10,SKU-S-03,Snacks,97,0
2023-06-11,SKU-S-03,Snacks,121,0
2023-06-12,SKU-S-03,Snacks,97,0
2023-06-13,SKU-S-03,Snacks,77,0
2023-06-14,SKU-S-03,Snacks,146,1
2023-06-15,SKU-S-03,Snacks,34,0
2023-06-16,SKU-S-03,Snacks,107,1
2023-06-17,SKU-S-03,Snacks,82,0
2023-06-18,SKU-S-03,Snacks,82,0
2023-06-19,SKU-S-03,Snacks,42,0
2023-06-20,SKU-S-03,Snacks,26,0
2023-06-21,SKU-S-03,Snacks,138,0
2023-06-22,SKU-S-03,Snacks,78,0
2023-06-23,SKU-S-03,Snacks,76,0
2023-06-24,SKU-S-03,Snacks,183,0
2023-06-25,SKU-S-03,Snacks,166,0
2023-06-26,SKU-S-03,Snacks,89,1
2023-06-27,SKU-S-03,Snacks,95,0
2023-06-28,SKU-S-03,Snacks,60,0
2023-06-29,SKU-S-03,Snacks,26,0
2023-06-30,SKU-S-03,Snacks,193,1
2023-07-01,SKU-S-03,Snacks,188,0
2023-07-02,SKU-S-03,Snacks,32,0
2023-07-03,SKU-S-03,Snacks,43,0
2023-07-04,SKU-S-03,Snacks,216,1
2023-07-05,SKU-S-03,Snacks,75,0
2023-07-06,SKU-S-03,Snacks,90,0
2023-07-07,SKU-S-03,Snacks,57,0
2023-07-08,SKU-S-03,Snacks,72,0
2023-07-09,SKU-S-03,Snacks,77,0
2023-07-10,SKU-S-03,Snacks,59,0
2023-07-11,SKU-S-03,Snacks,53,0
2023-07-12,SKU-S-03,Snacks,67,0
2023-07-13,SKU-S-03,Snacks,109,1
2023-07-14,SKU-S-03,Snacks,93,0
2023-07-15,SKU-S-03,Snacks,135,0
2023-07-16,SKU-S-03,Snacks,149,0
2023-07-17,SKU-S-03,Snacks,52,0
2023-07-18,SKU-S-03,Snacks,46,0
2023-07-19,SKU-S-03,Snacks,54,0
2023-07-20,SKU-S-03,Snacks,28,0
2023-07-21,SKU-S-03,Snacks,75,0
2023-07-22,SKU-S-03,Snacks,157,0
2023-07-23,SKU-S-03,Snacks,350,1
2023-07-24,SKU-S-03,Snacks,90,0
2023-07-25,SKU-S-03,Snacks,61,0
2023-07-26,SKU-S-03,Snacks,25,0
2023-07-27,SKU-S-03,Snacks,94,0
2023-07-28,SKU-S-03,Snacks,106,0
2023-07-29,SKU-S-03,Snacks,65,0
2023-07-30,SKU-S-03,Snacks,214,0
2023-07-31,SKU-S-03,Snacks,52,0
2023-08-01,SKU-S-03,Snacks,86,0
2023-08-02,SKU-S-03,Snacks,70,0
2023-08-03,SKU-S-03,Snacks,100,0
2023-08-04,SKU-S-03,Snacks,67,0
2023-08-05,SKU-S-03,Snacks,105,0
2023-08-06,SKU-S-03,Snacks,68,0
2023-08-07,SKU-S-03,Snacks,48,0
2023-08-08,SKU-S-03,Snacks,166,1
2023-08-09,SKU-S-03,Snacks,39,0
2023-08-10,SKU-S-03,Snacks,61,0
2023-08-11,SKU-S-03,Snacks,125,0
2023-08-12,SKU-S-03,Snacks,83,0
2023-08-13,SKU-S-03,Snacks,96,0
2023-08-14,SKU-S-03,Snacks,56,1
2023-08-15,SKU-S-03,Snacks,39,0
2023-08-16,SKU-S-03,Snacks,35,0
2023-08-17,SKU-S-03,Snacks,55,0
2023-08-18,SKU-S-03,Snacks,192,1
2023-08-19,SKU-S-03,Snacks,99,0
2023-08-20,SKU-S-03,Snacks,109,0
2023-08-21,SKU-S-03,Snacks,170,1
2023-08-22,SKU-S-03,Snacks,49,0
2023-08-23,SKU-S-03,Snacks,43,0
2023-08-24,SKU-S-03,Snacks,145,1
2023-08-25,SKU-S-03,Snacks,42,0
2023-08-26,SKU-S-03,Snacks,62,0
2023-08-27,SKU-S-03,Snacks,142,0
2023-08-28,SKU-S-03,Snacks,119,0
2023-08-29,SKU-S-03,Snacks,151,1
2023-08-30,SKU-S-03,Snacks,76,0
2023-08-31,SKU-S-03,Snacks,47,0
2023-09-01,SKU-S-03,Snacks,52,0
2023-09-02,SKU-S-03,Snacks,163,0
2023-09-03,SKU-S-03,Snacks,120,0
2023-09-04,SKU-S-03,Snacks,53,0
2023-09-05,SKU-S-03,Snacks,185,1
2023-09-06,SKU-S-03,Snacks,106,0
2023-09-07,SKU-S-03,Snacks,41,0
2023-09-08,SKU-S-03,Snacks,38,0
2023-09-09,SKU-S-03,Snacks,131,0
2023-09-10,SKU-S-03,Snacks,98,0
2023-09-11,SKU-S-03,Snacks,68,0
2023-09-12,SKU-S-03,Snacks,53,0
2023-09-13,SKU-S-03,Snacks,88,0
2023-09-14,SKU-S-03,Snacks,90,0
2023-09-15,SKU-S-03,Snacks,84,0
2023-09-16,SKU-S-03,Snacks,57,0
2023-09-17,SKU-S-03,Snacks,68,1
2023-09-18,SKU-S-03,Snacks,74,0
2023-09-19,SKU-S-03,Snacks,15,0
2023-09-20,SKU-S-03,Snacks,86,0
2023-09-21,SKU-S-03,Snacks,61,0
2023-09-22,SKU-S-03,Snacks,70,0
2023-09-23,SKU-S-03,Snacks,102,0
2023-09-24,SKU-S-03,Snacks,117,0
2023-09-25,SKU-S-03,Snacks,133,0
2023-09-26,SKU-S-03,Snacks,81,0
2023-09-27,SKU-S-03,Snacks,51,0
2023-09-28,SKU-S-03,Snacks,50,0
2023-09-29,SKU-S-03,Snacks,94,0
2023-09-30,SKU-S-03,Snacks,61,0
2023-10-01,SKU-S-03,Snacks,98,0
2023-10-02,SKU-S-03,Snacks,71,0
2023-10-03,SKU-S-03,Snacks,41,0
2023-10-04,SKU-S-03,Snacks,69,0
2023-10-05,SKU-S-03,Snacks,59,0
2023-10-06,SKU-S-03,Snacks,23,0
2023-10-07,SKU-S-03,Snacks,67,0
2023-10-08,SKU-S-03,Snacks,188,1
2023-10-09,SKU-S-03,Snacks,44,0
2023-10-10,SKU-S-03,Snacks,74,0
2023-10-11,SKU-S-03,Snacks,78,0
2023-10-12,SKU-S-03,Snacks,44,0
2023-10-13,SKU-S-03,Snacks,103,1
2023-10-14,SKU-S-03,Snacks,119,0
2023-10-15,SKU-S-03,Snacks,60,0
2023-10-16,SKU-S-03,Snacks,142,1
2023-10-17,SKU-S-03,Snacks,50,0
2023-10-18,SKU-S-03,Snacks,46,0
2023-10-19,SKU-S-03,Snacks,26,0
2023-10-20,SKU-S-03,Snacks,98,0
2023-10-21,SKU-S-03,Snacks,77,0
2023-10-22,SKU-S-03,Snacks,76,0
2023-10-23,SKU-S-03,Snacks,26,0
2023-10-24,SKU-S-03,Snacks,52,0
2023-10-25,SKU-S-03,Snacks,59,0
2023-10-26,SKU-S-03,Snacks,60,0
2023-10-27,SKU-S-03,Snacks,70,0
2023-10-28,SKU-S-03,Snacks,127,0
2023-10-29,SKU-S-03,Snacks,130,0
2023-10-30,SKU-S-03,Snacks,64,0
2023-10-31,SKU-S-03,Snacks,77,0
2023-11-01,SKU-S-03,Snacks,35,0
2023-11-02,SKU-S-03,Snacks,40,0
2023-11-03,SKU-S-03,Snacks,57,0
2023-11-04,SKU-S-03,Snacks,93,0
2023-11-05,SKU-S-03,Snacks,72,0
2023-11-06,SKU-S-03,Snacks,66,0
2023-11-07,SKU-S-03,Snacks,40,0
2023-11-08,SKU-S-03,Snacks,27,0
2023-11-09,SKU-S-03,Snacks,74,0
2023-11-10,SKU-S-03,Snacks,77,0
2023-11-11,SKU-S-03,Snacks,88,0
2023-11-12,SKU-S-03,Snacks,88,0
2023-11-13,SKU-S-03,Snacks,86,1
2023-11-14,SKU-S-03,Snacks,105,1
2023-11-15,SKU-S-03,Snacks,46,0
2023-11-16,SKU-S-03,Snacks,98,0
2023-11-17,SKU-S-03,Snacks,77,0
2023-11-18,SKU-S-03,Snacks,112,0
2023-11-19,SKU-S-03,Snacks,102,0
2023-11-20,SKU-S-03,Snacks,30,0
2023-11-21,SKU-S-03,Snacks,26,0
2023-11-22,SKU-S-03,Snacks,55,0
2023-11-23,SKU-S-03,Snacks,61,0
2023-11-24,SKU-S-03,Snacks,101,0
2023-11-25,SKU-S-03,Snacks,150,0
2023-11-26,SKU-S-03,Snacks,113,0
2023-11-27,SKU-S-03,Snacks,72,0
2023-11-28,SKU-S-03,Snacks,92,0
2023-11-29,SKU-S-03,Snacks,76,0
2023-11-30,SKU-S-03,Snacks,111,0
2023-12-01,SKU-S-03,Snacks,104,0
2023-12-02,SKU-S-03,Snacks,115,0
2023-12-03,SKU-S-03,Snacks,180,0
2023-12-04,SKU-S-03,Snacks,52,0
2023-12-05,SKU-S-03,Snacks,95,0
2023-12-06,SKU-S-03,Snacks,48,0
2023-12-07,SKU-S-03,Snacks,96,0
2023-12-08,SKU-S-03,Snacks,355,1
2023-12-09,SKU-S-03,Snacks,150,0
2023-12-10,SKU-S-03,Snacks,194,0
2023-12-11,SKU-S-03,Snacks,53,0
2023-12-12,SKU-S-03,Snacks,92,1
2023-12-13,SKU-S-03,Snacks,104,0
2023-12-14,SKU-S-03,Snacks,41,0
2023-12-15,SKU-S-03,Snacks,108,0
2023-12-16,SKU-S-03,Snacks,153,0
2023-12-17,SKU-S-03,Snacks,48,0
2023-12-18,SKU-S-03,Snacks,57,1
2023-12-19,SKU-S-03,Snacks,132,0
2023-12-20,SKU-S-03,Snacks,59,0
2023-12-21,SKU-S-03,Snacks,71,0
2023-12-22,SKU-S-03,Snacks,63,0
2023-12-23,SKU-S-03,Snacks,196,0
2023-12-24,SKU-S-03,Snacks,149,0
2023-12-25,SKU-S-03,Snacks,53,0
2023-12-26,SKU-S-03,Snacks,66,0
2023-12-27,SKU-S-03,Snacks,71,0
2023-12-28,SKU-S-03,Snacks,97,0
2023-12-29,SKU-S-03,Snacks,74,0
2023-12-30,SKU-S-03,Snacks,56,0
2023-12-31,SKU-S-03,Snacks,87,0
2024-01-01,SKU-S-03,Snacks,117,0
2024-01-02,SKU-S-03,Snacks,65,0
2024-01-03,SKU-S-03,Snacks,73,0
2024-01-04,SKU-S-03,Snacks,88,0
2024-01-05,SKU-S-03,Snacks,53,0
2024-01-06,SKU-S-03,Snacks,177,0
2024-01-07,SKU-S-03,Snacks,78,0
2024-01-08,SKU-S-03,Snacks,51,0
2024-01-09,SKU-S-03,Snacks,72,0
2024-01-10,SKU-S-03,Snacks,20,0
2024-01-11,SKU-S-03,Snacks,52,0
2024-01-12,SKU-S-03,Snacks,110,0
2024-01-13,SKU-S-03,Snacks,74,0
2024-01-14,SKU-S-03,Snacks,38,0
2024-01-15,SKU-S-03,Snacks,66,0
2024-01-16,SKU-S-03,Snacks,87,0
2024-01-17,SKU-S-03,Snacks,68,0
2024-01-18,SKU-S-03,Snacks,66,0
2024-01-19,SKU-S-03,Snacks,85,0
2024-01-20,SKU-S-03,Snacks,152,0
2024-01-21,SKU-S-03,Snacks,72,0
2024-01-22,SKU-S-03,Snacks,79,0
2024-01-23,SKU-S-03,Snacks,76,0
2024-01-24,SKU-S-03,Snacks,34,0
2024-01-25,SKU-S-03,Snacks,57,0
2024-01-26,SKU-S-03,Snacks,89,0
2024-01-27,SKU-S-03,Snacks,143,0
2024-01-28,SKU-S-03,Snacks,144,0
2024-01-29,SKU-S-03,Snacks,60,0
2024-01-30,SKU-S-03,Snacks,78,0
2024-01-31,SKU-S-03,Snacks,94,0
2024-02-01,SKU-S-03,Snacks,65,0
2024-02-02,SKU-S-03,Snacks,112,0
2024-02-03,SKU-S-03,Snacks,64,0
2024-02-04,SKU-S-03,Snacks,79,0
2024-02-05,SKU-S-03,Snacks,44,0
2024-02-06,SKU-S-03,Snacks,45,0
2024-02-07,SKU-S-03,Snacks,71,0
2024-02-08,SKU-S-03,Snacks,103,0
2024-02-09,SKU-S-03,Snacks,73,0
2024-02-10,SKU-S-03,Snacks,91,0
2024-02-11,SKU-S-03,Snacks,62,0
2024-02-12,SKU-S-03,Snacks,32,0
2024-02-13,SKU-S-03,Snacks,154,1
2024-02-14,SKU-S-03,Snacks,30,0
2024-02-15,SKU-S-03,Snacks,48,0
2024-02-16,SKU-S-03,Snacks,49,0
2024-02-17,SKU-S-03,Snacks,109,0
2024-02-18,SKU-S-03,Snacks,46,0
2024-02-19,SKU-S-03,Snacks,28,0
2024-02-20,SKU-S-03,Snacks,53,0
2024-02-21,SKU-S-03,Snacks,44,0
2024-02-22,SKU-S-03,Snacks,208,1
2024-02-23,SKU-S-03,Snacks,96,0
2024-02-24,SKU-S-03,Snacks,125,0
2024-02-25,SKU-S-03,Snacks,13,0
2024-02-26,SKU-S-03,Snacks,178,1
2024-02-27,SKU-S-03,Snacks,74,0
2024-02-28,SKU-S-03,Snacks,59,0
2024-02-29,SKU-S-03,Snacks,39,0
2024-03-01,SKU-S-03,Snacks,41,0
2024-03-02,SKU-S-03,Snacks,255,1
2024-03-03,SKU-S-03,Snacks,112,0
2024-03-04,SKU-S-03,Snacks,55,0
2024-03-05,SKU-S-03,Snacks,106,0
2024-03-06,SKU-S-03,Snacks,77,0
2024-03-07,SKU-S-03,Snacks,33,0
2024-03-08,SKU-S-03,Snacks,109,0
2024-03-09,SKU-S-03,Snacks,166,1
2024-03-10,SKU-S-03,Snacks,97,0
2024-03-11,SKU-S-03,Snacks,80,0
2024-03-12,SKU-S-03,Snacks,37,0
2024-03-13,SKU-S-03,Snacks,41,0
2024-03-14,SKU-S-03,Snacks,56,0
2024-03-15,SKU-S-03,Snacks,58,0
2024-03-16,SKU-S-03,Snacks,46,0
2024-03-17,SKU-S-03,Snacks,74,0
2024-03-18,SKU-S-03,Snacks,57,0
2024-03-19,SKU-S-03,Snacks,44,0
2024-03-20,SKU-S-03,Snacks,72,0
2024-03-21,SKU-S-03,Snacks,10,0
2024-03-22,SKU-S-03,Snacks,76,0
2024-03-23,SKU-S-03,Snacks,142,0
2024-03-24,SKU-S-03,Snacks,98,0
2024-03-25,SKU-S-03,Snacks,90,1
2024-03-26,SKU-S-03,Snacks,30,0
2024-03-27,SKU-S-03,Snacks,26,0
2024-03-28,SKU-S-03,Snacks,32,0
2024-03-29,SKU-S-03,Snacks,36,0
2024-03-30,SKU-S-03,Snacks,40,0
2024-03-31,SKU-S-03,Snacks,82,0
2024-04-01,SKU-S-03,Snacks,66,0
2024-04-02,SKU-S-03,Snacks,96,0
2024-04-03,SKU-S-03,Snacks,129,1
2024-04-04,SKU-S-03,Snacks,70,0
2024-04-05,SKU-S-03,Snacks,72,0
2024-04-06,SKU-S-03,Snacks,96,0
2024-04-07,SKU-S-03,Snacks,66,0
2024-04-08,SKU-S-03,Snacks,22,0
2024-04-09,SKU-S-03,Snacks,26,0
2024-04-10,SKU-S-03,Snacks,126,1
2024-04-11,SKU-S-03,Snacks,59,0
2024-04-12,SKU-S-03,Snacks,56,0
2024-04-13,SKU-S-03,Snacks,97,0
2024-04-14,SKU-S-03,Snacks,72,0
2024-04-15,SKU-S-03,Snacks,64,0
2024-04-16,SKU-S-03,Snacks,50,0
2024-04-17,SKU-S-03,Snacks,124,1
2024-04-18,SKU-S-03,Snacks,49,0
2024-04-19,SKU-S-03,Snacks,67,0
2024-04-20,SKU-S-03,Snacks,248,1
2024-04-21,SKU-S-03,Snacks,197,1
2024-04-22,SKU-S-03,Snacks,13,0
2024-04-23,SKU-S-03,Snacks,50,0
2024-04-24,SKU-S-03,Snacks,25,0
2024-04-25,SKU-S-03,Snacks,132,0
2024-04-26,SKU-S-03,Snacks,87,0
2024-04-27,SKU-S-03,Snacks,126,0
2024-04-28,SKU-S-03,Snacks,71,0
2024-04-29,SKU-S-03,Snacks,113,1
2024-04-30,SKU-S-03,Snacks,59,0
2024-05-01,SKU-S-03,Snacks,74,0
2024-05-02,SKU-S-03,Snacks,40,0
2024-05-03,SKU-S-03,Snacks,98,1
2024-05-04,SKU-S-03,Snacks,106,0
2024-05-05,SKU-S-03,Snacks,92,0
2024-05-06,SKU-S-03,Snacks,61,0
2024-05-07,SKU-S-03,Snacks,66,0
2024-05-08,SKU-S-03,Snacks,81,0
2024-05-09,SKU-S-03,Snacks,63,0
2024-05-10,SKU-S-03,Snacks,57,0
2024-05-11,SKU-S-03,Snacks,153,0
2024-05-12,SKU-S-03,Snacks,91,1
2024-05-13,SKU-S-03,Snacks,36,0
2024-05-14,SKU-S-03,Snacks,95,0
2024-05-15,SKU-S-03,Snacks,49,0
2024-05-16,SKU-S-03,Snacks,58,0
2024-05-17,SKU-S-03,Snacks,94,0
2024-05-18,SKU-S-03,Snacks,101,0
2024-05-19,SKU-S-03,Snacks,92,0
2024-05-20,SKU-S-03,Snacks,46,0
2024-05-21,SKU-S-03,Snacks,37,0
2024-05-22,SKU-S-03,Snacks,199,1
2024-05-23,SKU-S-03,Snacks,80,0
2024-05-24,SKU-S-03,Snacks,87,0
2024-05-25,SKU-S-03,Snacks,112,0
2024-05-26,SKU-S-03,Snacks,51,0
2024-05-27,SKU-S-03,Snacks,69,0
2024-05-28,SKU-S-03,Snacks,93,0
2024-05-29,SKU-S-03,Snacks,87,0
2024-05-30,SKU-S-03,Snacks,62,0
2024-05-31,SKU-S-03,Snacks,52,0
2024-06-01,SKU-S-03,Snacks,73,0
2024-06-02,SKU-S-03,Snacks,83,0
2024-06-03,SKU-S-03,Snacks,56,0
2024-06-04,SKU-S-03,Snacks,102,0
2024-06-05,SKU-S-03,Snacks,44,0
2024-06-06,SKU-S-03,Snacks,44,0
2024-06-07,SKU-S-03,Snacks,45,0
2024-06-08,SKU-S-03,Snacks,49,0
2024-06-09,SKU-S-03,Snacks,105,0
2024-06-10,SKU-S-03,Snacks,47,0
2024-06-11,SKU-S-03,Snacks,46,0
2024-06-12,SKU-S-03,Snacks,21,0
2024-06-13,SKU-S-03,Snacks,46,0
2024-06-14,SKU-S-03,Snacks,87,0
2024-06-15,SKU-S-03,Snacks,132,0
2024-06-16,SKU-S-03,Snacks,57,0
2024-06-17,SKU-S-03,Snacks,112,0
2024-06-18,SKU-S-03,Snacks,49,0
2024-06-19,SKU-S-03,Snacks,34,0
2024-06-20,SKU-S-03,Snacks,34,0
2024-06-21,SKU-S-03,Snacks,94,0
2024-06-22,SKU-S-03,Snacks,80,0
2024-06-23,SKU-S-03,Snacks,219,1
2024-06-24,SKU-S-03,Snacks,31,0
2024-06-25,SKU-S-03,Snacks,31,0
2024-06-26,SKU-S-03,Snacks,80,0
2024-06-27,SKU-S-03,Snacks,63,0
2024-06-28,SKU-S-03,Snacks,60,0
2024-06-29,SKU-S-03,Snacks,67,0
2024-06-30,SKU-S-03,Snacks,105,1
2024-07-01,SKU-S-03,Snacks,68,0
2024-07-02,SKU-S-03,Snacks,142,1
2024-07-03,SKU-S-03,Snacks,58,0
2024-07-04,SKU-S-03,Snacks,43,0
2024-07-05,SKU-S-03,Snacks,171,1
2024-07-06,SKU-S-03,Snacks,148,0
2024-07-07,SKU-S-03,Snacks,63,0
2024-07-08,SKU-S-03,Snacks,35,0
2024-07-09,SKU-S-03,Snacks,48,0
2024-07-10,SKU-S-03,Snacks,35,0
2024-07-11,SKU-S-03,Snacks,61,0
2024-07-12,SKU-S-03,Snacks,91,0
2024-07-13,SKU-S-03,Snacks,74,0
2024-07-14,SKU-S-03,Snacks,119,1
2024-07-15,SKU-S-03,Snacks,59,0
2024-07-16,SKU-S-03,Snacks,25,0
2024-07-17,SKU-S-03,Snacks,49,0
2024-07-18,SKU-S-03,Snacks,51,0
2024-07-19,SKU-S-03,Snacks,64,0
2024-07-20,SKU-S-03,Snacks,99,0
2024-07-21,SKU-S-03,Snacks,44,0
2024-07-22,SKU-S-03,Snacks,39,0
2024-07-23,SKU-S-03,Snacks,26,0
2024-07-24,SKU-S-03,Snacks,44,0
2024-07-25,SKU-S-03,Snacks,59,0
2024-07-26,SKU-S-03,Snacks,105,0
2024-07-27,SKU-S-03,Snacks,101,0
2024-07-28,SKU-S-03,Snacks,162,0
2024-07-29,SKU-S-03,Snacks,41,0
2024-07-30,SKU-S-03,Snacks,129,1
2024-07-31,SKU-S-03,Snacks,197,1
2024-08-01,SKU-S-03,Snacks,56,0
2024-08-02,SKU-S-03,Snacks,95,0
2024-08-03,SKU-S-03,Snacks,126,0
2024-08-04,SKU-S-03,Snacks,239,1
2024-08-05,SKU-S-03,Snacks,38,0
2024-08-06,SKU-S-03,Snacks,53,0
2024-08-07,SKU-S-03,Snacks,25,0
2024-08-08,SKU-S-03,Snacks,50,0
2024-08-09,SKU-S-03,Snacks,104,0
2024-08-10,SKU-S-03,Snacks,88,0
2024-08-11,SKU-S-03,Snacks,117,0
2024-08-12,SKU-S-03,Snacks,80,0
2024-08-13,SKU-S-03,Snacks,63,0
2024-08-14,SKU-S-03,Snacks,123,0
2024-08-15,SKU-S-03,Snacks,71,0
2024-08-16,SKU-S-03,Snacks,49,0
2024-08-17,SKU-S-03,Snacks,85,0
2024-08-18,SKU-S-03,Snacks,55,0
2024-08-19,SKU-S-03,Snacks,56,0
2024-08-20,SKU-S-03,Snacks,66,1
2024-08-21,SKU-S-03,Snacks,30,0
2024-08-22,SKU-S-03,Snacks,65,0
2024-08-23,SKU-S-03,Snacks,46,0
2024-08-24,SKU-S-03,Snacks,50,0
2024-08-25,SKU-S-03,Snacks,81,0
2024-08-26,SKU-S-03,Snacks,43,0
2024-08-27,SKU-S-03,Snacks,60,0
2024-08-28,SKU-S-03,Snacks,102,0
2024-08-29,SKU-S-03,Snacks,48,0
2024-08-30,SKU-S-03,Snacks,62,0
2024-08-31,SKU-S-03,Snacks,82,0
2024-09-01,SKU-S-03,Snacks,86,0
2024-09-02,SKU-S-03,Snacks,66,0
2024-09-03,SKU-S-03,Snacks,83,0
2024-09-04,SKU-S-03,Snacks,43,0
2024-09-05,SKU-S-03,Snacks,45,0
2024-09-06,SKU-S-03,Snacks,31,0
2024-09-07,SKU-S-03,Snacks,73,0
2024-09-08,SKU-S-03,Snacks,69,0
2024-09-09,SKU-S-03,Snacks,43,0
2024-09-10,SKU-S-03,Snacks,44,0
2024-09-11,SKU-S-03,Snacks,134,1
2024-09-12,SKU-S-03,Snacks,76,0
2024-09-13,SKU-S-03,Snacks,34,0
2024-09-14,SKU-S-03,Snacks,71,0
2024-09-15,SKU-S-03,Snacks,71,0
2024-09-16,SKU-S-03,Snacks,51,0
2024-09-17,SKU-S-03,Snacks,54,1
2024-09-18,SKU-S-03,Snacks,67,0
2024-09-19,SKU-S-03,Snacks,56,0
2024-09-20,SKU-S-03,Snacks,59,0
2024-09-21,SKU-S-03,Snacks,147,1
2024-09-22,SKU-S-03,Snacks,98,0
2024-09-23,SKU-S-03,Snacks,67,0
2024-09-24,SKU-S-03,Snacks,65,0
2024-09-25,SKU-S-03,Snacks,33,0
2024-09-26,SKU-S-03,Snacks,82,0
2024-09-27,SKU-S-03,Snacks,65,0
2024-09-28,SKU-S-03,Snacks,30,0
2024-09-29,SKU-S-03,Snacks,52,0
2024-09-30,SKU-S-03,Snacks,24,0
2024-10-01,SKU-S-03,Snacks,38,0
2024-10-02,SKU-S-03,Snacks,83,1
2024-10-03,SKU-S-03,Snacks,59,0
2024-10-04,SKU-S-03,Snacks,24,0
2024-10-05,SKU-S-03,Snacks,75,0
2024-10-06,SKU-S-03,Snacks,39,0
2024-10-07,SKU-S-03,Snacks,27,0
2024-10-08,SKU-S-03,Snacks,82,0
2024-10-09,SKU-S-03,Snacks,76,0
2024-10-10,SKU-S-03,Snacks,49,0
2024-10-11,SKU-S-03,Snacks,35,0
2024-10-12,SKU-S-03,Snacks,183,1
2024-10-13,SKU-S-03,Snacks,84,0
2024-10-14,SKU-S-03,Snacks,25,0
2024-10-15,SKU-S-03,Snacks,37,0
2024-10-16,SKU-S-03,Snacks,35,0
2024-10-17,SKU-S-03,Snacks,22,0
2024-10-18,SKU-S-03,Snacks,43,0
2024-10-19,SKU-S-03,Snacks,39,0
2024-10-20,SKU-S-03,Snacks,39,0
2024-10-21,SKU-S-03,Snacks,28,0
2024-10-22,SKU-S-03,Snacks,58,0
2024-10-23,SKU-S-03,Snacks,35,0
2024-10-24,SKU-S-03,Snacks,67,1
2024-10-25,SKU-S-03,Snacks,13,0
2024-10-26,SKU-S-03,Snacks,72,0
2024-10-27,SKU-S-03,Snacks,101,0
2024-10-28,SKU-S-03,Snacks,38,0
2024-10-29,SKU-S-03,Snacks,37,0
2024-10-30,SKU-S-03,Snacks,84,0
2024-10-31,SKU-S-03,Snacks,43,0
2024-11-01,SKU-S-03,Snacks,87,0
2024-11-02,SKU-S-03,Snacks,83,0
2024-11-03,SKU-S-03,Snacks,95,0
2024-11-04,SKU-S-03,Snacks,40,0
2024-11-05,SKU-S-03,Snacks,225,1
2024-11-06,SKU-S-03,Snacks,30,0
2024-11-07,SKU-S-03,Snacks,50,0
2024-11-08,SKU-S-03,Snacks,60,0
2024-11-09,SKU-S-03,Snacks,79,0
2024-11-10,SKU-S-03,Snacks,73,0
2024-11-11,SKU-S-03,Snacks,53,0
2024-11-12,SKU-S-03,Snacks,50,0
2024-11-13,SKU-S-03,Snacks,173,1
2024-11-14,SKU-S-03,Snacks,91,0
2024-11-15,SKU-S-03,Snacks,43,0
2024-11-16,SKU-S-03,Snacks,115,0
2024-11-17,SKU-S-03,Snacks,72,0
2024-11-18,SKU-S-03,Snacks,53,0
2024-11-19,SKU-S-03,Snacks,75,0
2024-11-20,SKU-S-03,Snacks,29,0
2024-11-21,SKU-S-03,Snacks,68,0
2024-11-22,SKU-S-03,Snacks,127,1
2024-11-23,SKU-S-03,Snacks,88,0
2024-11-24,SKU-S-03,Snacks,110,0
2024-11-25,SKU-S-03,Snacks,26,0
2024-11-26,SKU-S-03,Snacks,38,0
2024-11-27,SKU-S-03,Snacks,100,0
2024-11-28,SKU-S-03,Snacks,59,0
2024-11-29,SKU-S-03,Snacks,68,0
2024-11-30,SKU-S-03,Snacks,141,0
2024-12-01,SKU-S-03,Snacks,69,0
2024-12-02,SKU-S-03,Snacks,80,0
2024-12-03,SKU-S-03,Snacks,74,0
2024-12-04,SKU-S-03,Snacks,89,0
2024-12-05,SKU-S-03,Snacks,96,0
2024-12-06,SKU-S-03,Snacks,89,0
2024-12-07,SKU-S-03,Snacks,124,0
2024-12-08,SKU-S-03,Snacks,235,1
2024-12-09,SKU-S-03,Snacks,76,0
2024-12-10,SKU-S-03,Snacks,49,0
2024-12-11,SKU-S-03,Snacks,101,0
2024-12-12,SKU-S-03,Snacks,114,1
2024-12-13,SKU-S-03,Snacks,80,0
2024-12-14,SKU-S-03,Snacks,108,0
2024-12-15,SKU-S-03,Snacks,74,0
2024-12-16,SKU-S-03,Snacks,99,0
2024-12-17,SKU-S-03,Snacks,58,0
2024-12-18,SKU-S-03,Snacks,64,0
2024-12-19,SKU-S-03,Snacks,51,0
2024-12-20,SKU-S-03,Snacks,62,0
2024-12-21,SKU-S-03,Snacks,334,1
2024-12-22,SKU-S-03,Snacks,125,0
2024-12-23,SKU-S-03,Snacks,46,0
2024-12-24,SKU-S-03,Snacks,81,0
2024-12-25,SKU-S-03,Snacks,50,0
2024-12-26,SKU-S-03,Snacks,69,0
2024-12-27,SKU-S-03,Snacks,118,0
2024-12-28,SKU-S-03,Snacks,67,0
2024-12-29,SKU-S-03,Snacks,68,0
2024-12-30,SKU-S-03,Snacks,104,1
2024-12-31,SKU-S-03,Snacks,49,0
2025-01-01,SKU-S-03,Snacks,76,0
2025-01-02,SKU-S-03,Snacks,68,0
2025-01-03,SKU-S-03,Snacks,44,0
2025-01-04,SKU-S-03,Snacks,150,0
2025-01-05,SKU-S-03,Snacks,75,0
2025-01-06,SKU-S-03,Snacks,32,0
2025-01-07,SKU-S-03,Snacks,84,0
2025-01-08,SKU-S-03,Snacks,60,0
2025-01-09,SKU-S-03,Snacks,42,0
2025-01-10,SKU-S-03,Snacks,191,1
2025-01-11,SKU-S-03,Snacks,137,0
2025-01-12,SKU-S-03,Snacks,146,1
2025-01-13,SKU-S-03,Snacks,25,0
2025-01-14,SKU-S-03,Snacks,55,0
2025-01-15,SKU-S-03,Snacks,58,0
2025-01-16,SKU-S-03,Snacks,29,0
2025-01-17,SKU-S-03,Snacks,86,0
2025-01-18,SKU-S-03,Snacks,112,0
2025-01-19,SKU-S-03,Snacks,61,0
2025-01-20,SKU-S-03,Snacks,47,0
2025-01-21,SKU-S-03,Snacks,60,0
2025-01-22,SKU-S-03,Snacks,87,0
2025-01-23,SKU-S-03,Snacks,48,0
2025-01-24,SKU-S-03,Snacks,75,0
2025-01-25,SKU-S-03,Snacks,34,0
2025-01-26,SKU-S-03,Snacks,69,0
2025-01-27,SKU-S-03,Snacks,36,0
2025-01-28,SKU-S-03,Snacks,61,0
2025-01-29,SKU-S-03,Snacks,30,0
2025-01-30,SKU-S-03,Snacks,60,0
2025-01-31,SKU-S-03,Snacks,50,0
2025-02-01,SKU-S-03,Snacks,49,0
2025-02-02,SKU-S-03,Snacks,50,0
2025-02-03,SKU-S-03,Snacks,72,0
2025-02-04,SKU-S-03,Snacks,31,0
2025-02-05,SKU-S-03,Snacks,98,0
2025-02-06,SKU-S-03,Snacks,48,0
2025-02-07,SKU-S-03,Snacks,114,1
2025-02-08,SKU-S-03,Snacks,68,0
2025-02-09,SKU-S-03,Snacks,55,0
2025-02-10,SKU-S-03,Snacks,39,0
2025-02-11,SKU-S-03,Snacks,14,0
2025-02-12,SKU-S-03,Snacks,52,0
2025-02-13,SKU-S-03,Snacks,294,1
2025-02-14,SKU-S-03,Snacks,42,0
2025-02-15,SKU-S-03,Snacks,79,0
2025-02-16,SKU-S-03,Snacks,58,0
2025-02-17,SKU-S-03,Snacks,83,0
2025-02-18,SKU-S-03,Snacks,134,1
2025-02-19,SKU-S-03,Snacks,32,0
2025-02-20,SKU-S-03,Snacks,63,0
2025-02-21,SKU-S-03,Snacks,37,0
2025-02-22,SKU-S-03,Snacks,172,0
2025-02-23,SKU-S-03,Snacks,49,0
2025-02-24,SKU-S-03,Snacks,31,0
2025-02-25,SKU-S-03,Snacks,77,0
2025-02-26,SKU-S-03,Snacks,13,0
2025-02-27,SKU-S-03,Snacks,83,0
2025-02-28,SKU-S-03,Snacks,66,0
2025-03-01,SKU-S-03,Snacks,149,0
2025-03-02,SKU-S-03,Snacks,99,0
2025-03-03,SKU-S-03,Snacks,40,0
2025-03-04,SKU-S-03,Snacks,22,0
2025-03-05,SKU-S-03,Snacks,31,0
2025-03-06,SKU-S-03,Snacks,47,0
2025-03-07,SKU-S-03,Snacks,56,0
2025-03-08,SKU-S-03,Snacks,95,0
2025-03-09,SKU-S-03,Snacks,45,0
2025-03-10,SKU-S-03,Snacks,32,0
2025-03-11,SKU-S-03,Snacks,46,0
2025-03-12,SKU-S-03,Snacks,29,0
2025-03-13,SKU-S-03,Snacks,40,0
2025-03-14,SKU-S-03,Snacks,46,0
2025-03-15,SKU-S-03,Snacks,113,0
2025-03-16,SKU-S-03,Snacks,115,0
2025-03-17,SKU-S-03,Snacks,58,0
2025-03-18,SKU-S-03,Snacks,17,0
2025-03-19,SKU-S-03,Snacks,20,0
2025-03-20,SKU-S-03,Snacks,61,0
2025-03-21,SKU-S-03,Snacks,45,0
2025-03-22,SKU-S-03,Snacks,49,0
2025-03-23,SKU-S-03,Snacks,55,0
2025-03-24,SKU-S-03,Snacks,28,0
2025-03-25,SKU-S-03,Snacks,32,0
2025-03-26,SKU-S-03,Snacks,98,1
2025-03-27,SKU-S-03,Snacks,60,0
2025-03-28,SKU-S-03,Snacks,62,0
2025-03-29,SKU-S-03,Snacks,68,0
2025-03-30,SKU-S-03,Snacks,67,0
2025-03-31,SKU-S-03,Snacks,28,0
2025-04-01,SKU-S-03,Snacks,31,0
2025-04-02,SKU-S-03,Snacks,54,0
2025-04-03,SKU-S-03,Snacks,46,0
2025-04-04,SKU-S-03,Snacks,39,0
2025-04-05,SKU-S-03,Snacks,92,0
2025-04-06,SKU-S-03,Snacks,34,0
2025-04-07,SKU-S-03,Snacks,23,0
2025-04-08,SKU-S-03,Snacks,93,1
2025-04-09,SKU-S-03,Snacks,35,0
2025-04-10,SKU-S-03,Snacks,51,0
2025-04-11,SKU-S-03,Snacks,35,0
2025-04-12,SKU-S-03,Snacks,32,0
2025-04-13,SKU-S-03,Snacks,73,0
2025-04-14,SKU-S-03,Snacks,35,0
2025-04-15,SKU-S-03,Snacks,44,0
2025-04-16,SKU-S-03,Snacks,137,1
2025-04-17,SKU-S-03,Snacks,95,0
2025-04-18,SKU-S-03,Snacks,157,1
2025-04-19,SKU-S-03,Snacks,46,0
2025-04-20,SKU-S-03,Snacks,49,0
2025-04-21,SKU-S-03,Snacks,68,0
2025-04-22,SKU-S-03,Snacks,49,0
2025-04-23,SKU-S-03,Snacks,46,0
2025-04-24,SKU-S-03,Snacks,73,0
2025-04-25,SKU-S-03,Snacks,21,0
2025-04-26,SKU-S-03,Snacks,61,0
2025-04-27,SKU-S-03,Snacks,62,0
2025-04-28,SKU-S-03,Snacks,21,0
2025-04-29,SKU-S-03,Snacks,68,1
2025-04-30,SKU-S-03,Snacks,58,0
2025-05-01,SKU-S-03,Snacks,58,0
2025-05-02,SKU-S-03,Snacks,73,0
2025-05-03,SKU-S-03,Snacks,30,0
2025-05-04,SKU-S-03,Snacks,57,0
2025-05-05,SKU-S-03,Snacks,44,0
2025-05-06,SKU-S-03,Snacks,47,0
2025-05-07,SKU-S-03,Snacks,31,0
2025-05-08,SKU-S-03,Snacks,27,0
2025-05-09,SKU-S-03,Snacks,147,0
2025-05-10,SKU-S-03,Snacks,142,0
2025-05-11,SKU-S-03,Snacks,135,0
2025-05-12,SKU-S-03,Snacks,32,0
2025-05-13,SKU-S-03,Snacks,38,0
2025-05-14,SKU-S-03,Snacks,45,0
2025-05-15,SKU-S-03,Snacks,36,0
2025-05-16,SKU-S-03,Snacks,23,0
2025-05-17,SKU-S-03,Snacks,36,0
2025-05-18,SKU-S-03,Snacks,67,0
2025-05-19,SKU-S-03,Snacks,41,0
2025-05-20,SKU-S-03,Snacks,47,0
2025-05-21,SKU-S-03,Snacks,43,0
2025-05-22,SKU-S-03,Snacks,37,0
2025-05-23,SKU-S-03,Snacks,60,0
2025-05-24,SKU-S-03,Snacks,60,0
2025-05-25,SKU-S-03,Snacks,48,0
2025-05-26,SKU-S-03,Snacks,12,0
2025-05-27,SKU-S-03,Snacks,65,0
2025-05-28,SKU-S-03,Snacks,31,0
2025-05-29,SKU-S-03,Snacks,51,0
2025-05-30,SKU-S-03,Snacks,32,0
2025-05-31,SKU-S-03,Snacks,70,0
2025-06-01,SKU-S-03,Snacks,43,0
2025-06-02,SKU-S-03,Snacks,43,0
2025-06-03,SKU-S-03,Snacks,106,1
2025-06-04,SKU-S-03,Snacks,50,0
2025-06-05,SKU-S-03,Snacks,85,0
2025-06-06,SKU-S-03,Snacks,39,0
2025-06-07,SKU-S-03,Snacks,87,1
2025-06-08,SKU-S-03,Snacks,162,1
2025-06-09,SKU-S-03,Snacks,34,0
2025-06-10,SKU-S-03,Snacks,42,0
2025-06-11,SKU-S-03,Snacks,77,0
2025-06-12,SKU-S-03,Snacks,60,0
2025-06-13,SKU-S-03,Snacks,39,0
2025-06-14,SKU-S-03,Snacks,155,0
2025-06-15,SKU-S-03,Snacks,38,1
2025-06-16,SKU-S-03,Snacks,40,0
2025-06-17,SKU-S-03,Snacks,59,0
2025-06-18,SKU-S-03,Snacks,42,0
2025-06-19,SKU-S-03,Snacks,44,0
2025-06-20,SKU-S-03,Snacks,33,0
2025-06-21,SKU-S-03,Snacks,84,0
2025-06-22,SKU-S-03,Snacks,90,0
2025-06-23,SKU-S-03,Snacks,39,0
2025-06-24,SKU-S-03,Snacks,19,0
2025-06-25,SKU-S-03,Snacks,84,0
2025-06-26,SKU-S-03,Snacks,16,0
2025-06-27,SKU-S-03,Snacks,38,0
2025-06-28,SKU-S-03,Snacks,119,0
2025-06-29,SKU-S-03,Snacks,66,0
2025-06-30,SKU-S-03,Snacks,41,0
2025-07-01,SKU-S-03,Snacks,22,0
2023-01-01,SKU-S-04,Snacks,145,0
2023-01-02,SKU-S-04,Snacks,86,1
2023-01-03,SKU-S-04,Snacks,110,0
2023-01-04,SKU-S-04,Snacks,33,0
2023-01-05,SKU-S-04,Snacks,75,0
2023-01-06,SKU-S-04,Snacks,164,0
2023-01-07,SKU-S-04,Snacks,138,1
2023-01-08,SKU-S-04,Snacks,141,0
2023-01-09,SKU-S-04,Snacks,31,0
2023-01-10,SKU-S-04,Snacks,90,0
2023-01-11,SKU-S-04,Snacks,34,0
2023-01-12,SKU-S-04,Snacks,42,0
2023-01-13,SKU-S-04,Snacks,140,1
2023-01-14,SKU-S-04,Snacks,266,1
2023-01-15,SKU-S-04,Snacks,40,0
2023-01-16,SKU-S-04,Snacks,76,0
2023-01-17,SKU-S-04,Snacks,85,0
2023-01-18,SKU-S-04,Snacks,41,0
2023-01-19,SKU-S-04,Snacks,51,0
2023-01-20,SKU-S-04,Snacks,35,0
2023-01-21,SKU-S-04,Snacks,82,0
2023-01-22,SKU-S-04,Snacks,80,0
2023-01-23,SKU-S-04,Snacks,35,0
2023-01-24,SKU-S-04,Snacks,63,0
2023-01-25,SKU-S-04,Snacks,57,0
2023-01-26,SKU-S-04,Snacks,116,0
2023-01-27,SKU-S-04,Snacks,200,1
2023-01-28,SKU-S-04,Snacks,112,1
2023-01-29,SKU-S-04,Snacks,113,0
2023-01-30,SKU-S-04,Snacks,59,0
2023-01-31,SKU-S-04,Snacks,41,0
2023-02-01,SKU-S-04,Snacks,20,0
2023-02-02,SKU-S-04,Snacks,79,0
2023-02-03,SKU-S-04,Snacks,48,0
2023-02-04,SKU-S-04,Snacks,93,0
2023-02-05,SKU-S-04,Snacks,102,0
2023-02-06,SKU-S-04,Snacks,109,0
2023-02-07,SKU-S-04,Snacks,73,0
2023-02-08,SKU-S-04,Snacks,128,0
2023-02-09,SKU-S-04,Snacks,11,0
2023-02-10,SKU-S-04,Snacks,61,0
2023-02-11,SKU-S-04,Snacks,144,0
2023-02-12,SKU-S-04,Snacks,100,0
2023-02-13,SKU-S-04,Snacks,73,0
2023-02-14,SKU-S-04,Snacks,60,1
2023-02-15,SKU-S-04,Snacks,33,0
2023-02-16,SKU-S-04,Snacks,128,0
2023-02-17,SKU-S-04,Snacks,43,0
2023-02-18,SKU-S-04,Snacks,63,0
2023-02-19,SKU-S-04,Snacks,27,0
2023-02-20,SKU-S-04,Snacks,49,1
2023-02-21,SKU-S-04,Snacks,112,0
2023-02-22,SKU-S-04,Snacks,62,0
2023-02-23,SKU-S-04,Snacks,125,0
2023-02-24,SKU-S-04,Snacks,127,0
2023-02-25,SKU-S-04,Snacks,78,0
2023-02-26,SKU-S-04,Snacks,83,0
2023-02-27,SKU-S-04,Snacks,54,0
2023-02-28,SKU-S-04,Snacks,100,0
2023-03-01,SKU-S-04,Snacks,101,0
2023-03-02,SKU-S-04,Snacks,51,0
2023-03-03,SKU-S-04,Snacks,5,0
2023-03-04,SKU-S-04,Snacks,103,1
2023-03-05,SKU-S-04,Snacks,184,1
2023-03-06,SKU-S-04,Snacks,50,0
2023-03-07,SKU-S-04,Snacks,30,0
2023-03-08,SKU-S-04,Snacks,32,0
2023-03-09,SKU-S-04,Snacks,25,0
2023-03-10,SKU-S-04,Snacks,41,0
2023-03-11,SKU-S-04,Snacks,34,0
2023-03-12,SKU-S-04,Snacks,55,0
2023-03-13,SKU-S-04,Snacks,28,0
2023-03-14,SKU-S-04,Snacks,38,0
2023-03-15,SKU-S-04,Snacks,16,0
2023-03-16,SKU-S-04,Snacks,64,0
2023-03-17,SKU-S-04,Snacks,44,0
2023-03-18,SKU-S-04,Snacks,69,0
2023-03-19,SKU-S-04,Snacks,73,0
2023-03-20,SKU-S-04,Snacks,15,0
2023-03-21,SKU-S-04,Snacks,11,0
2023-03-22,SKU-S-04,Snacks,31,0
2023-03-23,SKU-S-04,Snacks,50,0
2023-03-24,SKU-S-04,Snacks,35,0
2023-03-25,SKU-S-04,Snacks,136,0
2023-03-26,SKU-S-04,Snacks,45,0
2023-03-27,SKU-S-04,Snacks,63,0
2023-03-28,SKU-S-04,Snacks,65,0
2023-03-29,SKU-S-04,Snacks,45,0
2023-03-30,SKU-S-04,Snacks,66,0
2023-03-31,SKU-S-04,Snacks,83,0
2023-04-01,SKU-S-04,Snacks,149,0
2023-04-02,SKU-S-04,Snacks,87,0
2023-04-03,SKU-S-04,Snacks,113,0
2023-04-04,SKU-S-04,Snacks,54,0
2023-04-05,SKU-S-04,Snacks,59,0
2023-04-06,SKU-S-04,Snacks,76,0
2023-04-07,SKU-S-04,Snacks,96,0
2023-04-08,SKU-S-04,Snacks,160,1
2023-04-09,SKU-S-04,Snacks,141,0
2023-04-10,SKU-S-04,Snacks,46,0
2023-04-11,SKU-S-04,Snacks,85,1
2023-04-12,SKU-S-04,Snacks,6,0
2023-04-13,SKU-S-04,Snacks,39,0
2023-04-14,SKU-S-04,Snacks,218,1
2023-04-15,SKU-S-04,Snacks,123,0
2023-04-16,SKU-S-04,Snacks,70,0
2023-04-17,SKU-S-04,Snacks,12,0
2023-04-18,SKU-S-04,Snacks,37,0
2023-04-19,SKU-S-04,Snacks,72,0
2023-04-20,SKU-S-04,Snacks,77,0
2023-04-21,SKU-S-04,Snacks,33,0
2023-04-22,SKU-S-04,Snacks,42,0
2023-04-23,SKU-S-04,Snacks,19,0
2023-04-24,SKU-S-04,Snacks,74,0
2023-04-25,SKU-S-04,Snacks,201,1
2023-04-26,SKU-S-04,Snacks,90,0
2023-04-27,SKU-S-04,Snacks,71,0
2023-04-28,SKU-S-04,Snacks,86,0
2023-04-29,SKU-S-04,Snacks,179,0
2023-04-30,SKU-S-04,Snacks,116,1
2023-05-01,SKU-S-04,Snacks,85,1
2023-05-02,SKU-S-04,Snacks,66,0
2023-05-03,SKU-S-04,Snacks,70,0
2023-05-04,SKU-S-04,Snacks,51,0
2023-05-05,SKU-S-04,Snacks,130,0
2023-05-06,SKU-S-04,Snacks,116,0
2023-05-07,SKU-S-04,Snacks,44,0
2023-05-08,SKU-S-04,Snacks,44,0
2023-05-09,SKU-S-04,Snacks,83,0
2023-05-10,SKU-S-04,Snacks,40,0
2023-05-11,SKU-S-04,Snacks,49,0
2023-05-12,SKU-S-04,Snacks,32,0
2023-05-13,SKU-S-04,Snacks,189,0
2023-05-14,SKU-S-04,Snacks,258,0
2023-05-15,SKU-S-04,Snacks,52,0
2023-05-16,SKU-S-04,Snacks,212,1
2023-05-17,SKU-S-04,Snacks,149,0
2023-05-18,SKU-S-04,Snacks,56,0
2023-05-19,SKU-S-04,Snacks,42,0
2023-05-20,SKU-S-04,Snacks,154,1
2023-05-21,SKU-S-04,Snacks,24,0
2023-05-22,SKU-S-04,Snacks,40,0
2023-05-23,SKU-S-04,Snacks,78,0
2023-05-24,SKU-S-04,Snacks,62,0
2023-05-25,SKU-S-04,Snacks,295,1
2023-05-26,SKU-S-04,Snacks,61,0
2023-05-27,SKU-S-04,Snacks,59,0
2023-05-28,SKU-S-04,Snacks,30,0
2023-05-29,SKU-S-04,Snacks,45,0
2023-05-30,SKU-S-04,Snacks,30,0
2023-05-31,SKU-S-04,Snacks,30,0
2023-06-01,SKU-S-04,Snacks,253,1
2023-06-02,SKU-S-04,Snacks,85,1
2023-06-03,SKU-S-04,Snacks,74,0
2023-06-04,SKU-S-04,Snacks,187,1
2023-06-05,SKU-S-04,Snacks,40,0
2023-06-06,SKU-S-04,Snacks,43,0
2023-06-07,SKU-S-04,Snacks,87,0
2023-06-08,SKU-S-04,Snacks,50,0
2023-06-09,SKU-S-04,Snacks,57,0
2023-06-10,SKU-S-04,Snacks,184,0
2023-06-11,SKU-S-04,Snacks,190,1
2023-06-12,SKU-S-04,Snacks,51,0
2023-06-13,SKU-S-04,Snacks,158,0
2023-06-14,SKU-S-04,Snacks,17,0
2023-06-15,SKU-S-04,Snacks,86,0
2023-06-16,SKU-S-04,Snacks,47,0
2023-06-17,SKU-S-04,Snacks,94,0
2023-06-18,SKU-S-04,Snacks,53,0
2023-06-19,SKU-S-04,Snacks,16,0
2023-06-20,SKU-S-04,Snacks,26,0
2023-06-21,SKU-S-04,Snacks,65,0
2023-06-22,SKU-S-04,Snacks,90,0
2023-06-23,SKU-S-04,Snacks,122,0
2023-06-24,SKU-S-04,Snacks,54,0
2023-06-25,SKU-S-04,Snacks,81,0
2023-06-26,SKU-S-04,Snacks,186,1
2023-06-27,SKU-S-04,Snacks,53,0
2023-06-28,SKU-S-04,Snacks,87,0
2023-06-29,SKU-S-04,Snacks,29,0
2023-06-30,SKU-S-04,Snacks,51,0
2023-07-01,SKU-S-04,Snacks,191,0
2023-07-02,SKU-S-04,Snacks,69,0
2023-07-03,SKU-S-04,Snacks,92,0
2023-07-04,SKU-S-04,Snacks,49,0
2023-07-05,SKU-S-04,Snacks,35,0
2023-07-06,SKU-S-04,Snacks,30,0
2023-07-07,SKU-S-04,Snacks,43,0
2023-07-08,SKU-S-04,Snacks,160,0
2023-07-09,SKU-S-04,Snacks,70,0
2023-07-10,SKU-S-04,Snacks,68,0
2023-07-11,SKU-S-04,Snacks,45,0
2023-07-12,SKU-S-04,Snacks,89,1
2023-07-13,SKU-S-04,Snacks,41,0
2023-07-14,SKU-S-04,Snacks,122,0
2023-07-15,SKU-S-04,Snacks,126,0
2023-07-16,SKU-S-04,Snacks,495,1
2023-07-17,SKU-S-04,Snacks,57,0
2023-07-18,SKU-S-04,Snacks,12,0
2023-07-19,SKU-S-04,Snacks,61,0
2023-07-20,SKU-S-04,Snacks,67,0
2023-07-21,SKU-S-04,Snacks,67,0
2023-07-22,SKU-S-04,Snacks,126,0
2023-07-23,SKU-S-04,Snacks,107,0
2023-07-24,SKU-S-04,Snacks,58,0
2023-07-25,SKU-S-04,Snacks,44,0
2023-07-26,SKU-S-04,Snacks,128,1
2023-07-27,SKU-S-04,Snacks,78,0
2023-07-28,SKU-S-04,Snacks,90,0
2023-07-29,SKU-S-04,Snacks,34,0
2023-07-30,SKU-S-04,Snacks,56,0
2023-07-31,SKU-S-04,Snacks,80,0
2023-08-01,SKU-S-04,Snacks,37,0
2023-08-02,SKU-S-04,Snacks,98,0
2023-08-03,SKU-S-04,Snacks,17,0
2023-08-04,SKU-S-04,Snacks,19,0
2023-08-05,SKU-S-04,Snacks,107,0
2023-08-06,SKU-S-04,Snacks,143,0
2023-08-07,SKU-S-04,Snacks,34,0
2023-08-08,SKU-S-04,Snacks,77,1
2023-08-09,SKU-S-04,Snacks,45,0
2023-08-10,SKU-S-04,Snacks,138,0
2023-08-11,SKU-S-04,Snacks,138,0
2023-08-12,SKU-S-04,Snacks,44,0
2023-08-13,SKU-S-04,Snacks,132,0
2023-08-14,SKU-S-04,Snacks,31,0
2023-08-15,SKU-S-04,Snacks,57,0
2023-08-16,SKU-S-04,Snacks,93,0
2023-08-17,SKU-S-04,Snacks,87,0
2023-08-18,SKU-S-04,Snacks,97,0
2023-08-19,SKU-S-04,Snacks,94,0
2023-08-20,SKU-S-04,Snacks,129,0
2023-08-21,SKU-S-04,Snacks,110,1
2023-08-22,SKU-S-04,Snacks,57,0
2023-08-23,SKU-S-04,Snacks,72,0
2023-08-24,SKU-S-04,Snacks,67,0
2023-08-25,SKU-S-04,Snacks,61,0
2023-08-26,SKU-S-04,Snacks,101,0
2023-08-27,SKU-S-04,Snacks,224,1
2023-08-28,SKU-S-04,Snacks,70,0
2023-08-29,SKU-S-04,Snacks,96,0
2023-08-30,SKU-S-04,Snacks,70,0
2023-08-31,SKU-S-04,Snacks,32,0
2023-09-01,SKU-S-04,Snacks,88,0
2023-09-02,SKU-S-04,Snacks,82,0
2023-09-03,SKU-S-04,Snacks,132,0
2023-09-04,SKU-S-04,Snacks,67,0
2023-09-05,SKU-S-04,Snacks,85,0
2023-09-06,SKU-S-04,Snacks,53,0
2023-09-07,SKU-S-04,Snacks,71,0
2023-09-08,SKU-S-04,Snacks,39,0
2023-09-09,SKU-S-04,Snacks,189,0
2023-09-10,SKU-S-04,Snacks,60,0
2023-09-11,SKU-S-04,Snacks,36,0
2023-09-12,SKU-S-04,Snacks,23,0
2023-09-13,SKU-S-04,Snacks,49,0
2023-09-14,SKU-S-04,Snacks,52,0
2023-09-15,SKU-S-04,Snacks,111,0
2023-09-16,SKU-S-04,Snacks,63,0
2023-09-17,SKU-S-04,Snacks,179,0
2023-09-18,SKU-S-04,Snacks,88,0
2023-09-19,SKU-S-04,Snacks,119,0
2023-09-20,SKU-S-04,Snacks,31,0
2023-09-21,SKU-S-04,Snacks,93,0
2023-09-22,SKU-S-04,Snacks,73,0
2023-09-23,SKU-S-04,Snacks,67,0
2023-09-24,SKU-S-04,Snacks,137,0
2023-09-25,SKU-S-04,Snacks,78,0
2023-09-26,SKU-S-04,Snacks,268,1
2023-09-27,SKU-S-04,Snacks,40,0
2023-09-28,SKU-S-04,Snacks,43,0
2023-09-29,SKU-S-04,Snacks,83,0
2023-09-30,SKU-S-04,Snacks,70,0
2023-10-01,SKU-S-04,Snacks,165,0
2023-10-02,SKU-S-04,Snacks,70,1
2023-10-03,SKU-S-04,Snacks,157,1
2023-10-04,SKU-S-04,Snacks,33,0
2023-10-05,SKU-S-04,Snacks,76,0
2023-10-06,SKU-S-04,Snacks,76,0
2023-10-07,SKU-S-04,Snacks,105,0
2023-10-08,SKU-S-04,Snacks,82,0
2023-10-09,SKU-S-04,Snacks,27,0
2023-10-10,SKU-S-04,Snacks,46,0
2023-10-11,SKU-S-04,Snacks,40,0
2023-10-12,SKU-S-04,Snacks,67,0
2023-10-13,SKU-S-04,Snacks,87,0
2023-10-14,SKU-S-04,Snacks,20,0
2023-10-15,SKU-S-04,Snacks,113,1
2023-10-16,SKU-S-04,Snacks,20,0
2023-10-17,SKU-S-04,Snacks,59,0
2023-10-18,SKU-S-04,Snacks,49,0
2023-10-19,SKU-S-04,Snacks,116,0
2023-10-20,SKU-S-04,Snacks,184,0
2023-10-21,SKU-S-04,Snacks,327,1
2023-10-22,SKU-S-04,Snacks,210,0
2023-10-23,SKU-S-04,Snacks,36,0
2023-10-24,SKU-S-04,Snacks,38,0
2023-10-25,SKU-S-04,Snacks,64,0
2023-10-26,SKU-S-04,Snacks,114,1
2023-10-27,SKU-S-04,Snacks,56,0
2023-10-28,SKU-S-04,Snacks,169,0
2023-10-29,SKU-S-04,Snacks,306,1
2023-10-30,SKU-S-04,Snacks,45,0
2023-10-31,SKU-S-04,Snacks,109,0
2023-11-01,SKU-S-04,Snacks,129,1
2023-11-02,SKU-S-04,Snacks,65,0
2023-11-03,SKU-S-04,Snacks,46,0
2023-11-04,SKU-S-04,Snacks,110,0
2023-11-05,SKU-S-04,Snacks,185,0
2023-11-06,SKU-S-04,Snacks,78,0
2023-11-07,SKU-S-04,Snacks,47,0
2023-11-08,SKU-S-04,Snacks,89,0
2023-11-09,SKU-S-04,Snacks,15,0
2023-11-10,SKU-S-04,Snacks,91,0
2023-11-11,SKU-S-04,Snacks,204,0
2023-11-12,SKU-S-04,Snacks,145,0
2023-11-13,SKU-S-04,Snacks,78,0
2023-11-14,SKU-S-04,Snacks,49,0
2023-11-15,SKU-S-04,Snacks,52,0
2023-11-16,SKU-S-04,Snacks,87,0
2023-11-17,SKU-S-04,Snacks,98,0
2023-11-18,SKU-S-04,Snacks,54,0
2023-11-19,SKU-S-04,Snacks,109,0
2023-11-20,SKU-S-04,Snacks,72,0
2023-11-21,SKU-S-04,Snacks,34,0
2023-11-22,SKU-S-04,Snacks,85,0
2023-11-23,SKU-S-04,Snacks,50,0
2023-11-24,SKU-S-04,Snacks,38,0
2023-11-25,SKU-S-04,Snacks,150,0
2023-11-26,SKU-S-04,Snacks,221,1
2023-11-27,SKU-S-04,Snacks,58,0
2023-11-28,SKU-S-04,Snacks,146,0
2023-11-29,SKU-S-04,Snacks,114,0
2023-11-30,SKU-S-04,Snacks,119,0
2023-12-01,SKU-S-04,Snacks,109,0
2023-12-02,SKU-S-04,Snacks,128,0
2023-12-03,SKU-S-04,Snacks,82,0
2023-12-04,SKU-S-04,Snacks,46,0
2023-12-05,SKU-S-04,Snacks,60,0
2023-12-06,SKU-S-04,Snacks,195,1
2023-12-07,SKU-S-04,Snacks,184,0
2023-12-08,SKU-S-04,Snacks,187,0
2023-12-09,SKU-S-04,Snacks,121,0
2023-12-10,SKU-S-04,Snacks,51,0
2023-12-11,SKU-S-04,Snacks,46,0
2023-12-12,SKU-S-04,Snacks,204,1
2023-12-13,SKU-S-04,Snacks,127,0
2023-12-14,SKU-S-04,Snacks,100,0
2023-12-15,SKU-S-04,Snacks,50,0
2023-12-16,SKU-S-04,Snacks,136,0
2023-12-17,SKU-S-04,Snacks,243,1
2023-12-18,SKU-S-04,Snacks,136,0
2023-12-19,SKU-S-04,Snacks,36,0
2023-12-20,SKU-S-04,Snacks,69,0
2023-12-21,SKU-S-04,Snacks,102,0
2023-12-22,SKU-S-04,Snacks,114,1
2023-12-23,SKU-S-04,Snacks,149,0
2023-12-24,SKU-S-04,Snacks,99,0
2023-12-25,SKU-S-04,Snacks,172,1
2023-12-26,SKU-S-04,Snacks,44,0
2023-12-27,SKU-S-04,Snacks,29,0
2023-12-28,SKU-S-04,Snacks,141,1
2023-12-29,SKU-S-04,Snacks,196,0
2023-12-30,SKU-S-04,Snacks,146,0
2023-12-31,SKU-S-04,Snacks,182,0
2024-01-01,SKU-S-04,Snacks,36,0
2024-01-02,SKU-S-04,Snacks,87,0
2024-01-03,SKU-S-04,Snacks,97,0
2024-01-04,SKU-S-04,Snacks,180,0
2024-01-05,SKU-S-04,Snacks,224,0
2024-01-06,SKU-S-04,Snacks,191,0
2024-01-07,SKU-S-04,Snacks,215,0
2024-01-08,SKU-S-04,Snacks,11,0
2024-01-09,SKU-S-04,Snacks,145,0
2024-01-10,SKU-S-04,Snacks,82,0
2024-01-11,SKU-S-04,Snacks,95,0
2024-01-12,SKU-S-04,Snacks,158,0
2024-01-13,SKU-S-04,Snacks,229,0
2024-01-14,SKU-S-04,Snacks,104,0
2024-01-15,SKU-S-04,Snacks,78,0
2024-01-16,SKU-S-04,Snacks,82,0
2024-01-17,SKU-S-04,Snacks,99,0
2024-01-18,SKU-S-04,Snacks,58,0
2024-01-19,SKU-S-04,Snacks,45,0
2024-01-20,SKU-S-04,Snacks,143,0
2024-01-21,SKU-S-04,Snacks,271,1
2024-01-22,SKU-S-04,Snacks,24,0
2024-01-23,SKU-S-04,Snacks,81,0
2024-01-24,SKU-S-04,Snacks,36,0
2024-01-25,SKU-S-04,Snacks,79,0
2024-01-26,SKU-S-04,Snacks,246,0
2024-01-27,SKU-S-04,Snacks,69,0
2024-01-28,SKU-S-04,Snacks,40,0
2024-01-29,SKU-S-04,Snacks,113,0
2024-01-30,SKU-S-04,Snacks,63,0
2024-01-31,SKU-S-04,Snacks,106,0
2024-02-01,SKU-S-04,Snacks,212,0
2024-02-02,SKU-S-04,Snacks,91,0
2024-02-03,SKU-S-04,Snacks,106,0
2024-02-04,SKU-S-04,Snacks,160,0
2024-02-05,SKU-S-04,Snacks,70,0
2024-02-06,SKU-S-04,Snacks,78,0
2024-02-07,SKU-S-04,Snacks,4,0
2024-02-08,SKU-S-04,Snacks,55,0
2024-02-09,SKU-S-04,Snacks,77,0
2024-02-10,SKU-S-04,Snacks,28,0
2024-02-11,SKU-S-04,Snacks,52,0
2024-02-12,SKU-S-04,Snacks,76,0
2024-02-13,SKU-S-04,Snacks,33,0
2024-02-14,SKU-S-04,Snacks,66,0
2024-02-15,SKU-S-04,Snacks,115,0
2024-02-16,SKU-S-04,Snacks,197,0
2024-02-17,SKU-S-04,Snacks,167,0
2024-02-18,SKU-S-04,Snacks,88,0
2024-02-19,SKU-S-04,Snacks,90,0
2024-02-20,SKU-S-04,Snacks,84,0
2024-02-21,SKU-S-04,Snacks,46,0
2024-02-22,SKU-S-04,Snacks,109,0
2024-02-23,SKU-S-04,Snacks,35,0
2024-02-24,SKU-S-04,Snacks,334,1
2024-02-25,SKU-S-04,Snacks,101,0
2024-02-26,SKU-S-04,Snacks,37,0
2024-02-27,SKU-S-04,Snacks,11,0
2024-02-28,SKU-S-04,Snacks,130,0
2024-02-29,SKU-S-04,Snacks,43,0
2024-03-01,SKU-S-04,Snacks,194,1
2024-03-02,SKU-S-04,Snacks,119,0
2024-03-03,SKU-S-04,Snacks,69,0
2024-03-04,SKU-S-04,Snacks,142,0
2024-03-05,SKU-S-04,Snacks,34,0
2024-03-06,SKU-S-04,Snacks,265,1
2024-03-07,SKU-S-04,Snacks,17,0
2024-03-08,SKU-S-04,Snacks,44,0
2024-03-09,SKU-S-04,Snacks,125,0
2024-03-10,SKU-S-04,Snacks,74,0
2024-03-11,SKU-S-04,Snacks,166,1
2024-03-12,SKU-S-04,Snacks,59,0
2024-03-13,SKU-S-04,Snacks,67,0
2024-03-14,SKU-S-04,Snacks,68,0
2024-03-15,SKU-S-04,Snacks,25,0
2024-03-16,SKU-S-04,Snacks,17,0
2024-03-17,SKU-S-04,Snacks,146,0
2024-03-18,SKU-S-04,Snacks,78,1
2024-03-19,SKU-S-04,Snacks,215,1
2024-03-20,SKU-S-04,Snacks,97,0
2024-03-21,SKU-S-04,Snacks,85,0
2024-03-22,SKU-S-04,Snacks,36,0
2024-03-23,SKU-S-04,Snacks,135,0
2024-03-24,SKU-S-04,Snacks,118,0
2024-03-25,SKU-S-04,Snacks,137,0
2024-03-26,SKU-S-04,Snacks,41,0
2024-03-27,SKU-S-04,Snacks,73,0
2024-03-28,SKU-S-04,Snacks,93,0
2024-03-29,SKU-S-04,Snacks,253,1
2024-03-30,SKU-S-04,Snacks,17,0
2024-03-31,SKU-S-04,Snacks,87,0
2024-04-01,SKU-S-04,Snacks,54,0
2024-04-02,SKU-S-04,Snacks,22,0
2024-04-03,SKU-S-04,Snacks,47,0
2024-04-04,SKU-S-04,Snacks,105,0
2024-04-05,SKU-S-04,Snacks,73,0
2024-04-06,SKU-S-04,Snacks,354,1
2024-04-07,SKU-S-04,Snacks,69,0
2024-04-08,SKU-S-04,Snacks,111,0
2024-04-09,SKU-S-04,Snacks,149,0
2024-04-10,SKU-S-04,Snacks,49,0
2024-04-11,SKU-S-04,Snacks,35,0
2024-04-12,SKU-S-04,Snacks,78,0
2024-04-13,SKU-S-04,Snacks,108,0
2024-04-14,SKU-S-04,Snacks,109,0
2024-04-15,SKU-S-04,Snacks,64,0
2024-04-16,SKU-S-04,Snacks,134,0
2024-04-17,SKU-S-04,Snacks,76,0
2024-04-18,SKU-S-04,Snacks,10,0
2024-04-19,SKU-S-04,Snacks,37,0
2024-04-20,SKU-S-04,Snacks,68,0
2024-04-21,SKU-S-04,Snacks,253,1
2024-04-22,SKU-S-04,Snacks,37,0
2024-04-23,SKU-S-04,Snacks,109,0
2024-04-24,SKU-S-04,Snacks,93,0
2024-04-25,SKU-S-04,Snacks,160,0
2024-04-26,SKU-S-04,Snacks,24,0
2024-04-27,SKU-S-04,Snacks,85,0
2024-04-28,SKU-S-04,Snacks,537,1
2024-04-29,SKU-S-04,Snacks,48,0
2024-04-30,SKU-S-04,Snacks,115,0
2024-05-01,SKU-S-04,Snacks,32,0
2024-05-02,SKU-S-04,Snacks,33,0
2024-05-03,SKU-S-04,Snacks,84,0
2024-05-04,SKU-S-04,Snacks,58,0
2024-05-05,SKU-S-04,Snacks,102,0
2024-05-06,SKU-S-04,Snacks,44,0
2024-05-07,SKU-S-04,Snacks,38,0
2024-05-08,SKU-S-04,Snacks,91,0
2024-05-09,SKU-S-04,Snacks,32,0
2024-05-10,SKU-S-04,Snacks,28,0
2024-05-11,SKU-S-04,Snacks,390,1
2024-05-12,SKU-S-04,Snacks,204,0
2024-05-13,SKU-S-04,Snacks,58,0
2024-05-14,SKU-S-04,Snacks,41,0
2024-05-15,SKU-S-04,Snacks,166,1
2024-05-16,SKU-S-04,Snacks,46,0
2024-05-17,SKU-S-04,Snacks,102,0
2024-05-18,SKU-S-04,Snacks,98,0
2024-05-19,SKU-S-04,Snacks,77,0
2024-05-20,SKU-S-04,Snacks,32,0
2024-05-21,SKU-S-04,Snacks,102,1
2024-05-22,SKU-S-04,Snacks,94,0
2024-05-23,SKU-S-04,Snacks,93,0
2024-05-24,SKU-S-04,Snacks,114,0
2024-05-25,SKU-S-04,Snacks,113,0
2024-05-26,SKU-S-04,Snacks,44,0
2024-05-27,SKU-S-04,Snacks,66,0
2024-05-28,SKU-S-04,Snacks,15,0
2024-05-29,SKU-S-04,Snacks,64,0
2024-05-30,SKU-S-04,Snacks,49,0
2024-05-31,SKU-S-04,Snacks,111,0
2024-06-01,SKU-S-04,Snacks,124,0
2024-06-02,SKU-S-04,Snacks,137,0
2024-06-03,SKU-S-04,Snacks,80,0
2024-06-04,SKU-S-04,Snacks,5,0
2024-06-05,SKU-S-04,Snacks,29,0
2024-06-06,SKU-S-04,Snacks,98,0
2024-06-07,SKU-S-04,Snacks,111,0
2024-06-08,SKU-S-04,Snacks,150,1
2024-06-09,SKU-S-04,Snacks,321,1
2024-06-10,SKU-S-04,Snacks,86,0
2024-06-11,SKU-S-04,Snacks,57,0
2024-06-12,SKU-S-04,Snacks,93,0
2024-06-13,SKU-S-04,Snacks,118,0
2024-06-14,SKU-S-04,Snacks,196,1
2024-06-15,SKU-S-04,Snacks,448,1
2024-06-16,SKU-S-04,Snacks,98,0
2024-06-17,SKU-S-04,Snacks,44,0
2024-06-18,SKU-S-04,Snacks,67,0
2024-06-19,SKU-S-04,Snacks,89,0
2024-06-20,SKU-S-04,Snacks,30,0
2024-06-21,SKU-S-04,Snacks,48,0
2024-06-22,SKU-S-04,Snacks,110,0
2024-06-23,SKU-S-04,Snacks,116,0
2024-06-24,SKU-S-04,Snacks,53,0
2024-06-25,SKU-S-04,Snacks,27,0
2024-06-26,SKU-S-04,Snacks,58,0
2024-06-27,SKU-S-04,Snacks,117,0
2024-06-28,SKU-S-04,Snacks,186,0
2024-06-29,SKU-S-04,Snacks,156,0
2024-06-30,SKU-S-04,Snacks,141,1
2024-07-01,SKU-S-04,Snacks,57,0
2024-07-02,SKU-S-04,Snacks,72,1
2024-07-03,SKU-S-04,Snacks,67,0
2024-07-04,SKU-S-04,Snacks,57,0
2024-07-05,SKU-S-04,Snacks,50,0
2024-07-06,SKU-S-04,Snacks,65,0
2024-07-07,SKU-S-04,Snacks,80,0
2024-07-08,SKU-S-04,Snacks,77,0
2024-07-09,SKU-S-04,Snacks,46,0
2024-07-10,SKU-S-04,Snacks,163,1
2024-07-11,SKU-S-04,Snacks,78,0
2024-07-12,SKU-S-04,Snacks,96,0
2024-07-13,SKU-S-04,Snacks,147,0
2024-07-14,SKU-S-04,Snacks,105,0
2024-07-15,SKU-S-04,Snacks,130,0
2024-07-16,SKU-S-04,Snacks,94,0
2024-07-17,SKU-S-04,Snacks,43,0
2024-07-18,SKU-S-04,Snacks,75,0
2024-07-19,SKU-S-04,Snacks,98,0
2024-07-20,SKU-S-04,Snacks,71,0
2024-07-21,SKU-S-04,Snacks,172,1
2024-07-22,SKU-S-04,Snacks,19,0
2024-07-23,SKU-S-04,Snacks,106,0
2024-07-24,SKU-S-04,Snacks,84,0
2024-07-25,SKU-S-04,Snacks,32,0
2024-07-26,SKU-S-04,Snacks,38,0
2024-07-27,SKU-S-04,Snacks,86,0
2024-07-28,SKU-S-04,Snacks,59,0
2024-07-29,SKU-S-04,Snacks,73,0
2024-07-30,SKU-S-04,Snacks,84,0
2024-07-31,SKU-S-04,Snacks,74,0
2024-08-01,SKU-S-04,Snacks,56,0
2024-08-02,SKU-S-04,Snacks,66,0
2024-08-03,SKU-S-04,Snacks,77,0
2024-08-04,SKU-S-04,Snacks,117,0
2024-08-05,SKU-S-04,Snacks,79,0
2024-08-06,SKU-S-04,Snacks,18,0
2024-08-07,SKU-S-04,Snacks,71,0
2024-08-08,SKU-S-04,Snacks,55,0
2024-08-09,SKU-S-04,Snacks,42,0
2024-08-10,SKU-S-04,Snacks,110,0
2024-08-11,SKU-S-04,Snacks,76,0
2024-08-12,SKU-S-04,Snacks,62,0
2024-08-13,SKU-S-04,Snacks,63,0
2024-08-14,SKU-S-04,Snacks,84,0
2024-08-15,SKU-S-04,Snacks,81,0
2024-08-16,SKU-S-04,Snacks,84,0
2024-08-17,SKU-S-04,Snacks,67,0
2024-08-18,SKU-S-04,Snacks,266,0
2024-08-19,SKU-S-04,Snacks,109,0
2024-08-20,SKU-S-04,Snacks,72,0
2024-08-21,SKU-S-04,Snacks,101,0
2024-08-22,SKU-S-04,Snacks,100,0
2024-08-23,SKU-S-04,Snacks,78,0
2024-08-24,SKU-S-04,Snacks,60,0
2024-08-25,SKU-S-04,Snacks,59,0
2024-08-26,SKU-S-04,Snacks,102,0
2024-08-27,SKU-S-04,Snacks,121,0
2024-08-28,SKU-S-04,Snacks,44,0
2024-08-29,SKU-S-04,Snacks,97,0
2024-08-30,SKU-S-04,Snacks,72,0
2024-08-31,SKU-S-04,Snacks,137,0
2024-09-01,SKU-S-04,Snacks,187,1
2024-09-02,SKU-S-04,Snacks,99,0
2024-09-03,SKU-S-04,Snacks,96,0
2024-09-04,SKU-S-04,Snacks,105,0
2024-09-05,SKU-S-04,Snacks,258,1
2024-09-06,SKU-S-04,Snacks,100,0
2024-09-07,SKU-S-04,Snacks,225,1
2024-09-08,SKU-S-04,Snacks,93,0
2024-09-09,SKU-S-04,Snacks,271,1
2024-09-10,SKU-S-04,Snacks,95,1
2024-09-11,SKU-S-04,Snacks,11,0
2024-09-12,SKU-S-04,Snacks,87,0
2024-09-13,SKU-S-04,Snacks,130,0
2024-09-14,SKU-S-04,Snacks,69,0
2024-09-15,SKU-S-04,Snacks,94,0
2024-09-16,SKU-S-04,Snacks,178,1
2024-09-17,SKU-S-04,Snacks,95,0
2024-09-18,SKU-S-04,Snacks,135,1
2024-09-19,SKU-S-04,Snacks,43,0
2024-09-20,SKU-S-04,Snacks,47,0
2024-09-21,SKU-S-04,Snacks,87,0
2024-09-22,SKU-S-04,Snacks,238,0
2024-09-23,SKU-S-04,Snacks,81,0
2024-09-24,SKU-S-04,Snacks,70,0
2024-09-25,SKU-S-04,Snacks,55,0
2024-09-26,SKU-S-04,Snacks,38,0
2024-09-27,SKU-S-04,Snacks,144,0
2024-09-28,SKU-S-04,Snacks,128,0
2024-09-29,SKU-S-04,Snacks,85,0
2024-09-30,SKU-S-04,Snacks,38,0
2024-10-01,SKU-S-04,Snacks,91,0
2024-10-02,SKU-S-04,Snacks,96,0
2024-10-03,SKU-S-04,Snacks,168,1
2024-10-04,SKU-S-04,Snacks,124,0
2024-10-05,SKU-S-04,Snacks,79,0
2024-10-06,SKU-S-04,Snacks,155,0
2024-10-07,SKU-S-04,Snacks,87,0
2024-10-08,SKU-S-04,Snacks,72,0
2024-10-09,SKU-S-04,Snacks,430,1
2024-10-10,SKU-S-04,Snacks,155,1
2024-10-11,SKU-S-04,Snacks,161,0
2024-10-12,SKU-S-04,Snacks,214,0
2024-10-13,SKU-S-04,Snacks,195,0
2024-10-14,SKU-S-04,Snacks,72,0
2024-10-15,SKU-S-04,Snacks,80,0
2024-10-16,SKU-S-04,Snacks,101,0
2024-10-17,SKU-S-04,Snacks,127,1
2024-10-18,SKU-S-04,Snacks,205,1
2024-10-19,SKU-S-04,Snacks,91,0
2024-10-20,SKU-S-04,Snacks,75,0
2024-10-21,SKU-S-04,Snacks,81,0
2024-10-22,SKU-S-04,Snacks,50,0
2024-10-23,SKU-S-04,Snacks,48,0
2024-10-24,SKU-S-04,Snacks,103,0
2024-10-25,SKU-S-04,Snacks,137,0
2024-10-26,SKU-S-04,Snacks,161,0
2024-10-27,SKU-S-04,Snacks,218,0
2024-10-28,SKU-S-04,Snacks,39,0
2024-10-29,SKU-S-04,Snacks,31,0
2024-10-30,SKU-S-04,Snacks,206,1
2024-10-31,SKU-S-04,Snacks,76,0
2024-11-01,SKU-S-04,Snacks,69,0
2024-11-02,SKU-S-04,Snacks,123,0
2024-11-03,SKU-S-04,Snacks,88,0
2024-11-04,SKU-S-04,Snacks,104,0
2024-11-05,SKU-S-04,Snacks,46,0
2024-11-06,SKU-S-04,Snacks,77,0
2024-11-07,SKU-S-04,Snacks,101,0
2024-11-08,SKU-S-04,Snacks,102,0
2024-11-09,SKU-S-04,Snacks,460,1
2024-11-10,SKU-S-04,Snacks,107,0
2024-11-11,SKU-S-04,Snacks,51,0
2024-11-12,SKU-S-04,Snacks,123,1
2024-11-13,SKU-S-04,Snacks,73,0
2024-11-14,SKU-S-04,Snacks,81,0
2024-11-15,SKU-S-04,Snacks,143,0
2024-11-16,SKU-S-04,Snacks,283,1
2024-11-17,SKU-S-04,Snacks,33,0
2024-11-18,SKU-S-04,Snacks,132,0
2024-11-19,SKU-S-04,Snacks,45,0
2024-11-20,SKU-S-04,Snacks,66,0
2024-11-21,SKU-S-04,Snacks,223,0
2024-11-22,SKU-S-04,Snacks,94,0
2024-11-23,SKU-S-04,Snacks,105,0
2024-11-24,SKU-S-04,Snacks,192,0
2024-11-25,SKU-S-04,Snacks,134,0
2024-11-26,SKU-S-04,Snacks,105,1
2024-11-27,SKU-S-04,Snacks,143,0
2024-11-28,SKU-S-04,Snacks,59,0
2024-11-29,SKU-S-04,Snacks,111,0
2024-11-30,SKU-S-04,Snacks,165,0
2024-12-01,SKU-S-04,Snacks,377,0
2024-12-02,SKU-S-04,Snacks,71,0
2024-12-03,SKU-S-04,Snacks,174,0
2024-12-04,SKU-S-04,Snacks,105,0
2024-12-05,SKU-S-04,Snacks,36,0
2024-12-06,SKU-S-04,Snacks,74,0
2024-12-07,SKU-S-04,Snacks,116,0
2024-12-08,SKU-S-04,Snacks,138,0
2024-12-09,SKU-S-04,Snacks,255,1
2024-12-10,SKU-S-04,Snacks,312,1
2024-12-11,SKU-S-04,Snacks,155,0
2024-12-12,SKU-S-04,Snacks,85,0
2024-12-13,SKU-S-04,Snacks,58,0
2024-12-14,SKU-S-04,Snacks,186,1
2024-12-15,SKU-S-04,Snacks,130,0
2024-12-16,SKU-S-04,Snacks,102,0
2024-12-17,SKU-S-04,Snacks,306,1
2024-12-18,SKU-S-04,Snacks,74,0
2024-12-19,SKU-S-04,Snacks,144,0
2024-12-20,SKU-S-04,Snacks,179,0
2024-12-21,SKU-S-04,Snacks,94,0
2024-12-22,SKU-S-04,Snacks,109,0
2024-12-23,SKU-S-04,Snacks,83,0
2024-12-24,SKU-S-04,Snacks,194,0
2024-12-25,SKU-S-04,Snacks,72,0
2024-12-26,SKU-S-04,Snacks,162,1
2024-12-27,SKU-S-04,Snacks,74,0
2024-12-28,SKU-S-04,Snacks,202,0
2024-12-29,SKU-S-04,Snacks,105,0
2024-12-30,SKU-S-04,Snacks,73,0
2024-12-31,SKU-S-04,Snacks,193,0
2025-01-01,SKU-S-04,Snacks,79,0
2025-01-02,SKU-S-04,Snacks,43,0
2025-01-03,SKU-S-04,Snacks,80,0
2025-01-04,SKU-S-04,Snacks,341,1
2025-01-05,SKU-S-04,Snacks,406,1
2025-01-06,SKU-S-04,Snacks,133,0
2025-01-07,SKU-S-04,Snacks,112,0
2025-01-08,SKU-S-04,Snacks,72,0
2025-01-09,SKU-S-04,Snacks,161,0
2025-01-10,SKU-S-04,Snacks,99,0
2025-01-11,SKU-S-04,Snacks,198,0
2025-01-12,SKU-S-04,Snacks,123,0
2025-01-13,SKU-S-04,Snacks,79,0
2025-01-14,SKU-S-04,Snacks,106,0
2025-01-15,SKU-S-04,Snacks,59,0
2025-01-16,SKU-S-04,Snacks,345,1
2025-01-17,SKU-S-04,Snacks,130,0
2025-01-18,SKU-S-04,Snacks,126,0
2025-01-19,SKU-S-04,Snacks,149,0
2025-01-20,SKU-S-04,Snacks,105,0
2025-01-21,SKU-S-04,Snacks,90,0
2025-01-22,SKU-S-04,Snacks,108,0
2025-01-23,SKU-S-04,Snacks,77,0
2025-01-24,SKU-S-04,Snacks,132,0
2025-01-25,SKU-S-04,Snacks,197,0
2025-01-26,SKU-S-04,Snacks,250,1
2025-01-27,SKU-S-04,Snacks,44,0
2025-01-28,SKU-S-04,Snacks,219,1
2025-01-29,SKU-S-04,Snacks,43,0
2025-01-30,SKU-S-04,Snacks,115,0
2025-01-31,SKU-S-04,Snacks,94,0
2025-02-01,SKU-S-04,Snacks,131,0
2025-02-02,SKU-S-04,Snacks,73,0
2025-02-03,SKU-S-04,Snacks,59,0
2025-02-04,SKU-S-04,Snacks,167,1
2025-02-05,SKU-S-04,Snacks,108,0
2025-02-06,SKU-S-04,Snacks,55,0
2025-02-07,SKU-S-04,Snacks,98,0
2025-02-08,SKU-S-04,Snacks,417,1
2025-02-09,SKU-S-04,Snacks,625,1
2025-02-10,SKU-S-04,Snacks,79,0
2025-02-11,SKU-S-04,Snacks,87,0
2025-02-12,SKU-S-04,Snacks,109,0
2025-02-13,SKU-S-04,Snacks,269,1
2025-02-14,SKU-S-04,Snacks,64,0
2025-02-15,SKU-S-04,Snacks,315,0
2025-02-16,SKU-S-04,Snacks,110,0
2025-02-17,SKU-S-04,Snacks,79,0
2025-02-18,SKU-S-04,Snacks,53,0
2025-02-19,SKU-S-04,Snacks,56,0
2025-02-20,SKU-S-04,Snacks,104,0
2025-02-21,SKU-S-04,Snacks,80,0
2025-02-22,SKU-S-04,Snacks,124,0
2025-02-23,SKU-S-04,Snacks,95,0
2025-02-24,SKU-S-04,Snacks,32,0
2025-02-25,SKU-S-04,Snacks,66,0
2025-02-26,SKU-S-04,Snacks,101,0
2025-02-27,SKU-S-04,Snacks,61,0
2025-02-28,SKU-S-04,Snacks,253,0
2025-03-01,SKU-S-04,Snacks,75,0
2025-03-02,SKU-S-04,Snacks,73,0
2025-03-03,SKU-S-04,Snacks,41,0
2025-03-04,SKU-S-04,Snacks,65,0
2025-03-05,SKU-S-04,Snacks,47,0
2025-03-06,SKU-S-04,Snacks,110,0
2025-03-07,SKU-S-04,Snacks,115,0
2025-03-08,SKU-S-04,Snacks,122,0
2025-03-09,SKU-S-04,Snacks,117,0
2025-03-10,SKU-S-04,Snacks,69,0
2025-03-11,SKU-S-04,Snacks,91,0
2025-03-12,SKU-S-04,Snacks,155,1
2025-03-13,SKU-S-04,Snacks,117,0
2025-03-14,SKU-S-04,Snacks,33,0
2025-03-15,SKU-S-04,Snacks,129,0
2025-03-16,SKU-S-04,Snacks,106,0
2025-03-17,SKU-S-04,Snacks,105,1
2025-03-18,SKU-S-04,Snacks,126,0
2025-03-19,SKU-S-04,Snacks,65,0
2025-03-20,SKU-S-04,Snacks,123,0
2025-03-21,SKU-S-04,Snacks,74,0
2025-03-22,SKU-S-04,Snacks,101,0
2025-03-23,SKU-S-04,Snacks,106,0
2025-03-24,SKU-S-04,Snacks,57,0
2025-03-25,SKU-S-04,Snacks,111,0
2025-03-26,SKU-S-04,Snacks,93,0
2025-03-27,SKU-S-04,Snacks,75,0
2025-03-28,SKU-S-04,Snacks,181,0
2025-03-29,SKU-S-04,Snacks,149,0
2025-03-30,SKU-S-04,Snacks,118,0
2025-03-31,SKU-S-04,Snacks,67,0
2025-04-01,SKU-S-04,Snacks,322,1
2025-04-02,SKU-S-04,Snacks,97,0
2025-04-03,SKU-S-04,Snacks,246,1
2025-04-04,SKU-S-04,Snacks,209,0
2025-04-05,SKU-S-04,Snacks,286,0
2025-04-06,SKU-S-04,Snacks,130,0
2025-04-07,SKU-S-04,Snacks,81,0
2025-04-08,SKU-S-04,Snacks,73,0
2025-04-09,SKU-S-04,Snacks,8,0
2025-04-10,SKU-S-04,Snacks,147,0
2025-04-11,SKU-S-04,Snacks,166,0
2025-04-12,SKU-S-04,Snacks,136,0
2025-04-13,SKU-S-04,Snacks,114,0
2025-04-14,SKU-S-04,Snacks,42,0
2025-04-15,SKU-S-04,Snacks,299,1
2025-04-16,SKU-S-04,Snacks,75,0
2025-04-17,SKU-S-04,Snacks,71,0
2025-04-18,SKU-S-04,Snacks,54,0
2025-04-19,SKU-S-04,Snacks,74,0
2025-04-20,SKU-S-04,Snacks,76,1
2025-04-21,SKU-S-04,Snacks,44,0
2025-04-22,SKU-S-04,Snacks,63,0
2025-04-23,SKU-S-04,Snacks,56,0
2025-04-24,SKU-S-04,Snacks,119,0
2025-04-25,SKU-S-04,Snacks,61,0
2025-04-26,SKU-S-04,Snacks,89,0
2025-04-27,SKU-S-04,Snacks,157,0
2025-04-28,SKU-S-04,Snacks,35,0
2025-04-29,SKU-S-04,Snacks,73,0
2025-04-30,SKU-S-04,Snacks,137,0
2025-05-01,SKU-S-04,Snacks,115,0
2025-05-02,SKU-S-04,Snacks,177,1
2025-05-03,SKU-S-04,Snacks,190,1
2025-05-04,SKU-S-04,Snacks,176,0
2025-05-05,SKU-S-04,Snacks,136,0
2025-05-06,SKU-S-04,Snacks,43,0
2025-05-07,SKU-S-04,Snacks,112,1
2025-05-08,SKU-S-04,Snacks,192,1
2025-05-09,SKU-S-04,Snacks,303,1
2025-05-10,SKU-S-04,Snacks,66,0
2025-05-11,SKU-S-04,Snacks,152,0
2025-05-12,SKU-S-04,Snacks,113,0
2025-05-13,SKU-S-04,Snacks,67,0
2025-05-14,SKU-S-04,Snacks,36,0
2025-05-15,SKU-S-04,Snacks,49,1
2025-05-16,SKU-S-04,Snacks,34,0
2025-05-17,SKU-S-04,Snacks,122,0
2025-05-18,SKU-S-04,Snacks,96,0
2025-05-19,SKU-S-04,Snacks,98,0
2025-05-20,SKU-S-04,Snacks,26,0
2025-05-21,SKU-S-04,Snacks,179,0
2025-05-22,SKU-S-04,Snacks,365,0
2025-05-23,SKU-S-04,Snacks,48,0
2025-05-24,SKU-S-04,Snacks,56,0
2025-05-25,SKU-S-04,Snacks,80,0
2025-05-26,SKU-S-04,Snacks,65,0
2025-05-27,SKU-S-04,Snacks,80,0
2025-05-28,SKU-S-04,Snacks,158,0
2025-05-29,SKU-S-04,Snacks,36,0
2025-05-30,SKU-S-04,Snacks,94,0
2025-05-31,SKU-S-04,Snacks,150,0
2025-06-01,SKU-S-04,Snacks,174,0
2025-06-02,SKU-S-04,Snacks,157,0
2025-06-03,SKU-S-04,Snacks,160,0
2025-06-04,SKU-S-04,Snacks,260,1
2025-06-05,SKU-S-04,Snacks,104,1
2025-06-06,SKU-S-04,Snacks,317,1
2025-06-07,SKU-S-04,Snacks,561,0
2025-06-08,SKU-S-04,Snacks,47,1
2025-06-09,SKU-S-04,Snacks,102,0
2025-06-10,SKU-S-04,Snacks,132,0
2025-06-11,SKU-S-04,Snacks,41,0
2025-06-12,SKU-S-04,Snacks,131,0
2025-06-13,SKU-S-04,Snacks,56,0
2025-06-14,SKU-S-04,Snacks,73,0
2025-06-15,SKU-S-04,Snacks,207,0
2025-06-16,SKU-S-04,Snacks,165,0
2025-06-17,SKU-S-04,Snacks,48,0
2025-06-18,SKU-S-04,Snacks,74,0
2025-06-19,SKU-S-04,Snacks,190,1
2025-06-20,SKU-S-04,Snacks,99,0
2025-06-21,SKU-S-04,Snacks,83,0
2025-06-22,SKU-S-04,Snacks,137,0
2025-06-23,SKU-S-04,Snacks,96,0
2025-06-24,SKU-S-04,Snacks,91,0
2025-06-25,SKU-S-04,Snacks,84,0
2025-06-26,SKU-S-04,Snacks,60,0
2025-06-27,SKU-S-04,Snacks,102,0
2025-06-28,SKU-S-04,Snacks,227,0
2025-06-29,SKU-S-04,Snacks,17,0
2025-06-30,SKU-S-04,Snacks,93,0
2025-07-01,SKU-S-04,Snacks,115,0
2023-01-01,SKU-S-05,Snacks,75,0
2023-01-02,SKU-S-05,Snacks,88,0
2023-01-03,SKU-S-05,Snacks,115,0
2023-01-04,SKU-S-05,Snacks,133,0
2023-01-05,SKU-S-05,Snacks,45,0
2023-01-06,SKU-S-05,Snacks,114,1
2023-01-07,SKU-S-05,Snacks,117,0
2023-01-08,SKU-S-05,Snacks,63,0
2023-01-09,SKU-S-05,Snacks,139,0
2023-01-10,SKU-S-05,Snacks,53,0
2023-01-11,SKU-S-05,Snacks,54,0
2023-01-12,SKU-S-05,Snacks,90,0
2023-01-13,SKU-S-05,Snacks,34,0
2023-01-14,SKU-S-05,Snacks,138,0
2023-01-15,SKU-S-05,Snacks,95,0
2023-01-16,SKU-S-05,Snacks,109,0
2023-01-17,SKU-S-05,Snacks,89,0
2023-01-18,SKU-S-05,Snacks,126,0
2023-01-19,SKU-S-05,Snacks,111,0
2023-01-20,SKU-S-05,Snacks,274,0
2023-01-21,SKU-S-05,Snacks,306,1
2023-01-22,SKU-S-05,Snacks,111,0
2023-01-23,SKU-S-05,Snacks,160,0
2023-01-24,SKU-S-05,Snacks,120,0
2023-01-25,SKU-S-05,Snacks,86,0
2023-01-26,SKU-S-05,Snacks,113,0
2023-01-27,SKU-S-05,Snacks,78,0
2023-01-28,SKU-S-05,Snacks,181,0
2023-01-29,SKU-S-05,Snacks,409,1
2023-01-30,SKU-S-05,Snacks,53,0
2023-01-31,SKU-S-05,Snacks,174,0
2023-02-01,SKU-S-05,Snacks,84,0
2023-02-02,SKU-S-05,Snacks,114,0
2023-02-03,SKU-S-05,Snacks,67,0
2023-02-04,SKU-S-05,Snacks,568,1
2023-02-05,SKU-S-05,Snacks,147,0
2023-02-06,SKU-S-05,Snacks,98,0
2023-02-07,SKU-S-05,Snacks,67,0
2023-02-08,SKU-S-05,Snacks,120,0
2023-02-09,SKU-S-05,Snacks,280,1
2023-02-10,SKU-S-05,Snacks,33,0
2023-02-11,SKU-S-05,Snacks,241,0
2023-02-12,SKU-S-05,Snacks,117,0
2023-02-13,SKU-S-05,Snacks,69,0
2023-02-14,SKU-S-05,Snacks,88,0
2023-02-15,SKU-S-05,Snacks,72,0
2023-02-16,SKU-S-05,Snacks,245,0
2023-02-17,SKU-S-05,Snacks,57,0
2023-02-18,SKU-S-05,Snacks,43,0
2023-02-19,SKU-S-05,Snacks,163,0
2023-02-20,SKU-S-05,Snacks,149,1
2023-02-21,SKU-S-05,Snacks,108,0
2023-02-22,SKU-S-05,Snacks,101,0
2023-02-23,SKU-S-05,Snacks,96,0
2023-02-24,SKU-S-05,Snacks,144,0
2023-02-25,SKU-S-05,Snacks,117,1
2023-02-26,SKU-S-05,Snacks,98,0
2023-02-27,SKU-S-05,Snacks,104,0
2023-02-28,SKU-S-05,Snacks,52,0
2023-03-01,SKU-S-05,Snacks,90,0
2023-03-02,SKU-S-05,Snacks,99,0
2023-03-03,SKU-S-05,Snacks,89,0
2023-03-04,SKU-S-05,Snacks,179,0
2023-03-05,SKU-S-05,Snacks,73,0
2023-03-06,SKU-S-05,Snacks,45,0
2023-03-07,SKU-S-05,Snacks,79,0
2023-03-08,SKU-S-05,Snacks,210,1
2023-03-09,SKU-S-05,Snacks,89,0
2023-03-10,SKU-S-05,Snacks,35,0
2023-03-11,SKU-S-05,Snacks,400,0
2023-03-12,SKU-S-05,Snacks,227,0
2023-03-13,SKU-S-05,Snacks,53,0
2023-03-14,SKU-S-05,Snacks,123,0
2023-03-15,SKU-S-05,Snacks,27,0
2023-03-16,SKU-S-05,Snacks,147,0
2023-03-17,SKU-S-05,Snacks,36,0
2023-03-18,SKU-S-05,Snacks,234,0
2023-03-19,SKU-S-05,Snacks,141,1
2023-03-20,SKU-S-05,Snacks,76,0
2023-03-21,SKU-S-05,Snacks,69,0
2023-03-22,SKU-S-05,Snacks,106,0
2023-03-23,SKU-S-05,Snacks,91,0
2023-03-24,SKU-S-05,Snacks,68,0
2023-03-25,SKU-S-05,Snacks,67,0
2023-03-26,SKU-S-05,Snacks,109,0
2023-03-27,SKU-S-05,Snacks,156,0
2023-03-28,SKU-S-05,Snacks,72,0
2023-03-29,SKU-S-05,Snacks,108,0
2023-03-30,SKU-S-05,Snacks,76,0
2023-03-31,SKU-S-05,Snacks,89,0
2023-04-01,SKU-S-05,Snacks,194,0
2023-04-02,SKU-S-05,Snacks,187,0
2023-04-03,SKU-S-05,Snacks,40,0
2023-04-04,SKU-S-05,Snacks,131,0
2023-04-05,SKU-S-05,Snacks,84,0
2023-04-06,SKU-S-05,Snacks,93,0
2023-04-07,SKU-S-05,Snacks,69,0
2023-04-08,SKU-S-05,Snacks,71,0
2023-04-09,SKU-S-05,Snacks,148,0
2023-04-10,SKU-S-05,Snacks,224,1
2023-04-11,SKU-S-05,Snacks,70,0
2023-04-12,SKU-S-05,Snacks,89,0
2023-04-13,SKU-S-05,Snacks,111,0
2023-04-14,SKU-S-05,Snacks,103,0
2023-04-15,SKU-S-05,Snacks,26,0
2023-04-16,SKU-S-05,Snacks,221,0
2023-04-17,SKU-S-05,Snacks,66,0
2023-04-18,SKU-S-05,Snacks,95,0
2023-04-19,SKU-S-05,Snacks,56,0
2023-04-20,SKU-S-05,Snacks,96,0
2023-04-21,SKU-S-05,Snacks,59,0
2023-04-22,SKU-S-05,Snacks,171,0
2023-04-23,SKU-S-05,Snacks,168,0
2023-04-24,SKU-S-05,Snacks,125,1
2023-04-25,SKU-S-05,Snacks,40,0
2023-04-26,SKU-S-05,Snacks,64,0
2023-04-27,SKU-S-05,Snacks,65,0
2023-04-28,SKU-S-05,Snacks,74,0
2023-04-29,SKU-S-05,Snacks,176,0
2023-04-30,SKU-S-05,Snacks,151,1
2023-05-01,SKU-S-05,Snacks,30,0
2023-05-02,SKU-S-05,Snacks,67,0
2023-05-03,SKU-S-05,Snacks,48,1
2023-05-04,SKU-S-05,Snacks,54,0
2023-05-05,SKU-S-05,Snacks,69,0
2023-05-06,SKU-S-05,Snacks,217,0
2023-05-07,SKU-S-05,Snacks,37,0
2023-05-08,SKU-S-05,Snacks,45,0
2023-05-09,SKU-S-05,Snacks,39,0
2023-05-10,SKU-S-05,Snacks,57,0
2023-05-11,SKU-S-05,Snacks,85,0
2023-05-12,SKU-S-05,Snacks,12,0
2023-05-13,SKU-S-05,Snacks,206,0
2023-05-14,SKU-S-05,Snacks,67,0
2023-05-15,SKU-S-05,Snacks,90,0
2023-05-16,SKU-S-05,Snacks,76,1
2023-05-17,SKU-S-05,Snacks,256,1
2023-05-18,SKU-S-05,Snacks,88,0
2023-05-19,SKU-S-05,Snacks,98,0
2023-05-20,SKU-S-05,Snacks,108,0
2023-05-21,SKU-S-05,Snacks,36,0
2023-05-22,SKU-S-05,Snacks,165,1
2023-05-23,SKU-S-05,Snacks,70,0
2023-05-24,SKU-S-05,Snacks,98,0
2023-05-25,SKU-S-05,Snacks,209,0
2023-05-26,SKU-S-05,Snacks,113,0
2023-05-27,SKU-S-05,Snacks,62,0
2023-05-28,SKU-S-05,Snacks,188,0
2023-05-29,SKU-S-05,Snacks,72,0
2023-05-30,SKU-S-05,Snacks,106,0
2023-05-31,SKU-S-05,Snacks,21,0
2023-06-01,SKU-S-05,Snacks,55,1
2023-06-02,SKU-S-05,Snacks,73,0
2023-06-03,SKU-S-05,Snacks,131,0
2023-06-04,SKU-S-05,Snacks,45,0
2023-06-05,SKU-S-05,Snacks,119,0
2023-06-06,SKU-S-05,Snacks,65,0
2023-06-07,SKU-S-05,Snacks,31,0
2023-06-08,SKU-S-05,Snacks,19,0
2023-06-09,SKU-S-05,Snacks,178,1
2023-06-10,SKU-S-05,Snacks,72,0
2023-06-11,SKU-S-05,Snacks,33,0
2023-06-12,SKU-S-05,Snacks,85,0
2023-06-13,SKU-S-05,Snacks,79,0
2023-06-14,SKU-S-05,Snacks,171,0
2023-06-15,SKU-S-05,Snacks,103,0
2023-06-16,SKU-S-05,Snacks,49,0
2023-06-17,SKU-S-05,Snacks,150,0
2023-06-18,SKU-S-05,Snacks,331,1
2023-06-19,SKU-S-05,Snacks,186,0
2023-06-20,SKU-S-05,Snacks,28,0
2023-06-21,SKU-S-05,Snacks,125,0
2023-06-22,SKU-S-05,Snacks,288,0
2023-06-23,SKU-S-05,Snacks,148,1
2023-06-24,SKU-S-05,Snacks,164,0
2023-06-25,SKU-S-05,Snacks,112,0
2023-06-26,SKU-S-05,Snacks,168,1
2023-06-27,SKU-S-05,Snacks,25,0
2023-06-28,SKU-S-05,Snacks,77,0
2023-06-29,SKU-S-05,Snacks,110,0
2023-06-30,SKU-S-05,Snacks,88,0
2023-07-01,SKU-S-05,Snacks,111,0
2023-07-02,SKU-S-05,Snacks,34,0
2023-07-03,SKU-S-05,Snacks,58,0
2023-07-04,SKU-S-05,Snacks,77,0
2023-07-05,SKU-S-05,Snacks,30,0
2023-07-06,SKU-S-05,Snacks,146,0
2023-07-07,SKU-S-05,Snacks,211,0
2023-07-08,SKU-S-05,Snacks,190,0
2023-07-09,SKU-S-05,Snacks,163,0
2023-07-10,SKU-S-05,Snacks,159,0
2023-07-11,SKU-S-05,Snacks,72,0
2023-07-12,SKU-S-05,Snacks,29,1
2023-07-13,SKU-S-05,Snacks,56,0
2023-07-14,SKU-S-05,Snacks,175,0
2023-07-15,SKU-S-05,Snacks,115,0
2023-07-16,SKU-S-05,Snacks,102,0
2023-07-17,SKU-S-05,Snacks,47,0
2023-07-18,SKU-S-05,Snacks,135,1
2023-07-19,SKU-S-05,Snacks,198,1
2023-07-20,SKU-S-05,Snacks,79,0
2023-07-21,SKU-S-05,Snacks,150,0
2023-07-22,SKU-S-05,Snacks,24,0
2023-07-23,SKU-S-05,Snacks,387,1
2023-07-24,SKU-S-05,Snacks,40,0
2023-07-25,SKU-S-05,Snacks,143,1
2023-07-26,SKU-S-05,Snacks,68,0
2023-07-27,SKU-S-05,Snacks,37,0
2023-07-28,SKU-S-05,Snacks,52,0
2023-07-29,SKU-S-05,Snacks,162,1
2023-07-30,SKU-S-05,Snacks,95,0
2023-07-31,SKU-S-05,Snacks,17,0
2023-08-01,SKU-S-05,Snacks,41,0
2023-08-02,SKU-S-05,Snacks,153,0
2023-08-03,SKU-S-05,Snacks,58,0
2023-08-04,SKU-S-05,Snacks,77,0
2023-08-05,SKU-S-05,Snacks,96,0
2023-08-06,SKU-S-05,Snacks,49,0
2023-08-07,SKU-S-05,Snacks,66,0
2023-08-08,SKU-S-05,Snacks,395,1
2023-08-09,SKU-S-05,Snacks,143,1
2023-08-10,SKU-S-05,Snacks,146,0
2023-08-11,SKU-S-05,Snacks,206,1
2023-08-12,SKU-S-05,Snacks,164,0
2023-08-13,SKU-S-05,Snacks,110,1
2023-08-14,SKU-S-05,Snacks,167,0
2023-08-15,SKU-S-05,Snacks,124,1
2023-08-16,SKU-S-05,Snacks,32,0
2023-08-17,SKU-S-05,Snacks,107,0
2023-08-18,SKU-S-05,Snacks,315,1
2023-08-19,SKU-S-05,Snacks,58,0
2023-08-20,SKU-S-05,Snacks,224,1
2023-08-21,SKU-S-05,Snacks,45,0
2023-08-22,SKU-S-05,Snacks,23,0
2023-08-23,SKU-S-05,Snacks,83,0
2023-08-24,SKU-S-05,Snacks,111,0
2023-08-25,SKU-S-05,Snacks,66,0
2023-08-26,SKU-S-05,Snacks,113,0
2023-08-27,SKU-S-05,Snacks,159,0
2023-08-28,SKU-S-05,Snacks,145,0
2023-08-29,SKU-S-05,Snacks,97,0
2023-08-30,SKU-S-05,Snacks,323,1
2023-08-31,SKU-S-05,Snacks,152,0
2023-09-01,SKU-S-05,Snacks,118,0
2023-09-02,SKU-S-05,Snacks,137,1
2023-09-03,SKU-S-05,Snacks,33,0
2023-09-04,SKU-S-05,Snacks,112,1
2023-09-05,SKU-S-05,Snacks,56,0
2023-09-06,SKU-S-05,Snacks,99,0
2023-09-07,SKU-S-05,Snacks,87,0
2023-09-08,SKU-S-05,Snacks,67,0
2023-09-09,SKU-S-05,Snacks,79,0
2023-09-10,SKU-S-05,Snacks,66,0
2023-09-11,SKU-S-05,Snacks,106,0
2023-09-12,SKU-S-05,Snacks,65,0
2023-09-13,SKU-S-05,Snacks,241,1
2023-09-14,SKU-S-05,Snacks,203,0
2023-09-15,SKU-S-05,Snacks,128,1
2023-09-16,SKU-S-05,Snacks,51,0
2023-09-17,SKU-S-05,Snacks,68,0
2023-09-18,SKU-S-05,Snacks,214,0
2023-09-19,SKU-S-05,Snacks,107,0
2023-09-20,SKU-S-05,Snacks,51,0
2023-09-21,SKU-S-05,Snacks,81,0
2023-09-22,SKU-S-05,Snacks,87,0
2023-09-23,SKU-S-05,Snacks,61,0
2023-09-24,SKU-S-05,Snacks,111,0
2023-09-25,SKU-S-05,Snacks,58,0
2023-09-26,SKU-S-05,Snacks,50,0
2023-09-27,SKU-S-05,Snacks,36,0
2023-09-28,SKU-S-05,Snacks,94,0
2023-09-29,SKU-S-05,Snacks,51,0
2023-09-30,SKU-S-05,Snacks,138,0
2023-10-01,SKU-S-05,Snacks,58,0
2023-10-02,SKU-S-05,Snacks,102,0
2023-10-03,SKU-S-05,Snacks,256,1
2023-10-04,SKU-S-05,Snacks,65,0
2023-10-05,SKU-S-05,Snacks,131,0
2023-10-06,SKU-S-05,Snacks,224,1
2023-10-07,SKU-S-05,Snacks,141,0
2023-10-08,SKU-S-05,Snacks,89,0
2023-10-09,SKU-S-05,Snacks,69,0
2023-10-10,SKU-S-05,Snacks,57,0
2023-10-11,SKU-S-05,Snacks,38,0
2023-10-12,SKU-S-05,Snacks,76,0
2023-10-13,SKU-S-05,Snacks,66,0
2023-10-14,SKU-S-05,Snacks,165,0
2023-10-15,SKU-S-05,Snacks,7,0
2023-10-16,SKU-S-05,Snacks,88,0
2023-10-17,SKU-S-05,Snacks,55,0
2023-10-18,SKU-S-05,Snacks,70,0
2023-10-19,SKU-S-05,Snacks,54,0
2023-10-20,SKU-S-05,Snacks,123,0
2023-10-21,SKU-S-05,Snacks,92,0
2023-10-22,SKU-S-05,Snacks,81,0
2023-10-23,SKU-S-05,Snacks,107,0
2023-10-24,SKU-S-05,Snacks,91,0
2023-10-25,SKU-S-05,Snacks,145,0
2023-10-26,SKU-S-05,Snacks,103,0
2023-10-27,SKU-S-05,Snacks,139,0
2023-10-28,SKU-S-05,Snacks,27,0
2023-10-29,SKU-S-05,Snacks,220,0
2023-10-30,SKU-S-05,Snacks,233,1
2023-10-31,SKU-S-05,Snacks,43,0
2023-11-01,SKU-S-05,Snacks,47,0
2023-11-02,SKU-S-05,Snacks,82,0
2023-11-03,SKU-S-05,Snacks,412,1
2023-11-04,SKU-S-05,Snacks,87,0
2023-11-05,SKU-S-05,Snacks,72,0
2023-11-06,SKU-S-05,Snacks,55,1
2023-11-07,SKU-S-05,Snacks,43,0
2023-11-08,SKU-S-05,Snacks,27,0
2023-11-09,SKU-S-05,Snacks,45,0
2023-11-10,SKU-S-05,Snacks,49,0
2023-11-11,SKU-S-05,Snacks,83,0
2023-11-12,SKU-S-05,Snacks,214,1
2023-11-13,SKU-S-05,Snacks,36,0
2023-11-14,SKU-S-05,Snacks,465,1
2023-11-15,SKU-S-05,Snacks,63,0
2023-11-16,SKU-S-05,Snacks,155,0
2023-11-17,SKU-S-05,Snacks,93,0
2023-11-18,SKU-S-05,Snacks,59,0
2023-11-19,SKU-S-05,Snacks,46,0
2023-11-20,SKU-S-05,Snacks,352,1
2023-11-21,SKU-S-05,Snacks,95,0
2023-11-22,SKU-S-05,Snacks,76,0
2023-11-23,SKU-S-05,Snacks,111,0
2023-11-24,SKU-S-05,Snacks,193,0
2023-11-25,SKU-S-05,Snacks,191,0
2023-11-26,SKU-S-05,Snacks,163,0
2023-11-27,SKU-S-05,Snacks,45,0
2023-11-28,SKU-S-05,Snacks,377,1
2023-11-29,SKU-S-05,Snacks,86,1
2023-11-30,SKU-S-05,Snacks,109,0
2023-12-01,SKU-S-05,Snacks,338,1
2023-12-02,SKU-S-05,Snacks,68,0
2023-12-03,SKU-S-05,Snacks,79,0
2023-12-04,SKU-S-05,Snacks,69,0
2023-12-05,SKU-S-05,Snacks,3,0
2023-12-06,SKU-S-05,Snacks,117,0
2023-12-07,SKU-S-05,Snacks,83,0
2023-12-08,SKU-S-05,Snacks,54,0
2023-12-09,SKU-S-05,Snacks,189,1
2023-12-10,SKU-S-05,Snacks,115,0
2023-12-11,SKU-S-05,Snacks,26,0
2023-12-12,SKU-S-05,Snacks,23,0
2023-12-13,SKU-S-05,Snacks,29,1
2023-12-14,SKU-S-05,Snacks,154,0
2023-12-15,SKU-S-05,Snacks,158,0
2023-12-16,SKU-S-05,Snacks,128,0
2023-12-17,SKU-S-05,Snacks,122,0
2023-12-18,SKU-S-05,Snacks,210,1
2023-12-19,SKU-S-05,Snacks,39,0
2023-12-20,SKU-S-05,Snacks,153,0
2023-12-21,SKU-S-05,Snacks,92,1
2023-12-22,SKU-S-05,Snacks,175,0
2023-12-23,SKU-S-05,Snacks,108,0
2023-12-24,SKU-S-05,Snacks,376,1
2023-12-25,SKU-S-05,Snacks,108,0
2023-12-26,SKU-S-05,Snacks,109,0
2023-12-27,SKU-S-05,Snacks,141,0
2023-12-28,SKU-S-05,Snacks,64,0
2023-12-29,SKU-S-05,Snacks,60,0
2023-12-30,SKU-S-05,Snacks,174,0
2023-12-31,SKU-S-05,Snacks,258,0
2024-01-01,SKU-S-05,Snacks,139,0
2024-01-02,SKU-S-05,Snacks,69,0
2024-01-03,SKU-S-05,Snacks,99,0
2024-01-04,SKU-S-05,Snacks,37,0
2024-01-05,SKU-S-05,Snacks,166,0
2024-01-06,SKU-S-05,Snacks,181,0
2024-01-07,SKU-S-05,Snacks,89,1
2024-01-08,SKU-S-05,Snacks,151,0
2024-01-09,SKU-S-05,Snacks,125,0
2024-01-10,SKU-S-05,Snacks,38,0
2024-01-11,SKU-S-05,Snacks,111,0
2024-01-12,SKU-S-05,Snacks,122,0
2024-01-13,SKU-S-05,Snacks,129,0
2024-01-14,SKU-S-05,Snacks,135,0
2024-01-15,SKU-S-05,Snacks,73,0
2024-01-16,SKU-S-05,Snacks,49,0
2024-01-17,SKU-S-05,Snacks,73,0
2024-01-18,SKU-S-05,Snacks,72,0
2024-01-19,SKU-S-05,Snacks,80,0
2024-01-20,SKU-S-05,Snacks,56,0
2024-01-21,SKU-S-05,Snacks,162,0
2024-01-22,SKU-S-05,Snacks,63,0
2024-01-23,SKU-S-05,Snacks,64,0
2024-01-24,SKU-S-05,Snacks,14,0
2024-01-25,SKU-S-05,Snacks,25,0
2024-01-26,SKU-S-05,Snacks,128,0
2024-01-27,SKU-S-05,Snacks,41,0
2024-01-28,SKU-S-05,Snacks,96,0
2024-01-29,SKU-S-05,Snacks,18,0
2024-01-30,SKU-S-05,Snacks,64,0
2024-01-31,SKU-S-05,Snacks,46,0
2024-02-01,SKU-S-05,Snacks,422,1
2024-02-02,SKU-S-05,Snacks,50,0
2024-02-03,SKU-S-05,Snacks,31,0
2024-02-04,SKU-S-05,Snacks,12,0
2024-02-05,SKU-S-05,Snacks,112,0
2024-02-06,SKU-S-05,Snacks,30,0
2024-02-07,SKU-S-05,Snacks,34,0
2024-02-08,SKU-S-05,Snacks,140,0
2024-02-09,SKU-S-05,Snacks,101,0
2024-02-10,SKU-S-05,Snacks,116,0
2024-02-11,SKU-S-05,Snacks,190,0
2024-02-12,SKU-S-05,Snacks,58,0
2024-02-13,SKU-S-05,Snacks,49,0
2024-02-14,SKU-S-05,Snacks,76,0
2024-02-15,SKU-S-05,Snacks,7,0
2024-02-16,SKU-S-05,Snacks,117,0
2024-02-17,SKU-S-05,Snacks,91,0
2024-02-18,SKU-S-05,Snacks,159,0
2024-02-19,SKU-S-05,Snacks,70,1
2024-02-20,SKU-S-05,Snacks,69,0
2024-02-21,SKU-S-05,Snacks,20,0
2024-02-22,SKU-S-05,Snacks,17,0
2024-02-23,SKU-S-05,Snacks,60,0
2024-02-24,SKU-S-05,Snacks,85,0
2024-02-25,SKU-S-05,Snacks,236,0
2024-02-26,SKU-S-05,Snacks,97,0
2024-02-27,SKU-S-05,Snacks,68,0
2024-02-28,SKU-S-05,Snacks,99,0
2024-02-29,SKU-S-05,Snacks,66,0
2024-03-01,SKU-S-05,Snacks,194,1
2024-03-02,SKU-S-05,Snacks,52,0
2024-03-03,SKU-S-05,Snacks,176,0
2024-03-04,SKU-S-05,Snacks,162,1
2024-03-05,SKU-S-05,Snacks,80,0
2024-03-06,SKU-S-05,Snacks,26,0
2024-03-07,SKU-S-05,Snacks,74,0
2024-03-08,SKU-S-05,Snacks,64,0
2024-03-09,SKU-S-05,Snacks,132,0
2024-03-10,SKU-S-05,Snacks,39,0
2024-03-11,SKU-S-05,Snacks,198,0
2024-03-12,SKU-S-05,Snacks,88,0
2024-03-13,SKU-S-05,Snacks,54,0
2024-03-14,SKU-S-05,Snacks,37,0
2024-03-15,SKU-S-05,Snacks,113,1
2024-03-16,SKU-S-05,Snacks,96,0
2024-03-17,SKU-S-05,Snacks,86,0
2024-03-18,SKU-S-05,Snacks,30,0
2024-03-19,SKU-S-05,Snacks,60,0
2024-03-20,SKU-S-05,Snacks,36,0
2024-03-21,SKU-S-05,Snacks,63,0
2024-03-22,SKU-S-05,Snacks,55,0
2024-03-23,SKU-S-05,Snacks,45,0
2024-03-24,SKU-S-05,Snacks,96,0
2024-03-25,SKU-S-05,Snacks,58,1
2024-03-26,SKU-S-05,Snacks,269,1
2024-03-27,SKU-S-05,Snacks,64,0
2024-03-28,SKU-S-05,Snacks,88,0
2024-03-29,SKU-S-05,Snacks,24,0
2024-03-30,SKU-S-05,Snacks,65,0
2024-03-31,SKU-S-05,Snacks,140,0
2024-04-01,SKU-S-05,Snacks,79,0
2024-04-02,SKU-S-05,Snacks,19,0
2024-04-03,SKU-S-05,Snacks,523,1
2024-04-04,SKU-S-05,Snacks,59,0
2024-04-05,SKU-S-05,Snacks,501,1
2024-04-06,SKU-S-05,Snacks,64,0
2024-04-07,SKU-S-05,Snacks,175,1
2024-04-08,SKU-S-05,Snacks,26,0
2024-04-09,SKU-S-05,Snacks,104,0
2024-04-10,SKU-S-05,Snacks,45,0
2024-04-11,SKU-S-05,Snacks,67,0
2024-04-12,SKU-S-05,Snacks,63,0
2024-04-13,SKU-S-05,Snacks,119,0
2024-04-14,SKU-S-05,Snacks,70,1
2024-04-15,SKU-S-05,Snacks,80,0
2024-04-16,SKU-S-05,Snacks,33,0
2024-04-17,SKU-S-05,Snacks,81,1
2024-04-18,SKU-S-05,Snacks,119,0
2024-04-19,SKU-S-05,Snacks,39,0
2024-04-20,SKU-S-05,Snacks,51,0
2024-04-21,SKU-S-05,Snacks,73,0
2024-04-22,SKU-S-05,Snacks,132,0
2024-04-23,SKU-S-05,Snacks,186,1
2024-04-24,SKU-S-05,Snacks,46,0
2024-04-25,SKU-S-05,Snacks,42,0
2024-04-26,SKU-S-05,Snacks,123,0
2024-04-27,SKU-S-05,Snacks,51,0
2024-04-28,SKU-S-05,Snacks,39,0
2024-04-29,SKU-S-05,Snacks,278,1
2024-04-30,SKU-S-05,Snacks,49,0
2024-05-01,SKU-S-05,Snacks,29,0
2024-05-02,SKU-S-05,Snacks,50,0
2024-05-03,SKU-S-05,Snacks,29,0
2024-05-04,SKU-S-05,Snacks,66,0
2024-05-05,SKU-S-05,Snacks,200,0
2024-05-06,SKU-S-05,Snacks,91,0
2024-05-07,SKU-S-05,Snacks,77,0
2024-05-08,SKU-S-05,Snacks,51,0
2024-05-09,SKU-S-05,Snacks,81,0
2024-05-10,SKU-S-05,Snacks,87,0
2024-05-11,SKU-S-05,Snacks,44,0
2024-05-12,SKU-S-05,Snacks,84,0
2024-05-13,SKU-S-05,Snacks,84,0
2024-05-14,SKU-S-05,Snacks,23,0
2024-05-15,SKU-S-05,Snacks,117,0
2024-05-16,SKU-S-05,Snacks,22,0
2024-05-17,SKU-S-05,Snacks,156,0
2024-05-18,SKU-S-05,Snacks,91,0
2024-05-19,SKU-S-05,Snacks,174,0
2024-05-20,SKU-S-05,Snacks,120,0
2024-05-21,SKU-S-05,Snacks,53,0
2024-05-22,SKU-S-05,Snacks,42,0
2024-05-23,SKU-S-05,Snacks,114,0
2024-05-24,SKU-S-05,Snacks,115,0
2024-05-25,SKU-S-05,Snacks,67,0
2024-05-26,SKU-S-05,Snacks,70,0
2024-05-27,SKU-S-05,Snacks,69,0
2024-05-28,SKU-S-05,Snacks,346,1
2024-05-29,SKU-S-05,Snacks,45,0
2024-05-30,SKU-S-05,Snacks,121,0
2024-05-31,SKU-S-05,Snacks,63,0
2024-06-01,SKU-S-05,Snacks,128,0
2024-06-02,SKU-S-05,Snacks,97,0
2024-06-03,SKU-S-05,Snacks,69,0
2024-06-04,SKU-S-05,Snacks,43,0
2024-06-05,SKU-S-05,Snacks,41,0
2024-06-06,SKU-S-05,Snacks,92,0
2024-06-07,SKU-S-05,Snacks,38,0
2024-06-08,SKU-S-05,Snacks,86,0
2024-06-09,SKU-S-05,Snacks,94,0
2024-06-10,SKU-S-05,Snacks,86,0
2024-06-11,SKU-S-05,Snacks,74,0
2024-06-12,SKU-S-05,Snacks,28,0
2024-06-13,SKU-S-05,Snacks,135,0
2024-06-14,SKU-S-05,Snacks,68,0
2024-06-15,SKU-S-05,Snacks,73,0
2024-06-16,SKU-S-05,Snacks,121,0
2024-06-17,SKU-S-05,Snacks,9,0
2024-06-18,SKU-S-05,Snacks,53,0
2024-06-19,SKU-S-05,Snacks,95,0
2024-06-20,SKU-S-05,Snacks,42,0
2024-06-21,SKU-S-05,Snacks,81,1
2024-06-22,SKU-S-05,Snacks,344,1
2024-06-23,SKU-S-05,Snacks,86,0
2024-06-24,SKU-S-05,Snacks,103,0
2024-06-25,SKU-S-05,Snacks,57,0
2024-06-26,SKU-S-05,Snacks,97,0
2024-06-27,SKU-S-05,Snacks,148,1
2024-06-28,SKU-S-05,Snacks,93,0
2024-06-29,SKU-S-05,Snacks,79,0
2024-06-30,SKU-S-05,Snacks,188,0
2024-07-01,SKU-S-05,Snacks,113,1
2024-07-02,SKU-S-05,Snacks,48,0
2024-07-03,SKU-S-05,Snacks,27,0
2024-07-04,SKU-S-05,Snacks,47,0
2024-07-05,SKU-S-05,Snacks,60,0
2024-07-06,SKU-S-05,Snacks,48,0
2024-07-07,SKU-S-05,Snacks,301,1
2024-07-08,SKU-S-05,Snacks,24,0
2024-07-09,SKU-S-05,Snacks,64,1
2024-07-10,SKU-S-05,Snacks,88,0
2024-07-11,SKU-S-05,Snacks,29,0
2024-07-12,SKU-S-05,Snacks,84,0
2024-07-13,SKU-S-05,Snacks,60,0
2024-07-14,SKU-S-05,Snacks,103,0
2024-07-15,SKU-S-05,Snacks,45,0
2024-07-16,SKU-S-05,Snacks,31,0
2024-07-17,SKU-S-05,Snacks,102,0
2024-07-18,SKU-S-05,Snacks,165,1
2024-07-19,SKU-S-05,Snacks,68,0
2024-07-20,SKU-S-05,Snacks,96,1
2024-07-21,SKU-S-05,Snacks,45,0
2024-07-22,SKU-S-05,Snacks,20,0
2024-07-23,SKU-S-05,Snacks,52,0
2024-07-24,SKU-S-05,Snacks,207,1
2024-07-25,SKU-S-05,Snacks,85,0
2024-07-26,SKU-S-05,Snacks,145,0
2024-07-27,SKU-S-05,Snacks,48,0
2024-07-28,SKU-S-05,Snacks,28,0
2024-07-29,SKU-S-05,Snacks,103,0
2024-07-30,SKU-S-05,Snacks,97,1
2024-07-31,SKU-S-05,Snacks,31,0
2024-08-01,SKU-S-05,Snacks,49,0
2024-08-02,SKU-S-05,Snacks,102,0
2024-08-03,SKU-S-05,Snacks,95,0
2024-08-04,SKU-S-05,Snacks,90,0
2024-08-05,SKU-S-05,Snacks,23,0
2024-08-06,SKU-S-05,Snacks,96,0
2024-08-07,SKU-S-05,Snacks,82,0
2024-08-08,SKU-S-05,Snacks,56,0
2024-08-09,SKU-S-05,Snacks,96,0
2024-08-10,SKU-S-05,Snacks,352,1
2024-08-11,SKU-S-05,Snacks,97,0
2024-08-12,SKU-S-05,Snacks,56,0
2024-08-13,SKU-S-05,Snacks,43,0
2024-08-14,SKU-S-05,Snacks,167,1
2024-08-15,SKU-S-05,Snacks,133,1
2024-08-16,SKU-S-05,Snacks,56,0
2024-08-17,SKU-S-05,Snacks,60,0
2024-08-18,SKU-S-05,Snacks,87,0
2024-08-19,SKU-S-05,Snacks,77,0
2024-08-20,SKU-S-05,Snacks,28,0
2024-08-21,SKU-S-05,Snacks,50,0
2024-08-22,SKU-S-05,Snacks,29,0
2024-08-23,SKU-S-05,Snacks,47,0
2024-08-24,SKU-S-05,Snacks,59,0
2024-08-25,SKU-S-05,Snacks,132,0
2024-08-26,SKU-S-05,Snacks,53,0
2024-08-27,SKU-S-05,Snacks,48,0
2024-08-28,SKU-S-05,Snacks,81,1
2024-08-29,SKU-S-05,Snacks,44,0
2024-08-30,SKU-S-05,Snacks,66,1
2024-08-31,SKU-S-05,Snacks,82,0
2024-09-01,SKU-S-05,Snacks,48,0
2024-09-02,SKU-S-05,Snacks,95,0
2024-09-03,SKU-S-05,Snacks,66,0
2024-09-04,SKU-S-05,Snacks,89,0
2024-09-05,SKU-S-05,Snacks,36,0
2024-09-06,SKU-S-05,Snacks,139,0
2024-09-07,SKU-S-05,Snacks,98,0
2024-09-08,SKU-S-05,Snacks,39,0
2024-09-09,SKU-S-05,Snacks,47,0
2024-09-10,SKU-S-05,Snacks,59,0
2024-09-11,SKU-S-05,Snacks,75,0
2024-09-12,SKU-S-05,Snacks,45,0
2024-09-13,SKU-S-05,Snacks,52,0
2024-09-14,SKU-S-05,Snacks,108,0
2024-09-15,SKU-S-05,Snacks,66,0
2024-09-16,SKU-S-05,Snacks,7,0
2024-09-17,SKU-S-05,Snacks,74,0
2024-09-18,SKU-S-05,Snacks,46,0
2024-09-19,SKU-S-05,Snacks,68,0
2024-09-20,SKU-S-05,Snacks,92,0
2024-09-21,SKU-S-05,Snacks,64,0
2024-09-22,SKU-S-05,Snacks,53,0
2024-09-23,SKU-S-05,Snacks,46,0
2024-09-24,SKU-S-05,Snacks,24,0
2024-09-25,SKU-S-05,Snacks,64,0
2024-09-26,SKU-S-05,Snacks,70,0
2024-09-27,SKU-S-05,Snacks,59,0
2024-09-28,SKU-S-05,Snacks,62,0
2024-09-29,SKU-S-05,Snacks,136,0
2024-09-30,SKU-S-05,Snacks,131,0
2024-10-01,SKU-S-05,Snacks,25,0
2024-10-02,SKU-S-05,Snacks,56,0
2024-10-03,SKU-S-05,Snacks,130,1
2024-10-04,SKU-S-05,Snacks,71,0
2024-10-05,SKU-S-05,Snacks,179,1
2024-10-06,SKU-S-05,Snacks,46,0
2024-10-07,SKU-S-05,Snacks,120,1
2024-10-08,SKU-S-05,Snacks,44,0
2024-10-09,SKU-S-05,Snacks,65,0
2024-10-10,SKU-S-05,Snacks,122,1
2024-10-11,SKU-S-05,Snacks,61,0
2024-10-12,SKU-S-05,Snacks,83,0
2024-10-13,SKU-S-05,Snacks,172,1
2024-10-14,SKU-S-05,Snacks,289,1
2024-10-15,SKU-S-05,Snacks,53,0
2024-10-16,SKU-S-05,Snacks,358,1
2024-10-17,SKU-S-05,Snacks,102,1
2024-10-18,SKU-S-05,Snacks,92,0
2024-10-19,SKU-S-05,Snacks,70,0
2024-10-20,SKU-S-05,Snacks,37,0
2024-10-21,SKU-S-05,Snacks,28,1
2024-10-22,SKU-S-05,Snacks,51,0
2024-10-23,SKU-S-05,Snacks,76,1
2024-10-24,SKU-S-05,Snacks,70,0
2024-10-25,SKU-S-05,Snacks,222,1
2024-10-26,SKU-S-05,Snacks,71,0
2024-10-27,SKU-S-05,Snacks,71,0
2024-10-28,SKU-S-05,Snacks,292,1
2024-10-29,SKU-S-05,Snacks,21,0
2024-10-30,SKU-S-05,Snacks,54,0
2024-10-31,SKU-S-05,Snacks,62,1
2024-11-01,SKU-S-05,Snacks,65,0
2024-11-02,SKU-S-05,Snacks,75,0
2024-11-03,SKU-S-05,Snacks,358,1
2024-11-04,SKU-S-05,Snacks,223,1
2024-11-05,SKU-S-05,Snacks,51,0
2024-11-06,SKU-S-05,Snacks,40,0
2024-11-07,SKU-S-05,Snacks,16,0
2024-11-08,SKU-S-05,Snacks,11,0
2024-11-09,SKU-S-05,Snacks,47,0
2024-11-10,SKU-S-05,Snacks,135,0
2024-11-11,SKU-S-05,Snacks,72,0
2024-11-12,SKU-S-05,Snacks,25,0
2024-11-13,SKU-S-05,Snacks,43,0
2024-11-14,SKU-S-05,Snacks,57,0
2024-11-15,SKU-S-05,Snacks,125,0
2024-11-16,SKU-S-05,Snacks,126,0
2024-11-17,SKU-S-05,Snacks,35,0
2024-11-18,SKU-S-05,Snacks,105,0
2024-11-19,SKU-S-05,Snacks,30,0
2024-11-20,SKU-S-05,Snacks,22,0
2024-11-21,SKU-S-05,Snacks,20,0
2024-11-22,SKU-S-05,Snacks,52,0
2024-11-23,SKU-S-05,Snacks,130,0
2024-11-24,SKU-S-05,Snacks,105,0
2024-11-25,SKU-S-05,Snacks,154,1
2024-11-26,SKU-S-05,Snacks,62,0
2024-11-27,SKU-S-05,Snacks,45,0
2024-11-28,SKU-S-05,Snacks,54,1
2024-11-29,SKU-S-05,Snacks,54,0
2024-11-30,SKU-S-05,Snacks,129,0
2024-12-01,SKU-S-05,Snacks,89,0
2024-12-02,SKU-S-05,Snacks,21,0
2024-12-03,SKU-S-05,Snacks,105,0
2024-12-04,SKU-S-05,Snacks,70,1
2024-12-05,SKU-S-05,Snacks,77,0
2024-12-06,SKU-S-05,Snacks,60,0
2024-12-07,SKU-S-05,Snacks,196,1
2024-12-08,SKU-S-05,Snacks,110,0
2024-12-09,SKU-S-05,Snacks,14,0
2024-12-10,SKU-S-05,Snacks,72,0
2024-12-11,SKU-S-05,Snacks,133,0
2024-12-12,SKU-S-05,Snacks,110,0
2024-12-13,SKU-S-05,Snacks,164,0
2024-12-14,SKU-S-05,Snacks,98,0
2024-12-15,SKU-S-05,Snacks,121,0
2024-12-16,SKU-S-05,Snacks,181,0
2024-12-17,SKU-S-05,Snacks,47,0
2024-12-18,SKU-S-05,Snacks,48,0
2024-12-19,SKU-S-05,Snacks,90,0
2024-12-20,SKU-S-05,Snacks,104,1
2024-12-21,SKU-S-05,Snacks,57,0
2024-12-22,SKU-S-05,Snacks,61,0
2024-12-23,SKU-S-05,Snacks,78,0
2024-12-24,SKU-S-05,Snacks,18,0
2024-12-25,SKU-S-05,Snacks,213,0
2024-12-26,SKU-S-05,Snacks,30,0
2024-12-27,SKU-S-05,Snacks,84,1
2024-12-28,SKU-S-05,Snacks,201,1
2024-12-29,SKU-S-05,Snacks,32,0
2024-12-30,SKU-S-05,Snacks,34,0
2024-12-31,SKU-S-05,Snacks,38,0
2025-01-01,SKU-S-05,Snacks,30,0
2025-01-02,SKU-S-05,Snacks,52,0
2025-01-03,SKU-S-05,Snacks,269,1
2025-01-04,SKU-S-05,Snacks,125,0
2025-01-05,SKU-S-05,Snacks,78,0
2025-01-06,SKU-S-05,Snacks,27,0
2025-01-07,SKU-S-05,Snacks,81,1
2025-01-08,SKU-S-05,Snacks,142,1
2025-01-09,SKU-S-05,Snacks,170,0
2025-01-10,SKU-S-05,Snacks,44,0
2025-01-11,SKU-S-05,Snacks,98,0
2025-01-12,SKU-S-05,Snacks,206,1
2025-01-13,SKU-S-05,Snacks,94,0
2025-01-14,SKU-S-05,Snacks,108,0
2025-01-15,SKU-S-05,Snacks,85,0
2025-01-16,SKU-S-05,Snacks,31,0
2025-01-17,SKU-S-05,Snacks,209,1
2025-01-18,SKU-S-05,Snacks,73,0
2025-01-19,SKU-S-05,Snacks,86,0
2025-01-20,SKU-S-05,Snacks,58,0
2025-01-21,SKU-S-05,Snacks,63,0
2025-01-22,SKU-S-05,Snacks,40,0
2025-01-23,SKU-S-05,Snacks,124,0
2025-01-24,SKU-S-05,Snacks,152,0
2025-01-25,SKU-S-05,Snacks,189,0
2025-01-26,SKU-S-05,Snacks,186,0
2025-01-27,SKU-S-05,Snacks,42,0
2025-01-28,SKU-S-05,Snacks,20,0
2025-01-29,SKU-S-05,Snacks,70,1
2025-01-30,SKU-S-05,Snacks,31,0
2025-01-31,SKU-S-05,Snacks,28,0
2025-02-01,SKU-S-05,Snacks,43,0
2025-02-02,SKU-S-05,Snacks,81,0
2025-02-03,SKU-S-05,Snacks,95,0
2025-02-04,SKU-S-05,Snacks,59,0
2025-02-05,SKU-S-05,Snacks,133,1
2025-02-06,SKU-S-05,Snacks,74,0
2025-02-07,SKU-S-05,Snacks,24,0
2025-02-08,SKU-S-05,Snacks,120,0
2025-02-09,SKU-S-05,Snacks,82,0
2025-02-10,SKU-S-05,Snacks,9,0
2025-02-11,SKU-S-05,Snacks,54,0
2025-02-12,SKU-S-05,Snacks,53,0
2025-02-13,SKU-S-05,Snacks,85,0
2025-02-14,SKU-S-05,Snacks,33,0
2025-02-15,SKU-S-05,Snacks,154,0
2025-02-16,SKU-S-05,Snacks,58,0
2025-02-17,SKU-S-05,Snacks,87,1
2025-02-18,SKU-S-05,Snacks,23,0
2025-02-19,SKU-S-05,Snacks,24,0
2025-02-20,SKU-S-05,Snacks,31,0
2025-02-21,SKU-S-05,Snacks,52,0
2025-02-22,SKU-S-05,Snacks,179,0
2025-02-23,SKU-S-05,Snacks,141,0
2025-02-24,SKU-S-05,Snacks,41,0
2025-02-25,SKU-S-05,Snacks,69,0
2025-02-26,SKU-S-05,Snacks,17,0
2025-02-27,SKU-S-05,Snacks,43,0
2025-02-28,SKU-S-05,Snacks,82,0
2025-03-01,SKU-S-05,Snacks,143,0
2025-03-02,SKU-S-05,Snacks,129,0
2025-03-03,SKU-S-05,Snacks,39,0
2025-03-04,SKU-S-05,Snacks,35,0
2025-03-05,SKU-S-05,Snacks,45,0
2025-03-06,SKU-S-05,Snacks,39,0
2025-03-07,SKU-S-05,Snacks,111,0
2025-03-08,SKU-S-05,Snacks,66,0
2025-03-09,SKU-S-05,Snacks,243,1
2025-03-10,SKU-S-05,Snacks,10,0
2025-03-11,SKU-S-05,Snacks,50,0
2025-03-12,SKU-S-05,Snacks,93,1
2025-03-13,SKU-S-05,Snacks,52,0
2025-03-14,SKU-S-05,Snacks,34,0
2025-03-15,SKU-S-05,Snacks,52,0
2025-03-16,SKU-S-05,Snacks,68,0
2025-03-17,SKU-S-05,Snacks,39,0
2025-03-18,SKU-S-05,Snacks,15,0
2025-03-19,SKU-S-05,Snacks,25,0
2025-03-20,SKU-S-05,Snacks,21,0
2025-03-21,SKU-S-05,Snacks,62,0
2025-03-22,SKU-S-05,Snacks,64,0
2025-03-23,SKU-S-05,Snacks,124,0
2025-03-24,SKU-S-05,Snacks,252,1
2025-03-25,SKU-S-05,Snacks,47,0
2025-03-26,SKU-S-05,Snacks,114,0
2025-03-27,SKU-S-05,Snacks,33,0
2025-03-28,SKU-S-05,Snacks,53,0
2025-03-29,SKU-S-05,Snacks,53,0
2025-03-30,SKU-S-05,Snacks,58,0
2025-03-31,SKU-S-05,Snacks,40,0
2025-04-01,SKU-S-05,Snacks,199,1
2025-04-02,SKU-S-05,Snacks,50,0
2025-04-03,SKU-S-05,Snacks,82,0
2025-04-04,SKU-S-05,Snacks,75,0
2025-04-05,SKU-S-05,Snacks,254,1
2025-04-06,SKU-S-05,Snacks,78,0
2025-04-07,SKU-S-05,Snacks,14,0
2025-04-08,SKU-S-05,Snacks,66,0
2025-04-09,SKU-S-05,Snacks,129,0
2025-04-10,SKU-S-05,Snacks,17,0
2025-04-11,SKU-S-05,Snacks,36,0
2025-04-12,SKU-S-05,Snacks,132,0
2025-04-13,SKU-S-05,Snacks,26,0
2025-04-14,SKU-S-05,Snacks,51,0
2025-04-15,SKU-S-05,Snacks,10,0
2025-04-16,SKU-S-05,Snacks,61,0
2025-04-17,SKU-S-05,Snacks,27,0
2025-04-18,SKU-S-05,Snacks,97,0
2025-04-19,SKU-S-05,Snacks,76,0
2025-04-20,SKU-S-05,Snacks,151,0
2025-04-21,SKU-S-05,Snacks,54,0
2025-04-22,SKU-S-05,Snacks,101,0
2025-04-23,SKU-S-05,Snacks,68,0
2025-04-24,SKU-S-05,Snacks,45,0
2025-04-25,SKU-S-05,Snacks,59,0
2025-04-26,SKU-S-05,Snacks,98,0
2025-04-27,SKU-S-05,Snacks,23,0
2025-04-28,SKU-S-05,Snacks,43,0
2025-04-29,SKU-S-05,Snacks,58,0
2025-04-30,SKU-S-05,Snacks,90,1
2025-05-01,SKU-S-05,Snacks,40,0
2025-05-02,SKU-S-05,Snacks,43,0
2025-05-03,SKU-S-05,Snacks,54,0
2025-05-04,SKU-S-05,Snacks,24,0
2025-05-05,SKU-S-05,Snacks,34,0
2025-05-06,SKU-S-05,Snacks,36,0
2025-05-07,SKU-S-05,Snacks,29,0
2025-05-08,SKU-S-05,Snacks,24,0
2025-05-09,SKU-S-05,Snacks,31,0
2025-05-10,SKU-S-05,Snacks,234,1
2025-05-11,SKU-S-05,Snacks,59,0
2025-05-12,SKU-S-05,Snacks,35,0
2025-05-13,SKU-S-05,Snacks,49,0
2025-05-14,SKU-S-05,Snacks,46,0
2025-05-15,SKU-S-05,Snacks,54,0
2025-05-16,SKU-S-05,Snacks,54,0
2025-05-17,SKU-S-05,Snacks,133,0
2025-05-18,SKU-S-05,Snacks,66,0
2025-05-19,SKU-S-05,Snacks,47,0
2025-05-20,SKU-S-05,Snacks,20,0
2025-05-21,SKU-S-05,Snacks,51,0
2025-05-22,SKU-S-05,Snacks,48,0
2025-05-23,SKU-S-05,Snacks,38,0
2025-05-24,SKU-S-05,Snacks,91,0
2025-05-25,SKU-S-05,Snacks,121,0
2025-05-26,SKU-S-05,Snacks,58,0
2025-05-27,SKU-S-05,Snacks,85,0
2025-05-28,SKU-S-05,Snacks,106,1
2025-05-29,SKU-S-05,Snacks,85,0
2025-05-30,SKU-S-05,Snacks,26,0
2025-05-31,SKU-S-05,Snacks,150,1
2025-06-01,SKU-S-05,Snacks,93,0
2025-06-02,SKU-S-05,Snacks,16,0
2025-06-03,SKU-S-05,Snacks,18,0
2025-06-04,SKU-S-05,Snacks,27,0
2025-06-05,SKU-S-05,Snacks,21,0
2025-06-06,SKU-S-05,Snacks,14,0
2025-06-07,SKU-S-05,Snacks,81,0
2025-06-08,SKU-S-05,Snacks,80,0
2025-06-09,SKU-S-05,Snacks,31,0
2025-06-10,SKU-S-05,Snacks,36,0
2025-06-11,SKU-S-05,Snacks,22,0
2025-06-12,SKU-S-05,Snacks,34,0
2025-06-13,SKU-S-05,Snacks,50,0
2025-06-14,SKU-S-05,Snacks,166,0
2025-06-15,SKU-S-05,Snacks,88,0
2025-06-16,SKU-S-05,Snacks,31,0
2025-06-17,SKU-S-05,Snacks,9,0
2025-06-18,SKU-S-05,Snacks,66,0
2025-06-19,SKU-S-05,Snacks,51,0
2025-06-20,SKU-S-05,Snacks,149,0
2025-06-21,SKU-S-05,Snacks,55,0
2025-06-22,SKU-S-05,Snacks,42,0
2025-06-23,SKU-S-05,Snacks,98,0
2025-06-24,SKU-S-05,Snacks,78,1
2025-06-25,SKU-S-05,Snacks,105,0
2025-06-26,SKU-S-05,Snacks,23,0
2025-06-27,SKU-S-05,Snacks,40,0
2025-06-28,SKU-S-05,Snacks,91,0
2025-06-29,SKU-S-05,Snacks,101,0
2025-06-30,SKU-S-05,Snacks,65,0
2025-07-01,SKU-S-05,Snacks,58,0
